SeniorCitizen,tenure,MonthlyCharges,EstimatedTotalSpend,NumActiveServices,AvgMonthlyChargePerService,gender_Male,Dependents_Yes,PhoneService_Yes,MultipleLines_Yes,InternetService_Fiber optic,Contract_One year,Contract_Two year,TenureGroup_Established,TenureGroup_Loyal,TenureGroup_Veteran,Churn
0,1,25,25,1,12.5,0,0,0,0,0,0,0,0,0,0,1
0,41,25,1025,2,8.333333333333334,1,0,1,0,0,1,0,0,1,0,0
0,52,19,988,2,6.333333333333333,0,1,1,0,0,0,0,0,0,1,0
0,1,76,76,2,25.333333333333332,0,0,1,0,0,1,0,0,0,0,1
0,67,51,3417,2,17.0,1,0,1,0,1,0,0,0,0,1,0
1,68,90,6120,3,22.5,0,0,1,1,1,0,0,0,0,1,1
0,23,77,1771,3,19.25,0,1,1,1,1,0,0,1,0,0,0
0,72,72,5184,2,24.0,1,1,1,0,0,0,0,0,0,1,0
0,70,104,7280,3,26.0,1,0,1,1,1,0,0,0,0,1,1
0,1,19,19,2,6.333333333333333,1,0,1,0,0,1,0,0,0,0,1
0,1,20,20,2,6.666666666666667,1,0,1,0,0,0,0,0,0,0,0
0,34,84,2856,2,28.0,1,1,1,0,0,0,1,0,1,0,0
1,28,51,1428,3,12.75,1,1,1,1,1,1,0,0,1,0,0
1,18,85,1530,3,21.25,0,0,1,1,1,0,0,1,0,0,1
0,15,20,300,2,6.666666666666667,0,0,1,0,1,0,0,1,0,0,0
1,11,95,1045,3,23.75,0,0,1,1,1,0,1,0,0,0,1
0,11,54,594,2,18.0,1,0,1,0,0,1,0,0,0,0,1
0,1,70,70,3,17.5,1,1,1,1,1,0,1,0,0,0,1
0,37,89,3293,2,29.666666666666668,0,1,1,0,0,0,0,0,1,0,0
0,22,89,1958,2,29.666666666666668,1,1,1,0,1,0,0,1,0,0,1
0,1,70,70,2,23.333333333333332,0,0,1,0,0,0,0,0,0,0,0
0,1,19,19,2,6.333333333333333,0,1,1,0,0,1,0,0,0,0,0
0,46,80,3680,2,26.666666666666668,1,1,1,0,0,0,0,0,1,0,0
0,51,107,5457,3,26.75,0,0,1,1,0,0,1,0,0,1,0
0,41,104,4264,2,34.666666666666664,0,0,1,0,0,0,0,0,1,0,0
0,5,68,340,2,22.666666666666668,0,0,1,0,0,0,0,0,0,0,1
0,45,89,4005,3,22.25,0,0,1,1,1,0,0,0,1,0,1
0,29,60,1740,2,20.0,1,1,1,0,0,0,0,0,1,0,0
1,15,92,1380,3,23.0,0,0,1,1,0,0,1,1,0,0,0
0,72,64,4608,1,32.0,1,0,0,0,0,0,0,0,0,1,0
0,50,104,5200,3,26.0,1,0,1,1,1,0,1,0,0,1,0
0,27,21,567,2,7.0,1,1,1,0,1,0,0,0,1,0,0
0,72,85,6120,2,28.333333333333332,1,0,1,0,0,1,0,0,0,1,0
0,51,70,3570,2,23.333333333333332,0,1,1,0,0,0,0,0,0,1,0
0,60,94,5640,2,31.333333333333332,0,0,1,0,0,0,0,0,0,1,0
0,17,19,323,3,4.75,1,0,1,1,1,0,1,1,0,0,0
0,72,21,1512,2,7.0,0,0,1,0,1,0,0,0,0,1,0
0,33,104,3432,2,34.666666666666664,0,0,1,0,1,0,0,0,1,0,1
1,66,105,6930,3,26.25,0,1,1,1,1,0,0,0,0,1,0
0,69,104,7176,3,26.0,0,1,1,1,1,0,0,0,0,1,1
0,5,70,350,2,23.333333333333332,1,0,1,0,0,1,0,0,0,0,1
0,57,101,5757,3,25.25,0,0,1,1,0,0,1,0,0,1,0
1,8,76,608,2,25.333333333333332,0,0,1,0,0,1,0,0,0,0,1
0,14,51,714,3,12.75,0,0,1,1,0,0,1,1,0,0,0
0,25,95,2375,3,23.75,1,0,1,1,0,0,0,0,1,0,1
0,52,20,1040,3,5.0,0,1,1,1,1,0,0,0,0,1,0
1,7,76,532,2,25.333333333333332,0,0,1,0,0,0,0,0,0,0,1
0,13,80,1040,2,26.666666666666668,1,0,1,0,1,0,0,1,0,0,1
1,15,90,1350,3,22.5,0,0,1,1,0,0,1,1,0,0,1
0,22,55,1210,3,13.75,1,0,1,1,0,0,1,1,0,0,1
0,19,20,380,3,5.0,0,0,1,1,1,0,0,1,0,0,0
0,23,30,690,1,15.0,1,1,0,0,1,0,0,1,0,0,0
0,72,114,8208,3,28.5,0,0,1,1,0,0,0,0,0,1,0
1,72,98,7056,3,24.5,1,0,1,1,1,0,0,0,0,1,0
0,59,97,5723,2,32.333333333333336,0,1,1,0,0,1,0,0,0,1,0
0,70,75,5250,3,18.75,0,1,1,1,1,0,0,0,0,1,0
0,70,101,7070,3,25.25,1,1,1,1,1,1,0,0,0,1,0
0,9,103,927,3,25.75,1,1,1,1,1,1,0,0,0,0,0
0,3,25,75,3,6.25,0,0,1,1,0,0,1,0,0,0,0
1,17,102,1734,3,25.5,1,0,1,1,1,0,1,1,0,0,0
0,28,70,1960,3,17.5,0,1,1,1,1,0,0,0,1,0,0
0,10,54,540,3,13.5,0,0,1,1,1,0,0,0,0,0,0
0,11,21,231,2,7.0,1,1,1,0,0,0,1,0,0,0,0
1,72,103,7416,2,34.333333333333336,1,0,1,0,0,1,0,0,0,1,0
0,8,70,560,3,17.5,1,0,1,1,1,0,0,0,0,0,1
1,69,20,1380,2,6.666666666666667,1,0,1,0,0,0,0,0,0,1,0
0,39,20,780,3,5.0,0,1,1,1,1,1,0,0,1,0,0
0,67,51,3417,1,25.5,1,1,0,0,0,0,1,0,0,1,0
0,39,20,780,2,6.666666666666667,1,0,1,0,0,0,1,0,1,0,0
0,54,66,3564,2,22.0,1,1,1,0,1,0,0,0,0,1,0
0,1,74,74,2,24.666666666666668,0,0,1,0,0,0,0,0,0,0,1
0,72,60,4320,1,30.0,0,1,0,0,0,1,0,0,0,1,0
0,10,99,990,3,24.75,1,0,1,1,1,0,1,0,0,0,1
0,13,97,1261,3,24.25,1,1,1,1,0,0,1,1,0,0,1
0,35,99,3465,2,33.0,0,0,1,0,0,0,0,0,1,0,0
0,12,36,432,2,12.0,1,1,0,1,1,1,0,0,0,0,0
0,31,91,2821,2,30.333333333333332,1,0,1,0,0,1,0,0,1,0,0
0,53,108,5724,2,36.0,0,1,1,0,0,0,0,0,0,1,0
0,30,20,600,3,5.0,1,0,1,1,0,1,0,0,1,0,0
0,46,75,3450,2,25.0,0,0,1,0,1,0,0,0,1,0,0
0,19,90,1710,2,30.0,0,0,1,0,0,0,0,1,0,0,1
0,23,54,1242,2,18.0,0,0,1,0,1,0,0,1,0,0,0
1,15,55,825,2,18.333333333333332,0,0,1,0,1,0,0,1,0,0,1
0,48,20,960,2,6.666666666666667,1,0,1,0,0,0,1,0,1,0,0
0,25,96,2400,3,24.0,1,1,1,1,1,0,0,0,1,0,1
0,52,105,5460,2,35.0,1,0,1,0,0,1,0,0,0,1,1
0,12,82,984,2,27.333333333333332,1,0,1,0,0,0,1,0,0,0,1
0,48,25,1200,2,8.333333333333334,0,0,1,0,0,0,1,0,1,0,0
0,38,20,760,2,6.666666666666667,0,0,1,0,0,0,0,0,1,0,0
0,18,35,630,1,17.5,0,0,0,0,1,0,0,1,0,0,0
0,45,50,2250,2,16.666666666666668,0,0,1,0,1,0,0,0,1,0,0
0,12,90,1080,3,22.5,1,0,1,1,0,0,1,0,0,0,0
1,66,102,6732,3,25.5,0,0,1,1,1,0,0,0,0,1,0
0,72,20,1440,3,5.0,0,0,1,1,1,0,1,0,0,1,0
0,70,45,3150,2,15.0,0,0,0,1,1,0,0,0,0,1,0
0,27,90,2430,3,22.5,0,0,1,1,0,1,0,0,1,0,0
1,13,95,1235,2,31.666666666666668,1,0,1,0,0,0,1,1,0,0,1
0,65,90,5850,2,30.0,0,1,1,0,1,0,0,0,0,1,0
0,14,70,980,2,23.333333333333332,0,1,1,0,0,0,0,1,0,0,0
0,17,85,1445,2,28.333333333333332,0,1,1,0,0,0,0,1,0,0,1
0,31,21,651,3,5.25,0,0,1,1,1,1,0,0,1,0,0
0,24,24,576,2,8.0,1,1,1,0,0,1,0,1,0,0,0
0,3,20,60,3,5.0,0,0,1,1,1,0,1,0,0,0,0
0,17,77,1309,2,25.666666666666668,1,0,1,0,0,0,0,1,0,0,1
0,66,69,4554,3,17.25,1,0,1,1,1,1,0,0,0,1,0
0,45,53,2385,2,17.666666666666668,1,0,1,0,0,1,0,0,1,0,0
0,35,92,3220,3,23.0,1,0,1,1,1,1,0,0,1,0,0
0,40,40,1600,1,20.0,1,1,0,0,0,0,1,0,1,0,0
0,10,85,850,3,21.25,0,0,1,1,1,0,0,0,0,0,1
0,52,64,3328,2,21.333333333333332,0,0,1,0,0,1,0,0,0,1,0
0,13,19,247,2,6.333333333333333,0,0,1,0,1,0,0,1,0,0,0
1,43,90,3870,3,22.5,0,0,1,1,1,0,0,0,1,0,0
0,41,20,820,2,6.666666666666667,0,0,1,0,0,0,1,0,1,0,0
1,52,50,2600,1,25.0,0,0,0,0,1,0,0,0,0,1,0
0,71,93,6603,2,31.0,0,0,1,0,0,0,1,0,0,1,0
0,61,106,6466,3,26.5,1,0,1,1,1,0,0,0,0,1,0
0,26,44,1144,1,22.0,0,0,0,0,0,0,1,0,1,0,0
0,72,68,4896,3,17.0,1,1,1,1,1,0,0,0,0,1,0
0,42,78,3276,3,19.5,0,0,1,1,1,1,0,0,1,0,0
0,57,65,3705,2,21.666666666666668,0,1,1,0,0,0,0,0,0,1,0
0,9,20,180,3,5.0,1,1,1,1,1,0,0,0,0,0,0
0,9,71,639,2,23.666666666666668,0,0,1,0,0,0,0,0,0,0,1
0,33,45,1485,2,15.0,1,0,1,0,0,0,0,0,1,0,0
0,1,19,19,2,6.333333333333333,1,0,1,0,1,0,1,0,0,0,0
0,7,79,553,3,19.75,0,0,1,1,1,0,0,0,0,0,1
0,1,72,72,3,18.0,1,0,1,1,0,0,1,0,0,0,1
0,65,20,1300,2,6.666666666666667,1,1,1,0,0,0,0,0,0,1,0
0,10,86,860,2,28.666666666666668,1,0,1,0,0,1,0,0,0,0,1
0,70,95,6650,3,23.75,1,0,1,1,1,0,0,0,0,1,0
0,29,99,2871,2,33.0,0,0,1,0,0,0,0,0,1,0,1
0,21,104,2184,2,34.666666666666664,1,1,1,0,0,0,1,1,0,0,1
0,1,91,91,2,30.333333333333332,1,0,1,0,0,0,0,0,0,0,1
0,5,20,100,2,6.666666666666667,1,0,1,0,0,0,0,0,0,0,0
0,56,90,5040,3,22.5,1,0,1,1,0,0,1,0,0,1,0
0,35,85,2975,2,28.333333333333332,1,1,1,0,1,0,0,0,1,0,1
0,10,20,200,2,6.666666666666667,1,1,1,0,0,0,1,0,0,0,0
0,31,50,1550,1,25.0,0,0,0,0,0,0,1,0,1,0,0
1,37,86,3182,2,28.666666666666668,1,0,1,0,1,0,0,0,1,0,1
1,57,95,5415,3,23.75,1,0,1,1,0,0,1,0,0,1,1
0,34,26,884,3,6.5,0,1,1,1,0,0,0,0,1,0,0
0,3,99,297,3,24.75,0,0,1,1,1,0,1,0,0,0,1
0,4,83,332,3,20.75,0,0,1,1,1,1,0,0,0,0,0
0,54,20,1080,3,5.0,0,0,1,1,0,0,1,0,0,1,0
0,6,20,120,3,5.0,1,1,1,1,1,0,1,0,0,0,0
0,22,60,1320,2,20.0,1,0,1,0,0,1,0,1,0,0,0
0,23,97,2231,2,32.333333333333336,1,0,1,0,0,0,0,1,0,0,0
0,68,58,3944,2,19.333333333333332,0,0,1,0,0,1,0,0,0,1,0
0,48,20,960,2,6.666666666666667,0,1,1,0,0,0,0,0,1,0,0
0,34,21,714,2,7.0,1,1,1,0,0,0,0,0,1,0,0
0,41,80,3280,3,20.0,0,0,1,1,1,0,0,0,1,0,0
0,9,76,684,3,19.0,1,0,1,1,1,1,0,0,0,0,0
1,18,104,1872,2,34.666666666666664,0,0,1,0,0,0,1,1,0,0,0
0,35,96,3360,2,32.0,1,0,1,0,0,0,0,0,1,0,0
0,55,79,4345,2,26.333333333333332,1,1,1,0,1,0,0,0,0,1,0
0,54,108,5832,3,27.0,1,0,1,1,1,0,0,0,0,1,0
1,2,79,158,2,26.333333333333332,0,0,1,0,0,1,0,0,0,0,1
0,52,106,5512,2,35.333333333333336,1,0,1,0,0,0,1,0,0,1,0
0,72,70,5040,3,17.5,1,0,1,1,0,0,1,0,0,1,0
0,9,70,630,2,23.333333333333332,1,0,1,0,0,0,0,0,0,0,0
0,3,70,210,3,17.5,0,1,1,1,1,0,0,0,0,0,0
1,4,75,300,2,25.0,1,0,1,0,1,0,0,0,0,0,0
0,69,76,5244,3,19.0,1,1,1,1,0,0,1,0,0,1,0
0,67,36,2412,1,18.0,0,1,0,0,0,1,0,0,0,1,0
0,4,80,320,2,26.666666666666668,1,0,1,0,0,0,1,0,0,0,1
0,13,46,598,1,23.0,1,0,0,0,1,0,0,1,0,0,1
0,45,81,3645,3,20.25,0,1,1,1,0,0,1,0,1,0,0
0,68,101,6868,2,33.666666666666664,1,0,1,0,0,0,0,0,0,1,0
0,69,74,5106,2,24.666666666666668,0,1,1,0,0,0,0,0,0,1,0
0,70,58,4060,1,29.0,0,0,0,0,1,1,0,0,0,1,0
0,1,20,20,3,5.0,0,0,1,1,1,0,0,0,0,0,1
0,45,26,1170,2,8.666666666666666,0,1,1,0,0,0,1,0,1,0,0
0,37,20,740,2,6.666666666666667,0,1,1,0,1,1,0,0,1,0,0
0,10,40,400,1,20.0,0,1,0,0,0,1,0,0,0,0,0
0,1,89,89,3,22.25,0,1,1,1,0,0,0,0,0,0,0
0,29,69,2001,3,17.25,1,1,1,1,1,0,0,0,1,0,0
1,72,104,7488,2,34.666666666666664,1,1,1,0,1,0,0,0,0,1,0
0,2,76,152,3,19.0,0,0,1,1,1,0,0,0,0,0,1
0,24,54,1296,2,18.0,1,0,1,0,0,1,0,1,0,0,0
0,4,79,316,2,26.333333333333332,0,0,1,0,0,0,0,0,0,0,1
0,72,19,1368,2,6.333333333333333,1,0,1,0,0,0,0,0,0,1,0
0,11,79,869,3,19.75,0,0,1,1,1,0,0,0,0,0,0
0,44,20,880,2,6.666666666666667,0,1,1,0,0,1,0,0,1,0,0
0,62,20,1240,2,6.666666666666667,1,1,1,0,1,0,0,0,0,1,0
0,70,25,1750,2,8.333333333333334,1,1,1,0,0,0,0,0,0,1,0
1,1,25,25,1,12.5,0,0,0,0,0,0,0,0,0,0,1
0,4,106,424,2,35.333333333333336,0,0,1,0,0,0,0,0,0,0,1
1,2,86,172,2,28.666666666666668,0,0,1,0,0,1,0,0,0,0,1
0,41,56,2296,3,14.0,0,0,1,1,0,0,0,0,1,0,0
1,1,19,19,3,4.75,0,0,1,1,0,1,0,0,0,0,1
1,72,84,6048,2,28.0,1,0,1,0,1,0,0,0,0,1,0
0,63,109,6867,2,36.333333333333336,0,0,1,0,0,0,1,0,0,1,0
0,68,80,5440,3,20.0,1,0,1,1,1,0,1,0,0,1,0
1,59,100,5900,2,33.333333333333336,0,0,1,0,0,0,1,0,0,1,0
1,52,49,2548,1,24.5,1,0,0,0,1,0,0,0,0,1,0
1,26,106,2756,3,26.5,1,1,1,1,0,0,1,0,1,0,1
0,66,57,3762,2,19.0,1,0,0,1,1,0,0,0,0,1,0
1,56,96,5376,3,24.0,0,0,1,1,1,0,1,0,0,1,0
0,72,79,5688,2,26.333333333333332,0,0,1,0,0,0,0,0,0,1,0
1,2,70,140,2,23.333333333333332,1,0,1,0,1,1,0,0,0,0,0
0,68,117,7956,2,39.0,1,0,1,0,1,0,0,0,0,1,0
0,61,85,5185,3,21.25,1,1,1,1,1,0,1,0,0,1,0
0,1,20,20,2,6.666666666666667,1,0,1,0,1,0,0,0,0,0,0
0,2,20,40,2,6.666666666666667,1,0,1,0,1,0,0,0,0,0,0
0,2,20,40,2,6.666666666666667,0,0,1,0,1,1,0,0,0,0,1
1,68,85,5780,2,28.333333333333332,1,1,1,0,0,0,1,0,0,1,0
0,9,68,612,2,22.666666666666668,1,0,1,0,1,0,0,0,0,0,0
0,13,83,1079,2,27.666666666666668,1,0,1,0,1,0,0,1,0,0,1
0,22,20,440,2,6.666666666666667,0,0,1,0,1,1,0,1,0,0,0
0,66,25,1650,2,8.333333333333334,1,1,1,0,0,0,0,0,0,1,0
0,8,20,160,2,6.666666666666667,1,1,1,0,0,0,0,0,0,0,0
0,2,70,140,2,23.333333333333332,1,1,1,0,0,0,1,0,0,0,0
0,3,56,168,2,18.666666666666668,1,0,1,0,0,1,0,0,0,0,0
0,5,92,460,3,23.0,1,0,1,1,1,0,0,0,0,0,1
0,13,20,260,2,6.666666666666667,1,0,1,0,0,0,0,1,0,0,0
0,53,65,3445,2,21.666666666666668,1,1,1,0,0,0,1,0,0,1,0
0,3,20,60,2,6.666666666666667,1,0,1,0,0,0,1,0,0,0,0
0,46,95,4370,3,23.75,1,0,1,1,0,0,1,0,1,0,0
0,39,40,1560,1,20.0,0,0,0,0,1,0,0,0,1,0,0
0,30,108,3240,2,36.0,0,1,1,0,1,0,0,0,1,0,0
0,23,99,2277,3,24.75,0,0,1,1,0,0,1,1,0,0,0
0,40,20,800,2,6.666666666666667,1,1,1,0,0,1,0,0,1,0,0
0,45,63,2835,2,21.0,0,0,1,0,0,0,0,0,1,0,0
0,53,20,1060,2,6.666666666666667,1,0,1,0,0,1,0,0,0,1,0
1,72,112,8064,2,37.333333333333336,0,0,1,0,0,1,0,0,0,1,0
0,28,20,560,2,6.666666666666667,1,1,1,0,0,1,0,0,1,0,0
0,49,67,3283,2,22.333333333333332,0,0,1,0,0,0,0,0,0,1,0
0,1,75,75,3,18.75,1,0,1,1,1,0,0,0,0,0,1
0,20,81,1620,3,20.25,0,0,1,1,0,0,1,1,0,0,0
0,53,61,3233,3,15.25,0,1,1,1,1,0,1,0,0,1,0
0,67,69,4623,2,23.0,1,0,1,0,1,0,0,0,0,1,0
0,11,74,814,2,24.666666666666668,1,0,1,0,1,0,0,0,0,0,1
0,52,86,4472,2,28.666666666666668,0,1,1,0,0,0,1,0,0,1,0
0,1,91,91,3,22.75,0,0,1,1,0,0,0,0,0,0,1
0,48,56,2688,3,14.0,0,0,1,1,0,0,0,0,1,0,0
0,7,75,525,2,25.0,0,0,1,0,0,0,1,0,0,0,1
0,7,71,497,3,17.75,1,1,1,1,1,0,0,0,0,0,0
0,12,84,1008,2,28.0,0,1,1,0,1,0,0,0,0,0,0
0,40,25,1000,2,8.333333333333334,1,0,1,0,0,0,1,0,1,0,0
0,55,78,4290,3,19.5,1,0,1,1,0,0,1,0,0,1,0
0,20,20,400,3,5.0,0,0,1,1,1,0,1,1,0,0,0
0,1,36,36,1,18.0,1,0,0,0,0,1,0,0,0,0,1
0,72,84,6048,2,28.0,0,1,1,0,1,0,0,0,0,1,0
0,63,110,6930,2,36.666666666666664,1,0,1,0,0,0,0,0,0,1,0
0,70,65,4550,1,32.5,0,0,0,0,1,0,0,0,0,1,0
0,8,64,512,3,16.0,0,0,1,1,0,1,0,0,0,0,0
0,1,46,46,2,15.333333333333334,0,0,1,0,1,0,0,0,0,0,1
0,16,20,320,2,6.666666666666667,1,0,1,0,0,0,0,1,0,0,0
0,11,25,275,2,8.333333333333334,0,1,0,1,1,1,0,0,0,0,0
0,11,75,825,2,25.0,1,0,1,0,1,1,0,0,0,0,1
0,41,88,3608,2,29.333333333333332,0,1,1,0,1,0,0,0,1,0,0
0,14,76,1064,2,25.333333333333332,1,1,1,0,0,0,0,1,0,0,0
0,61,89,5429,3,22.25,0,0,1,1,0,1,0,0,0,1,0
0,20,89,1780,2,29.666666666666668,0,0,1,0,0,0,0,1,0,0,0
0,47,106,4982,2,35.333333333333336,0,0,1,0,0,0,1,0,1,0,1
0,2,60,120,3,15.0,1,1,1,1,1,0,1,0,0,0,0
0,41,60,2460,3,15.0,1,1,1,1,1,1,0,0,1,0,0
0,72,25,1800,2,8.333333333333334,0,0,1,0,0,0,0,0,0,1,0
0,72,80,5760,2,26.666666666666668,0,1,1,0,0,0,0,0,0,1,0
0,46,96,4416,2,32.0,0,0,1,0,0,0,0,0,1,0,0
0,1,20,20,3,5.0,1,0,1,1,1,0,0,0,0,0,1
0,29,45,1305,2,15.0,1,1,0,1,1,0,0,0,1,0,0
0,37,100,3700,2,33.333333333333336,0,0,1,0,0,0,1,0,1,0,0
0,19,62,1178,3,15.5,1,0,1,1,1,1,0,1,0,0,0
0,49,78,3822,3,19.5,0,1,1,1,0,0,1,0,0,1,0
0,13,44,572,3,11.0,1,1,1,1,0,0,1,1,0,0,0
0,22,50,1100,2,16.666666666666668,0,0,1,0,1,0,0,1,0,0,0
1,53,97,5141,2,32.333333333333336,0,0,1,0,0,0,1,0,0,1,0
0,24,50,1200,3,12.5,1,0,1,1,0,0,1,1,0,0,1
0,37,20,740,2,6.666666666666667,0,0,1,0,1,0,0,0,1,0,0
0,6,55,330,2,18.333333333333332,1,1,1,0,0,0,1,0,0,0,1
0,7,80,560,2,26.666666666666668,0,0,1,0,0,0,0,0,0,0,1
0,12,20,240,3,5.0,0,1,1,1,1,0,0,0,0,0,1
0,71,25,1775,2,8.333333333333334,0,0,1,0,1,0,0,0,0,1,0
0,26,82,2132,3,20.5,1,1,1,1,1,0,0,0,1,0,0
0,6,46,276,3,11.5,0,0,1,1,1,0,0,0,0,0,0
0,32,88,2816,2,29.333333333333332,1,0,1,0,0,0,0,0,1,0,0
0,47,59,2773,2,19.666666666666668,0,0,1,0,0,0,0,0,1,0,0
0,31,21,651,2,7.0,0,1,1,0,0,0,0,0,1,0,0
0,52,84,4368,2,28.0,0,1,1,0,0,0,0,0,0,1,0
0,60,61,3660,1,30.5,0,0,0,0,0,0,0,0,0,1,0
0,48,66,3168,3,16.5,0,0,1,1,0,0,0,0,1,0,0
0,45,19,855,3,4.75,1,0,1,1,0,0,0,0,1,0,0
0,39,80,3120,2,26.666666666666668,0,0,1,0,1,0,0,0,1,0,1
1,1,86,86,3,21.5,0,0,1,1,1,1,0,0,0,0,1
0,1,70,70,2,23.333333333333332,1,0,1,0,0,0,0,0,0,0,1
0,6,79,474,2,26.333333333333332,0,0,1,0,1,0,0,0,0,0,1
0,9,76,684,2,25.333333333333332,1,0,1,0,1,0,0,0,0,0,0
0,72,114,8208,2,38.0,1,1,1,0,0,0,0,0,0,1,0
1,71,52,3692,2,17.333333333333332,1,0,0,1,1,0,0,0,0,1,0
0,71,20,1420,2,6.666666666666667,1,1,1,0,0,1,0,0,0,1,0
0,64,95,6080,2,31.666666666666668,0,0,1,0,1,1,0,0,0,1,0
0,28,20,560,2,6.666666666666667,0,1,1,0,1,0,0,0,1,0,0
0,70,115,8050,2,38.333333333333336,0,1,1,0,0,0,0,0,0,1,0
1,39,96,3744,2,32.0,1,0,1,0,0,0,0,0,1,0,1
0,16,20,320,2,6.666666666666667,0,1,1,0,1,0,1,1,0,0,0
1,66,111,7326,3,27.75,1,0,1,1,1,0,0,0,0,1,1
1,21,95,1995,3,23.75,0,0,1,1,0,0,0,1,0,0,0
0,44,85,3740,2,28.333333333333332,0,0,1,0,1,0,0,0,1,0,1
1,54,99,5346,2,33.0,0,0,1,0,0,1,0,0,0,1,0
0,4,57,228,3,14.25,1,0,1,1,1,0,0,0,0,0,0
1,60,110,6600,2,36.666666666666664,0,0,1,0,1,0,0,0,0,1,0
0,26,92,2392,2,30.666666666666668,1,0,1,0,0,0,1,0,1,0,0
0,24,79,1896,3,19.75,0,1,1,1,1,0,0,1,0,0,0
0,53,19,1007,3,4.75,1,1,1,1,0,0,1,0,0,1,0
0,46,19,874,3,4.75,0,1,1,1,1,0,0,0,1,0,0
0,56,89,4984,2,29.666666666666668,0,1,1,0,0,0,1,0,0,1,0
0,7,59,413,3,14.75,0,0,1,1,1,0,0,0,0,0,0
0,1,86,86,3,21.5,0,0,1,1,0,1,0,0,0,0,1
0,1,46,46,2,15.333333333333334,1,0,1,0,0,0,0,0,0,0,0
0,60,20,1200,2,6.666666666666667,1,0,1,0,1,0,0,0,0,1,0
0,61,21,1281,3,5.25,1,0,1,1,1,0,1,0,0,1,0
0,42,34,1428,1,17.0,0,0,0,0,1,0,0,0,1,0,1
0,27,20,540,2,6.666666666666667,1,0,1,0,1,0,0,0,1,0,0
0,9,85,765,3,21.25,0,1,1,1,1,1,0,0,0,0,1
0,72,20,1440,2,6.666666666666667,0,0,1,0,0,0,1,0,0,1,0
0,23,20,460,2,6.666666666666667,0,0,1,0,0,1,0,1,0,0,0
1,47,95,4465,2,31.666666666666668,0,0,1,0,1,0,0,0,1,0,1
1,54,19,1026,3,4.75,0,0,1,1,1,0,0,0,0,1,0
1,2,96,192,3,24.0,1,0,1,1,0,1,0,0,0,0,0
0,38,60,2280,1,30.0,1,0,0,0,0,0,1,0,1,0,0
1,47,100,4700,2,33.333333333333336,0,0,1,0,0,0,0,0,1,0,0
0,22,56,1232,2,18.666666666666668,1,0,1,0,0,1,0,1,0,0,0
0,2,91,182,2,30.333333333333332,1,0,1,0,0,0,1,0,0,0,0
0,72,79,5688,3,19.75,0,1,1,1,1,0,0,0,0,1,0
1,58,45,2610,1,22.5,1,0,0,0,1,0,0,0,0,1,1
0,69,79,5451,2,26.333333333333332,1,1,1,0,1,0,0,0,0,1,0
0,18,70,1260,2,23.333333333333332,1,0,1,0,0,0,0,1,0,0,0
0,55,20,1100,3,5.0,0,1,1,1,1,0,0,0,0,1,0
0,46,101,4646,2,33.666666666666664,0,0,1,0,0,0,1,0,1,0,0
0,5,19,95,2,6.333333333333333,1,0,1,0,0,1,0,0,0,0,0
0,4,34,136,2,11.333333333333334,0,0,0,1,1,1,0,0,0,0,1
1,5,90,450,3,22.5,1,0,1,1,1,0,0,0,0,0,1
0,65,61,3965,3,15.25,0,1,1,1,1,0,0,0,0,1,0
0,35,21,735,3,5.25,1,0,1,1,0,1,0,0,1,0,0
1,45,97,4365,3,24.25,0,0,1,1,1,0,1,0,1,0,0
0,2,20,40,3,5.0,0,0,1,1,0,0,1,0,0,0,0
0,22,80,1760,2,26.666666666666668,0,1,1,0,1,0,0,1,0,0,0
0,70,69,4830,3,17.25,1,1,1,1,1,0,0,0,0,1,0
0,30,66,1980,2,22.0,0,1,1,0,0,0,0,0,1,0,0
0,61,108,6588,3,27.0,1,0,1,1,0,0,1,0,0,1,0
0,29,20,580,3,5.0,0,0,1,1,0,0,0,0,1,0,0
0,61,106,6466,2,35.333333333333336,1,0,1,0,0,1,0,0,0,1,1
0,25,90,2250,2,30.0,1,1,1,0,0,1,0,0,1,0,1
0,71,113,8023,3,28.25,1,0,1,1,1,0,0,0,0,1,0
0,1,35,35,1,17.5,0,0,0,0,1,0,0,0,0,0,0
0,62,70,4340,2,23.333333333333332,0,1,1,0,0,0,1,0,0,1,0
0,64,74,4736,2,24.666666666666668,1,0,1,0,0,0,0,0,0,1,0
0,64,91,5824,2,30.333333333333332,0,1,1,0,1,1,0,0,0,1,0
1,29,84,2436,3,21.0,1,0,1,1,0,0,1,0,1,0,0
0,2,71,142,2,23.666666666666668,0,0,1,0,0,1,0,0,0,0,1
0,1,51,51,3,12.75,1,0,1,1,1,0,0,0,0,0,1
0,45,25,1125,2,8.333333333333334,0,1,1,0,0,0,0,0,1,0,0
0,66,114,7524,2,38.0,1,0,1,0,1,0,0,0,0,1,0
0,54,107,5778,3,26.75,0,0,1,1,0,0,0,0,0,1,1
0,70,80,5600,3,20.0,0,1,1,1,1,0,1,0,0,1,0
1,37,92,3404,2,30.666666666666668,1,0,1,0,0,0,0,0,1,0,1
1,3,80,240,3,20.0,1,0,1,1,1,1,0,0,0,0,1
0,23,55,1265,2,18.333333333333332,1,1,1,0,0,0,0,1,0,0,0
1,60,100,6000,2,33.333333333333336,0,0,1,0,1,0,1,0,0,1,0
0,35,33,1155,1,16.5,0,0,0,0,0,1,0,0,1,0,0
0,27,74,1998,2,24.666666666666668,0,1,1,0,0,0,1,0,1,0,0
0,24,52,1248,1,26.0,0,1,0,0,1,0,0,1,0,0,0
1,2,94,188,2,31.333333333333332,0,0,1,0,1,0,0,0,0,0,1
0,67,91,6097,2,30.333333333333332,1,0,1,0,0,0,0,0,0,1,1
0,2,48,96,2,16.0,1,0,1,0,0,0,0,0,0,0,1
0,1,20,20,3,5.0,0,0,1,1,1,1,0,0,0,0,1
0,1,79,79,3,19.75,0,1,1,1,1,0,1,0,0,0,1
0,14,54,756,2,18.0,0,0,1,0,0,1,0,1,0,0,0
1,38,95,3610,3,23.75,1,0,1,1,1,0,0,0,1,0,0
0,1,70,70,2,23.333333333333332,0,0,1,0,0,0,1,0,0,0,1
0,2,70,140,3,17.5,0,0,1,1,1,1,0,0,0,0,0
0,12,79,948,2,26.333333333333332,0,0,1,0,1,0,0,0,0,0,1
0,31,98,3038,3,24.5,1,1,1,1,0,1,0,0,1,0,0
0,35,72,2520,2,24.0,1,1,1,0,0,0,0,0,1,0,0
1,72,110,7920,3,27.5,1,0,1,1,1,0,0,0,0,1,0
0,8,94,752,3,23.5,0,1,1,1,0,0,1,0,0,0,1
0,10,98,980,3,24.5,1,0,1,1,1,1,0,0,0,0,1
1,5,69,345,2,23.0,0,0,1,0,1,1,0,0,0,0,1
0,63,84,5292,2,28.0,1,1,1,0,0,0,0,0,0,1,0
0,71,26,1846,2,8.666666666666666,0,0,1,0,0,0,1,0,0,1,0
1,46,104,4784,3,26.0,0,0,1,1,1,0,0,0,1,0,0
0,52,23,1196,3,5.75,0,1,1,1,1,0,1,0,0,1,0
0,1,46,46,2,15.333333333333334,1,0,1,0,0,0,0,0,0,0,1
0,1,80,80,3,20.0,1,0,1,1,1,0,0,0,0,0,1
0,72,113,8136,2,37.666666666666664,0,0,1,0,0,1,0,0,0,1,0
0,3,84,252,3,21.0,0,0,1,1,1,0,0,0,0,0,1
0,28,61,1708,2,20.333333333333332,1,0,1,0,0,0,0,0,1,0,0
0,39,51,1989,3,12.75,0,1,1,1,1,0,0,0,1,0,0
0,33,26,858,3,6.5,0,0,1,1,0,0,0,0,1,0,0
0,12,61,732,1,30.5,0,0,0,0,0,0,0,0,0,0,0
0,1,74,74,2,24.666666666666668,1,1,1,0,0,0,0,0,0,0,1
0,6,79,474,3,19.75,1,0,1,1,1,0,0,0,0,0,0
0,3,86,258,3,21.5,1,0,1,1,0,0,1,0,0,0,0
0,4,88,352,3,22.0,1,0,1,1,1,0,0,0,0,0,1
0,34,90,3060,2,30.0,1,1,1,0,1,0,0,0,1,0,0
1,15,96,1440,2,32.0,0,0,1,0,0,1,0,1,0,0,1
0,1,25,25,1,12.5,1,1,0,0,0,1,0,0,0,0,1
0,3,51,153,2,17.0,0,0,1,0,0,1,0,0,0,0,1
0,3,20,60,2,6.666666666666667,0,0,1,0,0,1,0,0,0,0,0
0,30,81,2430,2,27.0,0,1,1,0,0,0,1,0,1,0,0
0,5,54,270,2,18.0,0,0,1,0,0,0,1,0,0,0,1
1,68,20,1360,3,5.0,1,0,1,1,1,1,0,0,0,1,0
0,1,20,20,2,6.666666666666667,0,0,1,0,1,0,0,0,0,0,0
0,5,80,400,2,26.666666666666668,0,0,1,0,0,0,0,0,0,0,1
0,1,71,71,2,23.666666666666668,0,0,1,0,0,0,0,0,0,0,1
0,13,20,260,3,5.0,1,1,1,1,1,0,0,1,0,0,0
0,35,80,2800,3,20.0,0,0,1,1,0,1,0,0,1,0,0
0,4,70,280,3,17.5,1,1,1,1,1,0,0,0,0,0,0
0,9,25,225,2,8.333333333333334,1,0,0,1,1,0,0,0,0,0,0
1,45,86,3870,2,28.666666666666668,0,0,1,0,1,0,0,0,1,0,0
0,21,28,588,1,14.0,0,0,0,0,1,0,0,1,0,0,0
0,26,89,2314,3,22.25,0,0,1,1,1,0,1,0,1,0,1
0,1,85,85,3,21.25,0,0,1,1,0,0,1,0,0,0,1
1,2,89,178,2,29.666666666666668,0,0,1,0,1,0,0,0,0,0,1
0,11,70,770,2,23.333333333333332,0,0,1,0,1,0,0,0,0,0,0
0,59,109,6431,3,27.25,0,0,1,1,0,0,0,0,0,1,0
0,31,84,2604,2,28.0,0,0,1,0,1,0,0,0,1,0,0
0,54,25,1350,3,6.25,0,1,1,1,1,1,0,0,0,1,0
0,16,19,304,3,4.75,0,1,1,1,0,1,0,1,0,0,0
1,9,55,495,2,18.333333333333332,1,0,1,0,0,0,0,0,0,0,1
0,21,97,2037,3,24.25,0,0,1,1,0,0,0,1,0,0,1
0,1,21,21,3,5.25,1,0,1,1,1,1,0,0,0,0,0
0,23,54,1242,3,13.5,0,0,1,1,1,0,0,1,0,0,0
1,7,74,518,3,18.5,1,0,1,1,1,0,0,0,0,0,1
0,21,104,2184,3,26.0,1,0,1,1,0,1,0,1,0,0,0
0,65,108,7020,2,36.0,0,0,1,0,0,0,0,0,0,1,0
0,4,45,180,1,22.5,1,0,0,0,0,0,1,0,0,0,1
0,72,112,8064,2,37.333333333333336,1,1,1,0,0,0,0,0,0,1,0
1,68,42,2856,1,21.0,1,0,0,0,0,0,0,0,0,1,0
0,67,85,5695,2,28.333333333333332,0,1,1,0,0,0,1,0,0,1,0
0,1,79,79,2,26.333333333333332,1,0,1,0,0,0,0,0,0,0,1
0,69,96,6624,2,32.0,0,0,1,0,0,1,0,0,0,1,0
0,60,90,5400,3,22.5,1,0,1,1,1,0,1,0,0,1,0
0,3,88,264,3,22.0,1,0,1,1,1,0,0,0,0,0,1
0,63,59,3717,1,29.5,1,1,0,0,0,0,0,0,0,1,0
0,71,91,6461,3,22.75,1,1,1,1,1,0,0,0,0,1,0
0,35,86,3010,3,21.5,0,0,1,1,1,0,0,0,1,0,1
0,34,70,2380,3,17.5,0,0,1,1,1,1,0,0,1,0,1
0,53,70,3710,3,17.5,1,1,1,1,0,0,0,0,0,1,0
0,17,34,578,1,17.0,1,0,0,0,1,0,0,1,0,0,0
0,1,60,60,3,15.0,0,1,1,1,1,0,0,0,0,0,1
0,56,81,4536,2,27.0,1,0,1,0,1,0,0,0,0,1,0
0,7,50,350,3,12.5,1,1,1,1,0,0,1,0,0,0,1
0,67,111,7437,2,37.0,1,0,1,0,1,0,0,0,0,1,0
0,11,61,671,2,20.333333333333332,1,0,1,0,1,0,1,0,0,0,0
0,1,20,20,3,5.0,1,1,1,1,0,1,0,0,0,0,0
0,2,25,50,2,8.333333333333334,1,0,1,0,0,0,0,0,0,0,0
0,69,105,7245,2,35.0,0,0,1,0,0,0,0,0,0,1,0
0,1,80,80,2,26.666666666666668,1,0,1,0,1,0,0,0,0,0,1
0,21,90,1890,3,22.5,0,0,1,1,0,0,1,1,0,0,0
1,72,97,6984,3,24.25,1,0,1,1,1,0,0,0,0,1,0
1,2,84,168,2,28.0,0,0,1,0,1,1,0,0,0,0,0
0,57,21,1197,2,7.0,1,0,1,0,0,0,1,0,0,1,0
0,1,90,90,2,30.0,1,0,1,0,0,0,0,0,0,0,1
0,4,81,324,3,20.25,1,0,1,1,1,0,0,0,0,0,1
0,2,19,38,2,6.333333333333333,0,0,1,0,0,0,0,0,0,0,0
0,9,77,693,2,25.666666666666668,0,0,1,0,0,0,0,0,0,0,0
0,71,111,7881,3,27.75,0,0,1,1,1,0,0,0,0,1,0
0,13,19,247,3,4.75,0,1,1,1,1,0,0,1,0,0,0
0,50,45,2250,3,11.25,1,1,1,1,1,0,1,0,0,1,0
1,10,90,900,2,30.0,1,0,1,0,0,0,1,0,0,0,1
1,64,94,6016,3,23.5,1,0,1,1,1,0,1,0,0,1,0
0,1,70,70,3,17.5,0,1,1,1,1,1,0,0,0,0,1
0,2,25,50,1,12.5,1,0,0,0,0,0,1,0,0,0,0
0,30,110,3300,2,36.666666666666664,0,0,1,0,0,0,0,0,1,0,0
0,7,90,630,2,30.0,1,0,1,0,0,1,0,0,0,0,1
0,26,19,494,2,6.333333333333333,1,0,1,0,0,0,0,0,1,0,0
0,20,50,1000,2,16.666666666666668,1,0,1,0,0,0,0,1,0,0,0
0,72,26,1872,2,8.666666666666666,0,0,1,0,0,0,0,0,0,1,0
0,13,56,728,2,18.666666666666668,0,1,1,0,1,0,0,1,0,0,1
0,70,85,5950,3,21.25,1,0,1,1,1,0,0,0,0,1,0
0,3,30,90,1,15.0,1,0,0,0,0,0,0,0,0,0,0
0,2,76,152,2,25.333333333333332,1,0,1,0,0,0,0,0,0,0,1
1,72,116,8352,2,38.666666666666664,0,0,1,0,1,0,0,0,0,1,0
1,33,84,2772,2,28.0,1,0,1,0,1,0,0,0,1,0,1
1,15,74,1110,2,24.666666666666668,1,0,1,0,0,0,1,1,0,0,1
0,1,29,29,1,14.5,1,0,0,0,0,0,0,0,0,0,0
1,55,99,5445,2,33.0,1,0,1,0,1,0,0,0,0,1,1
0,5,64,320,3,16.0,1,1,1,1,1,1,0,0,0,0,0
0,3,80,240,2,26.666666666666668,1,0,1,0,1,0,0,0,0,0,1
0,65,90,5850,3,22.5,0,0,1,1,1,0,1,0,0,1,0
0,39,60,2340,3,15.0,1,1,1,1,1,0,0,0,1,0,0
0,70,25,1750,3,6.25,1,0,1,1,0,0,1,0,0,1,0
0,34,116,3944,2,38.666666666666664,1,0,1,0,0,0,1,0,1,0,0
0,30,50,1500,3,12.5,1,0,1,1,1,0,0,0,1,0,0
0,12,50,600,2,16.666666666666668,0,0,0,1,1,0,1,0,0,0,0
0,9,20,180,2,6.666666666666667,1,1,1,0,0,0,0,0,0,0,0
0,49,56,2744,1,28.0,0,0,0,0,1,0,0,0,0,1,0
0,7,44,308,3,11.0,0,0,1,1,0,1,0,0,0,0,0
1,38,83,3154,2,27.666666666666668,0,0,1,0,0,0,0,0,1,0,0
0,63,109,6867,2,36.333333333333336,1,0,1,0,0,1,0,0,0,1,0
1,1,72,72,2,24.0,1,0,1,0,0,0,0,0,0,0,1
0,30,90,2700,2,30.0,1,0,1,0,0,0,1,0,1,0,0
0,23,74,1702,2,24.666666666666668,0,0,1,0,0,0,0,1,0,0,0
0,57,70,3990,3,17.5,0,0,1,1,1,0,0,0,0,1,0
1,70,76,5320,3,19.0,0,0,1,1,1,1,0,0,0,1,0
0,71,107,7597,3,26.75,1,1,1,1,1,0,1,0,0,1,0
0,20,50,1000,3,12.5,1,1,1,1,0,1,0,1,0,0,0
0,72,25,1800,2,8.333333333333334,0,1,1,0,1,0,0,0,0,1,0
0,22,70,1540,3,17.5,1,0,1,1,0,0,1,1,0,0,0
0,15,26,390,3,6.5,1,0,1,1,1,0,0,1,0,0,0
0,9,49,441,2,16.333333333333332,0,0,0,1,1,0,0,0,0,0,1
0,38,105,3990,2,35.0,0,0,1,0,1,0,0,0,1,0,1
1,7,30,210,2,10.0,1,0,0,1,1,0,0,0,0,0,0
0,26,73,1898,2,24.333333333333332,0,0,1,0,0,0,0,0,1,0,0
0,56,60,3360,2,20.0,0,0,1,0,1,1,0,0,0,1,0
0,49,20,980,3,5.0,0,0,1,1,1,0,0,0,0,1,0
0,3,70,210,3,17.5,0,0,1,1,1,0,0,0,0,0,0
1,1,74,74,3,18.5,1,0,1,1,1,0,0,0,0,0,1
1,70,20,1400,3,5.0,0,0,1,1,1,0,0,0,0,1,0
0,23,56,1288,3,14.0,0,0,1,1,1,0,0,1,0,0,0
0,65,60,3900,2,20.0,0,0,1,0,0,1,0,0,0,1,0
1,69,108,7452,2,36.0,1,0,1,0,1,0,0,0,0,1,1
0,1,55,55,2,18.333333333333332,0,0,1,0,1,0,0,0,0,0,1
0,24,90,2160,2,30.0,1,0,1,0,0,0,0,1,0,0,1
0,25,95,2375,3,23.75,0,0,1,1,1,1,0,0,1,0,0
0,17,20,340,3,5.0,0,0,1,1,0,0,0,1,0,0,0
0,32,70,2240,3,17.5,1,0,1,1,1,0,0,0,1,0,0
0,68,20,1360,3,5.0,1,1,1,1,1,0,0,0,0,1,0
0,70,20,1400,3,5.0,0,1,1,1,1,0,0,0,0,1,0
0,54,105,5670,2,35.0,1,1,1,0,1,1,0,0,0,1,0
0,15,19,285,3,4.75,0,0,1,1,1,0,1,1,0,0,1
0,71,67,4757,3,16.75,1,1,1,1,1,1,0,0,0,1,0
0,70,20,1400,2,6.666666666666667,1,0,1,0,0,0,1,0,0,1,0
1,53,96,5088,3,24.0,0,0,1,1,1,0,1,0,0,1,0
0,2,80,160,2,26.666666666666668,0,0,1,0,0,0,1,0,0,0,0
1,59,79,4661,2,26.333333333333332,0,0,1,0,0,0,1,0,0,1,0
0,22,84,1848,2,28.0,0,0,1,0,1,0,0,1,0,0,0
0,22,76,1672,3,19.0,0,1,1,1,1,1,0,1,0,0,0
0,57,50,2850,2,16.666666666666668,0,0,0,1,1,0,0,0,0,1,0
0,1,71,71,3,17.75,0,0,1,1,1,0,0,0,0,0,1
0,10,102,1020,3,25.5,0,1,1,1,1,0,0,0,0,0,1
1,55,52,2860,2,17.333333333333332,0,0,1,0,0,1,0,0,0,1,0
0,43,24,1032,2,8.0,0,1,1,0,1,1,0,0,1,0,0
1,18,48,864,1,24.0,0,0,0,0,0,0,1,1,0,0,1
0,2,81,162,3,20.25,0,1,1,1,1,0,1,0,0,0,0
0,52,25,1300,3,6.25,0,1,1,1,0,0,0,0,0,1,0
0,60,61,3660,2,20.333333333333332,1,0,1,0,0,0,0,0,0,1,0
0,59,83,4897,3,20.75,0,0,1,1,1,0,0,0,0,1,0
0,69,104,7176,2,34.666666666666664,0,0,1,0,0,0,0,0,0,1,0
0,14,101,1414,2,33.666666666666664,1,0,1,0,1,1,0,1,0,0,1
0,43,60,2580,1,30.0,0,1,0,0,1,0,0,0,1,0,0
0,12,19,228,3,4.75,0,1,1,1,1,1,0,0,0,0,0
0,8,20,160,3,5.0,0,1,1,1,1,1,0,0,0,0,0
0,3,69,207,2,23.0,0,1,1,0,0,0,0,0,0,0,0
0,58,105,6090,3,26.25,1,1,1,1,1,0,1,0,0,1,0
0,13,63,819,3,15.75,0,1,1,1,1,0,1,1,0,0,0
0,23,20,460,2,6.666666666666667,1,0,1,0,0,0,1,1,0,0,0
0,17,79,1343,3,19.75,0,0,1,1,0,0,1,1,0,0,0
0,52,109,5668,3,27.25,1,0,1,1,1,0,0,0,0,1,0
0,32,79,2528,3,19.75,1,0,1,1,0,1,0,0,1,0,1
0,36,35,1260,1,17.5,0,0,0,0,0,0,0,0,1,0,0
1,67,25,1675,2,8.333333333333334,1,0,1,0,0,1,0,0,0,1,0
1,29,104,3016,2,34.666666666666664,1,1,1,0,1,0,0,0,1,0,0
0,65,111,7215,2,37.0,0,0,1,0,0,0,0,0,0,1,0
1,41,84,3444,3,21.0,1,0,1,1,1,1,0,0,1,0,1
0,60,66,3960,3,16.5,1,1,1,1,0,0,0,0,0,1,0
0,53,20,1060,2,6.666666666666667,0,0,1,0,0,0,0,0,0,1,0
0,68,25,1700,3,6.25,0,0,1,1,1,0,1,0,0,1,0
1,2,75,150,2,25.0,1,0,1,0,0,0,0,0,0,0,1
0,61,34,2074,1,17.0,1,1,0,0,0,0,1,0,0,1,0
0,41,20,820,2,6.666666666666667,1,1,1,0,1,1,0,0,1,0,0
1,69,74,5106,3,18.5,1,0,1,1,0,0,1,0,0,1,0
1,35,76,2660,3,19.0,1,1,1,1,1,0,0,0,1,0,0
0,7,51,357,2,17.0,1,0,1,0,0,1,0,0,0,0,1
1,50,25,1250,2,8.333333333333334,0,0,1,0,0,0,1,0,0,1,0
0,36,64,2304,3,16.0,1,1,1,1,0,0,1,0,1,0,0
0,48,100,4800,2,33.333333333333336,0,0,1,0,0,1,0,0,1,0,0
0,71,82,5822,3,20.5,0,0,1,1,1,1,0,0,0,1,0
1,65,109,7085,3,27.25,1,0,1,1,1,0,0,0,0,1,0
0,23,94,2162,2,31.333333333333332,0,0,1,0,0,0,1,1,0,0,0
1,66,64,4224,3,16.0,0,0,1,1,1,1,0,0,0,1,0
0,5,25,125,1,12.5,0,1,0,0,1,0,0,0,0,0,0
1,72,113,8136,3,28.25,1,0,1,1,1,0,0,0,0,1,0
0,2,20,40,2,6.666666666666667,0,0,1,0,0,0,0,0,0,0,0
0,12,19,228,2,6.333333333333333,0,0,1,0,0,0,0,0,0,0,0
0,3,92,276,2,30.666666666666668,1,1,1,0,1,0,0,0,0,0,1
0,72,89,6408,3,22.25,1,0,1,1,1,0,0,0,0,1,0
1,18,59,1062,2,19.666666666666668,1,0,1,0,0,0,0,1,0,0,0
0,39,54,2106,2,18.0,1,0,1,0,0,0,0,0,1,0,0
1,26,86,2236,3,21.5,0,0,1,1,1,0,0,0,1,0,0
0,72,65,4680,2,21.666666666666668,0,0,1,0,0,0,1,0,0,1,0
0,3,24,72,2,8.0,1,0,1,0,0,1,0,0,0,0,0
0,1,60,60,3,15.0,1,0,1,1,1,0,1,0,0,0,1
0,34,87,2958,3,21.75,0,1,1,1,0,0,1,0,1,0,1
0,11,76,836,3,19.0,0,0,1,1,1,0,1,0,0,0,0
0,66,20,1320,3,5.0,1,0,1,1,0,1,0,0,0,1,0
0,2,81,162,3,20.25,0,0,1,1,0,0,1,0,0,0,1
0,8,66,528,2,22.0,0,0,1,0,1,0,0,0,0,0,0
0,33,70,2310,2,23.333333333333332,0,0,1,0,0,0,0,0,1,0,0
0,72,26,1872,3,6.5,0,0,1,1,0,0,0,0,0,1,0
0,58,60,3480,2,20.0,0,0,1,0,0,0,1,0,0,1,0
0,30,84,2520,3,21.0,1,1,1,1,0,0,0,0,1,0,0
0,5,25,125,2,8.333333333333334,1,0,0,1,1,1,0,0,0,0,1
1,46,110,5060,2,36.666666666666664,0,1,1,0,0,0,1,0,1,0,0
0,4,70,280,2,23.333333333333332,1,0,1,0,1,0,0,0,0,0,0
0,40,65,2600,2,21.666666666666668,0,0,1,0,0,1,0,0,1,0,0
0,72,84,6048,3,21.0,1,0,1,1,1,1,0,0,0,1,0
0,49,100,4900,3,25.0,1,1,1,1,1,0,1,0,0,1,1
0,1,55,55,3,13.75,0,0,1,1,1,1,0,0,0,0,1
0,52,85,4420,3,21.25,1,0,1,1,0,0,1,0,0,1,1
0,72,20,1440,2,6.666666666666667,0,1,1,0,0,0,1,0,0,1,0
1,28,39,1092,1,19.5,0,1,0,0,0,1,0,0,1,0,0
0,33,91,3003,3,22.75,1,0,1,1,1,0,1,0,1,0,0
0,10,74,740,3,18.5,0,1,1,1,1,0,0,0,0,0,0
0,16,93,1488,2,31.0,0,0,1,0,0,0,0,1,0,0,1
0,22,70,1540,2,23.333333333333332,0,1,1,0,0,0,0,1,0,0,1
0,58,25,1450,2,8.333333333333334,0,0,1,0,0,0,1,0,0,1,0
0,72,110,7920,3,27.5,1,0,1,1,1,1,0,0,0,1,0
0,10,54,540,3,13.5,1,0,1,1,0,0,1,0,0,0,0
0,5,20,100,3,5.0,0,0,1,1,0,0,0,0,0,0,0
0,2,71,142,2,23.666666666666668,0,0,1,0,0,0,0,0,0,0,1
0,2,71,142,3,17.75,0,0,1,1,1,1,0,0,0,0,1
0,2,54,108,3,13.5,0,0,1,1,1,0,0,0,0,0,0
0,53,104,5512,3,26.0,0,1,1,1,1,0,0,0,0,1,0
1,25,89,2225,2,29.666666666666668,1,0,1,0,0,0,0,0,1,0,1
0,64,113,7232,3,28.25,0,1,1,1,1,1,0,0,0,1,0
0,2,46,92,2,15.333333333333334,0,0,1,0,1,1,0,0,0,0,0
0,16,69,1104,2,23.0,1,1,1,0,0,0,1,1,0,0,0
0,39,48,1872,2,16.0,0,0,1,0,0,0,0,0,1,0,0
0,35,26,910,2,8.666666666666666,1,0,1,0,1,0,0,0,1,0,0
0,31,76,2356,3,19.0,0,0,1,1,1,0,0,0,1,0,0
0,5,54,270,3,13.5,0,0,1,1,1,1,0,0,0,0,1
1,72,112,8064,3,28.0,1,0,1,1,1,0,1,0,0,1,0
0,2,91,182,3,22.75,1,0,1,1,1,0,0,0,0,0,0
0,61,90,5490,3,22.5,0,0,1,1,1,0,0,0,0,1,0
0,31,65,2015,3,16.25,0,0,1,1,0,0,0,0,1,0,1
0,2,40,80,2,13.333333333333334,1,0,0,1,0,0,1,0,0,0,1
0,1,21,21,2,7.0,1,1,1,0,0,1,0,0,0,0,0
0,1,20,20,2,6.666666666666667,0,1,1,0,0,1,0,0,0,0,0
0,59,20,1180,3,5.0,1,0,1,1,1,0,0,0,0,1,0
0,1,96,96,2,32.0,0,0,1,0,1,0,1,0,0,0,1
0,9,45,405,3,11.25,0,0,1,1,0,0,1,0,0,0,1
0,14,92,1288,3,23.0,0,1,1,1,1,1,0,1,0,0,1
0,12,87,1044,3,21.75,0,0,1,1,1,0,0,0,0,0,0
0,47,74,3478,3,18.5,0,0,1,1,0,0,1,0,1,0,0
0,7,49,343,2,16.333333333333332,0,1,1,0,0,0,0,0,0,0,0
0,28,90,2520,2,30.0,0,1,1,0,1,0,0,0,1,0,0
0,70,20,1400,2,6.666666666666667,0,1,1,0,1,1,0,0,0,1,0
0,26,20,520,3,5.0,0,1,1,1,0,0,0,0,1,0,0
0,61,99,6039,3,24.75,0,1,1,1,1,0,0,0,0,1,1
0,70,102,7140,2,34.0,0,0,1,0,0,0,0,0,0,1,0
0,1,20,20,3,5.0,0,0,1,1,0,1,0,0,0,0,0
1,37,97,3589,3,24.25,0,0,1,1,1,0,0,0,1,0,1
0,60,91,5460,2,30.333333333333332,1,1,1,0,1,0,0,0,0,1,1
1,71,105,7455,2,35.0,1,1,1,0,1,0,0,0,0,1,1
0,31,101,3131,2,33.666666666666664,1,0,1,0,1,0,0,0,1,0,0
0,14,20,280,2,6.666666666666667,1,1,1,0,0,0,1,1,0,0,0
0,50,103,5150,3,25.75,1,1,1,1,0,0,0,0,0,1,0
0,1,20,20,2,6.666666666666667,1,1,1,0,0,0,0,0,0,0,0
1,41,100,4100,2,33.333333333333336,1,0,1,0,1,0,0,0,1,0,1
1,30,50,1500,3,12.5,1,0,1,1,0,0,1,0,1,0,1
1,64,24,1536,2,8.0,1,1,1,0,0,1,0,0,0,1,0
1,7,64,448,2,21.333333333333332,1,0,1,0,0,1,0,0,0,0,0
0,1,75,75,2,25.0,1,1,1,0,0,0,0,0,0,0,0
0,51,84,4284,2,28.0,1,0,1,0,0,0,0,0,0,1,0
0,50,80,4000,2,26.666666666666668,0,1,1,0,0,0,0,0,0,1,0
0,44,20,880,2,6.666666666666667,1,1,1,0,0,0,0,0,1,0,0
0,65,105,6825,3,26.25,0,0,1,1,0,0,1,0,0,1,0
1,1,26,26,1,13.0,0,0,0,0,0,0,1,0,0,0,1
0,2,45,90,2,15.0,1,0,1,0,1,0,0,0,0,0,1
0,48,102,4896,2,34.0,0,0,1,0,1,0,0,0,1,0,0
0,6,110,660,2,36.666666666666664,0,0,1,0,0,0,0,0,0,0,1
0,35,62,2170,2,20.666666666666668,0,0,1,0,0,0,0,0,1,0,0
0,22,50,1100,1,25.0,0,0,0,0,0,0,1,1,0,0,0
0,72,61,4392,1,30.5,1,1,0,0,0,1,0,0,0,1,0
1,55,76,4180,3,19.0,0,1,1,1,0,0,1,0,0,1,0
0,69,106,7314,3,26.5,1,1,1,1,1,0,0,0,0,1,0
1,72,73,5256,3,18.25,1,0,1,1,0,0,0,0,0,1,0
1,1,91,91,2,30.333333333333332,0,0,1,0,0,0,0,0,0,0,1
0,26,105,2730,3,26.25,0,1,1,1,1,0,1,0,1,0,0
0,23,21,483,3,5.25,1,1,1,1,0,1,0,1,0,0,0
0,2,76,152,3,19.0,1,0,1,1,1,0,0,0,0,0,1
1,40,104,4160,3,26.0,0,0,1,1,1,0,0,0,1,0,0
0,1,95,95,2,31.666666666666668,0,0,1,0,1,0,0,0,0,0,1
1,27,75,2025,2,25.0,0,0,1,0,0,0,1,0,1,0,1
0,9,65,585,2,21.666666666666668,0,1,1,0,0,0,0,0,0,0,1
1,50,88,4400,3,22.0,0,0,1,1,1,1,0,0,0,1,1
0,46,20,920,2,6.666666666666667,1,1,1,0,1,0,0,0,1,0,0
0,15,25,375,2,8.333333333333334,0,0,1,0,0,0,0,1,0,0,0
0,23,79,1817,3,19.75,0,0,1,1,0,1,0,1,0,0,0
0,2,59,118,2,19.666666666666668,0,0,1,0,0,0,0,0,0,0,0
0,18,91,1638,2,30.333333333333332,1,0,1,0,0,1,0,1,0,0,1
1,70,76,5320,3,19.0,0,0,1,1,1,0,0,0,0,1,0
0,9,49,441,2,16.333333333333332,0,1,1,0,0,0,0,0,0,0,0
0,30,68,2040,3,17.0,1,1,1,1,0,1,0,0,1,0,0
0,15,75,1125,2,25.0,1,1,1,0,0,1,0,1,0,0,0
1,39,91,3549,3,22.75,1,0,1,1,1,0,0,0,1,0,0
0,12,49,588,2,16.333333333333332,0,0,1,0,0,1,0,0,0,0,0
0,19,90,1710,2,30.0,1,0,1,0,0,0,0,1,0,0,0
1,24,55,1320,3,13.75,1,0,1,1,0,0,1,1,0,0,0
0,67,103,6901,2,34.333333333333336,0,0,1,0,0,0,0,0,0,1,1
0,69,60,4140,1,30.0,1,0,0,0,1,1,0,0,0,1,0
0,55,85,4675,3,21.25,0,1,1,1,0,0,1,0,0,1,0
0,52,63,3276,3,15.75,1,0,1,1,0,0,1,0,0,1,0
0,17,94,1598,3,23.5,0,0,1,1,1,0,0,1,0,0,1
0,19,49,931,3,12.25,0,1,1,1,1,0,0,1,0,0,0
0,39,75,2925,2,25.0,1,0,1,0,0,0,0,0,1,0,1
0,40,62,2480,2,20.666666666666668,1,0,1,0,0,0,0,0,1,0,0
0,26,21,546,2,7.0,1,0,1,0,1,0,0,0,1,0,0
0,1,20,20,2,6.666666666666667,0,0,1,0,0,0,1,0,0,0,0
1,18,79,1422,3,19.75,1,0,1,1,1,1,0,1,0,0,1
1,15,75,1125,2,25.0,0,0,1,0,1,0,0,1,0,0,1
0,2,20,40,3,5.0,0,0,1,1,0,0,0,0,0,0,0
0,1,79,79,2,26.333333333333332,0,0,1,0,0,0,0,0,0,0,1
0,23,95,2185,2,31.666666666666668,1,0,1,0,1,0,0,1,0,0,0
0,72,67,4824,3,16.75,0,1,1,1,0,0,1,0,0,1,0
0,2,20,40,3,5.0,0,0,1,1,1,0,0,0,0,0,0
1,70,89,6230,3,22.25,1,0,1,1,0,0,1,0,0,1,0
0,46,20,920,3,5.0,0,1,1,1,1,0,0,0,1,0,0
0,36,20,720,2,6.666666666666667,0,0,1,0,0,0,1,0,1,0,0
0,72,110,7920,3,27.5,0,0,1,1,1,0,0,0,0,1,0
0,6,49,294,2,16.333333333333332,0,1,1,0,0,0,0,0,0,0,0
0,4,20,80,3,5.0,0,1,1,1,1,0,0,0,0,0,0
0,1,85,85,2,28.333333333333332,0,0,1,0,0,1,0,0,0,0,1
0,1,83,83,2,27.666666666666668,0,0,1,0,0,0,1,0,0,0,0
0,13,100,1300,3,25.0,0,0,1,1,1,0,0,1,0,0,1
0,64,48,3072,1,24.0,0,0,0,0,0,0,0,0,0,1,1
0,8,45,360,2,15.0,1,1,0,1,1,0,0,0,0,0,0
0,1,75,75,3,18.75,1,0,1,1,0,0,1,0,0,0,1
0,4,101,404,2,33.666666666666664,0,0,1,0,1,0,0,0,0,0,0
0,1,50,50,3,12.5,1,1,1,1,1,0,0,0,0,0,0
0,62,24,1488,3,6.0,1,1,1,1,0,0,1,0,0,1,0
1,34,96,3264,3,24.0,0,0,1,1,1,0,0,0,1,0,0
0,1,44,44,2,14.666666666666666,1,1,1,0,0,0,0,0,0,0,1
0,24,101,2424,2,33.666666666666664,1,0,1,0,1,0,0,1,0,0,1
0,72,105,7560,3,26.25,1,1,1,1,1,0,1,0,0,1,0
0,1,20,20,3,5.0,0,0,1,1,1,0,0,0,0,0,0
1,63,104,6552,2,34.666666666666664,0,0,1,0,0,0,0,0,0,1,0
0,66,109,7194,3,27.25,0,1,1,1,1,1,0,0,0,1,0
0,61,80,4880,2,26.666666666666668,1,0,1,0,1,0,1,0,0,1,0
0,67,20,1340,3,5.0,1,0,1,1,1,0,0,0,0,1,0
0,12,96,1152,3,24.0,0,0,1,1,0,0,1,0,0,0,1
0,19,35,665,2,11.666666666666666,1,1,0,1,0,0,1,1,0,0,0
0,67,20,1340,2,6.666666666666667,1,0,1,0,1,0,0,0,0,1,0
0,13,80,1040,3,20.0,0,0,1,1,1,0,0,1,0,0,0
0,1,45,45,3,11.25,0,0,1,1,0,0,1,0,0,0,0
0,3,85,255,2,28.333333333333332,0,1,1,0,0,0,0,0,0,0,1
0,3,20,60,3,5.0,1,1,1,1,1,0,1,0,0,0,0
0,17,104,1768,3,26.0,0,1,1,1,1,0,1,1,0,0,1
0,52,54,2808,2,18.0,1,0,1,0,1,0,0,0,0,1,0
0,51,19,969,2,6.333333333333333,1,1,1,0,0,0,1,0,0,1,0
1,5,85,425,2,28.333333333333332,0,0,1,0,1,1,0,0,0,0,1
1,29,36,1044,1,18.0,0,1,0,0,0,0,0,0,1,0,0
0,1,20,20,2,6.666666666666667,0,1,1,0,0,0,1,0,0,0,1
0,1,20,20,2,6.666666666666667,0,0,1,0,0,0,0,0,0,0,1
0,42,94,3948,2,31.333333333333332,0,1,1,0,0,0,1,0,1,0,0
0,16,88,1408,3,22.0,0,0,1,1,1,0,0,1,0,0,1
0,11,45,495,2,15.0,1,0,1,0,0,0,1,0,0,0,0
1,26,94,2444,2,31.333333333333332,0,0,1,0,0,0,0,0,1,0,1
0,54,61,3294,2,20.333333333333332,1,1,1,0,1,0,0,0,0,1,0
0,30,94,2820,3,23.5,1,0,1,1,1,0,1,0,1,0,1
1,66,79,5214,2,26.333333333333332,1,1,1,0,0,0,0,0,0,1,1
0,72,109,7848,2,36.333333333333336,0,1,1,0,1,0,0,0,0,1,0
0,12,24,288,2,8.0,1,1,1,0,1,0,0,0,0,0,0
0,19,107,2033,3,26.75,0,0,1,1,0,0,1,1,0,0,1
0,9,69,621,2,23.0,1,0,1,0,0,0,1,0,0,0,0
0,0,73,0,2,24.333333333333332,0,1,1,0,0,0,0,0,0,0,0
0,66,25,1650,3,6.25,1,0,1,1,1,0,0,0,0,1,0
1,10,35,350,1,17.5,1,1,0,0,0,1,0,0,0,0,0
0,56,24,1344,2,8.0,0,1,1,0,1,0,0,0,0,1,0
0,67,19,1273,2,6.333333333333333,0,1,1,0,0,1,0,0,0,1,0
0,64,60,3840,1,30.0,1,1,0,0,0,0,0,0,0,1,0
0,64,81,5184,3,20.25,0,0,1,1,1,0,0,0,0,1,0
1,13,70,910,2,23.333333333333332,1,0,1,0,0,0,0,1,0,0,0
0,5,96,480,2,32.0,1,0,1,0,1,0,0,0,0,0,1
0,4,35,140,1,17.5,0,0,0,0,1,1,0,0,0,0,0
0,45,20,900,3,5.0,0,1,1,1,1,0,1,0,1,0,0
0,18,95,1710,2,31.666666666666668,1,0,1,0,0,0,0,1,0,0,0
0,3,58,174,3,14.5,0,0,1,1,1,0,0,0,0,0,0
0,1,21,21,3,5.25,1,0,1,1,1,1,0,0,0,0,1
0,29,46,1334,1,23.0,1,0,0,0,0,0,0,0,1,0,0
0,69,25,1725,2,8.333333333333334,0,0,1,0,0,0,1,0,0,1,0
0,21,100,2100,2,33.333333333333336,0,0,1,0,0,0,0,1,0,0,0
0,20,44,880,2,14.666666666666666,0,0,1,0,0,0,0,1,0,0,0
0,72,110,7920,2,36.666666666666664,1,1,1,0,0,0,0,0,0,1,0
0,7,24,168,1,12.0,1,0,0,0,0,1,0,0,0,0,0
0,5,20,100,3,5.0,1,0,1,1,1,1,0,0,0,0,0
0,6,50,300,3,12.5,0,0,1,1,0,0,1,0,0,0,0
0,13,66,858,3,16.5,1,1,1,1,0,0,0,1,0,0,0
0,1,20,20,3,5.0,0,1,1,1,0,1,0,0,0,0,0
0,3,79,237,3,19.75,0,0,1,1,0,0,1,0,0,0,1
0,7,96,672,2,32.0,1,0,1,0,0,0,1,0,0,0,0
0,6,85,510,3,21.25,1,0,1,1,0,1,0,0,0,0,1
0,1,20,20,2,6.666666666666667,1,0,1,0,0,0,1,0,0,0,1
0,11,20,220,2,6.666666666666667,0,0,1,0,0,0,1,0,0,0,0
0,63,100,6300,2,33.333333333333336,0,0,1,0,0,0,0,0,0,1,1
1,3,75,225,2,25.0,0,0,1,0,0,0,0,0,0,0,0
0,6,19,114,3,4.75,1,0,1,1,1,1,0,0,0,0,0
0,70,69,4830,3,17.25,0,1,1,1,0,0,0,0,0,1,0
0,37,90,3330,2,30.0,1,0,1,0,0,0,0,0,1,0,0
1,38,20,760,3,5.0,0,0,1,1,1,1,0,0,1,0,0
1,29,59,1711,3,14.75,0,0,1,1,1,0,1,0,1,0,0
0,9,20,180,3,5.0,1,0,1,1,1,0,0,0,0,0,0
1,23,21,483,3,5.25,1,0,1,1,0,0,1,1,0,0,0
1,20,91,1820,2,30.333333333333332,0,0,1,0,0,0,1,1,0,0,1
0,70,24,1680,2,8.0,0,1,1,0,1,0,0,0,0,1,0
0,70,101,7070,3,25.25,1,0,1,1,0,0,1,0,0,1,0
1,5,85,425,2,28.333333333333332,0,0,1,0,0,0,0,0,0,0,0
0,72,81,5832,3,20.25,1,1,1,1,1,0,1,0,0,1,0
0,72,56,4032,2,18.666666666666668,0,1,0,1,1,0,0,0,0,1,0
0,4,95,380,2,31.666666666666668,1,0,1,0,1,0,0,0,0,0,0
0,7,20,140,3,5.0,0,0,1,1,1,1,0,0,0,0,1
0,23,82,1886,3,20.5,0,1,1,1,1,0,1,1,0,0,0
0,11,65,715,3,16.25,0,0,1,1,0,0,1,0,0,0,0
0,23,20,460,2,6.666666666666667,1,1,1,0,0,1,0,1,0,0,0
0,12,54,648,2,18.0,0,0,1,0,0,0,0,0,0,0,0
0,49,94,4606,3,23.5,1,1,1,1,1,0,0,0,0,1,0
0,14,85,1190,2,28.333333333333332,1,0,1,0,1,0,0,1,0,0,1
0,56,36,2016,1,18.0,1,1,0,0,1,1,0,0,0,1,0
0,3,20,60,3,5.0,0,0,1,1,1,0,0,0,0,0,0
0,69,110,7590,3,27.5,0,0,1,1,1,0,1,0,0,1,0
1,6,81,486,3,20.25,1,0,1,1,1,0,0,0,0,0,0
0,49,21,1029,2,7.0,0,0,1,0,0,0,1,0,0,1,0
0,18,95,1710,3,23.75,1,0,1,1,1,1,0,1,0,0,1
1,1,70,70,2,23.333333333333332,1,0,1,0,0,0,0,0,0,0,1
0,3,35,105,2,11.666666666666666,0,0,0,1,0,0,1,0,0,0,1
0,2,86,172,2,28.666666666666668,1,0,1,0,1,0,0,0,0,0,1
0,54,20,1080,3,5.0,1,0,1,1,1,0,0,0,0,1,0
0,24,51,1224,3,12.75,1,0,1,1,0,0,0,1,0,0,0
0,54,60,3240,2,20.0,0,1,1,0,1,1,0,0,0,1,0
0,15,20,300,2,6.666666666666667,1,0,1,0,0,0,0,1,0,0,0
0,45,82,3690,3,20.5,0,0,1,1,1,1,0,0,1,0,0
0,46,38,1748,2,12.666666666666666,1,0,0,1,0,0,1,0,1,0,0
0,12,54,648,2,18.0,0,0,1,0,0,1,0,0,0,0,0
0,71,76,5396,3,19.0,0,1,1,1,1,0,0,0,0,1,0
0,13,32,416,1,16.0,0,0,0,0,1,0,0,1,0,0,0
1,1,73,73,3,18.25,0,0,1,1,1,0,0,0,0,0,1
0,58,92,5336,2,30.666666666666668,0,1,1,0,0,1,0,0,0,1,0
0,7,75,525,2,25.0,0,0,1,0,0,0,0,0,0,0,1
0,48,24,1152,2,8.0,1,1,1,0,0,0,0,0,1,0,0
0,71,98,6958,2,32.666666666666664,1,0,1,0,0,0,1,0,0,1,0
0,9,20,180,3,5.0,1,1,1,1,1,1,0,0,0,0,0
0,18,56,1008,3,14.0,0,1,1,1,1,0,1,1,0,0,0
0,1,20,20,2,6.666666666666667,1,0,1,0,0,1,0,0,0,0,0
1,67,20,1340,2,6.666666666666667,0,0,1,0,0,0,0,0,0,1,0
0,1,85,85,2,28.333333333333332,1,0,1,0,1,0,0,0,0,0,0
0,56,98,5488,2,32.666666666666664,0,0,1,0,0,1,0,0,0,1,0
0,54,46,2484,1,23.0,1,0,0,0,0,0,1,0,0,1,0
0,14,20,280,2,6.666666666666667,0,1,1,0,0,1,0,1,0,0,0
1,14,46,644,2,15.333333333333334,0,0,0,1,0,0,1,1,0,0,0
0,54,70,3780,3,17.5,1,0,1,1,0,0,1,0,0,1,0
0,72,68,4896,3,17.0,1,0,1,1,1,0,1,0,0,1,0
0,17,56,952,3,14.0,1,0,1,1,0,0,1,1,0,0,0
0,1,20,20,3,5.0,0,1,1,1,0,0,0,0,0,0,0
0,30,85,2550,2,28.333333333333332,0,0,1,0,0,0,0,0,1,0,1
0,50,20,1000,2,6.666666666666667,0,1,1,0,0,0,1,0,0,1,0
0,3,20,60,3,5.0,1,1,1,1,1,1,0,0,0,0,0
0,12,74,888,3,18.5,1,0,1,1,0,0,1,0,0,0,0
0,13,81,1053,2,27.0,0,0,1,0,0,0,0,1,0,0,1
1,25,69,1725,3,17.25,0,0,1,1,1,1,0,0,1,0,0
0,2,90,180,2,30.0,0,0,1,0,0,0,1,0,0,0,1
0,36,71,2556,2,23.666666666666668,0,0,1,0,0,1,0,0,1,0,0
0,3,50,150,3,12.5,1,0,1,1,1,0,1,0,0,0,0
0,66,64,4224,2,21.333333333333332,1,0,1,0,1,0,0,0,0,1,0
0,15,101,1515,2,33.666666666666664,1,0,1,0,1,0,0,1,0,0,1
0,61,74,4514,3,18.5,0,1,1,1,1,0,0,0,0,1,0
0,70,115,8050,2,38.333333333333336,1,0,1,0,1,0,0,0,0,1,0
1,35,40,1400,1,20.0,0,0,0,0,0,0,1,0,1,0,0
0,1,49,49,2,16.333333333333332,0,0,1,0,0,0,0,0,0,0,1
0,48,21,1008,3,5.25,0,1,1,1,1,1,0,0,1,0,0
0,70,40,2800,2,13.333333333333334,1,0,0,1,0,0,1,0,0,1,0
0,12,105,1260,3,26.25,0,1,1,1,1,0,1,0,0,0,0
0,61,114,6954,2,38.0,1,0,1,0,1,1,0,0,0,1,0
0,38,84,3192,2,28.0,0,0,1,0,0,0,1,0,1,0,1
0,1,71,71,2,23.666666666666668,1,0,1,0,0,0,0,0,0,0,1
0,56,65,3640,3,16.25,0,1,1,1,1,0,1,0,0,1,0
0,5,85,425,2,28.333333333333332,0,0,1,0,0,0,0,0,0,0,1
0,11,46,506,2,15.333333333333334,1,0,1,0,1,0,0,0,0,0,0
0,59,106,6254,2,35.333333333333336,0,1,1,0,0,1,0,0,0,1,0
0,1,45,45,3,11.25,0,0,1,1,0,1,0,0,0,0,0
1,72,104,7488,3,26.0,1,0,1,1,0,0,0,0,0,1,1
0,22,20,440,2,6.666666666666667,1,1,1,0,1,0,0,1,0,0,0
0,17,45,765,2,15.0,1,1,1,0,0,1,0,1,0,0,0
0,50,44,2200,1,22.0,1,0,0,0,1,0,0,0,0,1,0
0,8,67,536,3,16.75,1,0,1,1,1,1,0,0,0,0,0
0,56,60,3360,2,20.0,1,1,1,0,0,1,0,0,0,1,0
0,3,80,240,2,26.666666666666668,0,1,1,0,0,0,0,0,0,0,1
0,40,20,800,2,6.666666666666667,1,1,1,0,1,0,0,0,1,0,0
1,67,101,6767,3,25.25,1,0,1,1,1,1,0,0,0,1,0
0,4,92,368,2,30.666666666666668,0,0,1,0,1,1,0,0,0,0,1
0,67,21,1407,3,5.25,0,0,1,1,1,0,0,0,0,1,0
0,4,50,200,3,12.5,0,1,1,1,1,0,0,0,0,0,0
0,61,24,1464,3,6.0,0,1,1,1,1,0,0,0,0,1,0
0,69,26,1794,3,6.5,0,0,1,1,1,0,0,0,0,1,0
0,49,20,980,2,6.666666666666667,0,0,1,0,0,0,0,0,0,1,0
0,49,85,4165,3,21.25,1,0,1,1,1,1,0,0,0,1,0
0,35,113,3955,3,28.25,0,0,1,1,1,0,0,0,1,0,0
0,69,24,1656,3,6.0,1,1,1,1,1,0,1,0,0,1,0
0,60,60,3600,3,15.0,0,0,1,1,1,0,1,0,0,1,0
0,1,40,40,1,20.0,0,1,0,0,1,0,0,0,0,0,1
0,17,56,952,3,14.0,0,1,1,1,1,0,0,1,0,0,1
0,1,45,45,2,15.0,0,0,1,0,0,0,0,0,0,0,0
0,5,21,105,3,5.25,1,1,1,1,1,0,0,0,0,0,0
0,13,20,260,2,6.666666666666667,0,0,1,0,1,0,0,1,0,0,0
0,4,74,296,2,24.666666666666668,1,0,1,0,1,1,0,0,0,0,1
0,53,79,4187,2,26.333333333333332,1,1,1,0,0,0,1,0,0,1,0
0,72,64,4608,2,21.333333333333332,0,1,0,1,1,0,0,0,0,1,0
0,24,21,504,2,7.0,1,0,1,0,0,0,0,1,0,0,0
0,19,25,475,2,8.333333333333334,0,0,1,0,0,1,0,1,0,0,0
0,5,76,380,3,19.0,0,0,1,1,1,0,1,0,0,0,0
1,71,87,6177,2,29.0,1,1,1,0,1,0,0,0,0,1,0
0,42,60,2520,3,15.0,0,0,1,1,1,1,0,0,1,0,0
0,14,56,784,2,18.666666666666668,1,0,1,0,0,1,0,1,0,0,0
0,1,51,51,3,12.75,1,0,1,1,0,0,1,0,0,0,0
1,2,71,142,3,17.75,0,0,1,1,1,0,0,0,0,0,1
1,72,92,6624,2,30.666666666666668,0,1,1,0,1,0,0,0,0,1,1
0,13,88,1144,2,29.333333333333332,0,1,1,0,0,0,1,1,0,0,1
0,18,78,1404,3,19.5,0,0,1,1,1,0,0,1,0,0,0
0,45,97,4365,2,32.333333333333336,0,0,1,0,1,1,0,0,1,0,0
1,55,100,5500,3,25.0,0,0,1,1,0,1,0,0,0,1,0
0,1,50,50,2,16.666666666666668,1,1,1,0,0,0,0,0,0,0,0
0,1,21,21,3,5.25,1,0,1,1,1,0,0,0,0,0,0
0,65,25,1625,3,6.25,1,0,1,1,0,1,0,0,0,1,0
0,46,69,3174,2,23.0,0,0,1,0,1,0,0,0,1,0,0
0,21,21,441,2,7.0,0,1,1,0,0,0,0,1,0,0,0
1,24,101,2424,3,25.25,1,0,1,1,1,0,0,1,0,0,1
0,34,61,2074,1,30.5,0,1,0,0,1,0,0,0,1,0,0
0,13,75,975,3,18.75,0,0,1,1,1,0,1,1,0,0,0
0,48,70,3360,2,23.333333333333332,0,1,1,0,1,1,0,0,1,0,0
0,56,107,5992,2,35.666666666666664,0,0,1,0,1,0,0,0,0,1,0
0,42,100,4200,2,33.333333333333336,0,1,1,0,1,0,1,0,1,0,0
0,4,55,220,2,18.333333333333332,0,0,1,0,0,0,1,0,0,0,0
0,65,55,3575,3,13.75,0,0,1,1,1,0,0,0,0,1,0
0,3,25,75,1,12.5,1,0,0,0,0,1,0,0,0,0,0
0,70,81,5670,3,20.25,0,1,1,1,1,0,0,0,0,1,0
1,1,89,89,2,29.666666666666668,1,0,1,0,0,0,1,0,0,0,1
0,66,55,3630,3,13.75,1,0,1,1,1,0,0,0,0,1,0
0,19,55,1045,3,13.75,1,0,1,1,1,1,0,1,0,0,1
0,70,24,1680,2,8.0,1,0,1,0,0,0,0,0,0,1,0
0,41,100,4100,2,33.333333333333336,1,0,1,0,0,1,0,0,1,0,0
0,45,110,4950,2,36.666666666666664,1,1,1,0,0,0,0,0,1,0,0
0,49,20,980,2,6.666666666666667,0,0,1,0,1,0,0,0,0,1,0
1,22,90,1980,2,30.0,1,0,1,0,0,0,1,1,0,0,1
0,56,100,5600,3,25.0,0,1,1,1,1,0,0,0,0,1,0
0,15,56,840,3,14.0,0,0,1,1,1,0,0,1,0,0,1
0,67,100,6700,2,33.333333333333336,0,1,1,0,0,0,0,0,0,1,0
0,1,20,20,3,5.0,1,1,1,1,1,0,0,0,0,0,0
1,38,101,3838,3,25.25,1,1,1,1,1,0,0,0,1,0,0
0,52,74,3848,2,24.666666666666668,0,0,1,0,0,0,1,0,0,1,0
0,34,20,680,2,6.666666666666667,0,1,1,0,0,0,0,0,1,0,0
0,69,20,1380,2,6.666666666666667,1,1,1,0,1,0,0,0,0,1,0
0,4,102,408,2,34.0,1,1,1,0,0,0,0,0,0,0,1
0,63,59,3717,2,19.666666666666668,0,0,1,0,0,0,0,0,0,1,0
0,24,20,480,3,5.0,1,0,1,1,1,0,0,1,0,0,0
0,62,91,5642,2,30.333333333333332,1,0,1,0,0,0,0,0,0,1,0
0,36,19,684,3,4.75,0,0,1,1,0,0,1,0,1,0,0
0,38,68,2584,2,22.666666666666668,0,0,1,0,0,0,0,0,1,0,0
1,47,80,3760,3,20.0,0,0,1,1,0,0,0,0,1,0,1
0,38,79,3002,2,26.333333333333332,1,0,1,0,1,0,0,0,1,0,1
0,42,92,3864,2,30.666666666666668,0,1,1,0,0,0,0,0,1,0,0
0,42,25,1050,2,8.333333333333334,0,0,1,0,0,1,0,0,1,0,0
0,3,75,225,2,25.0,0,0,1,0,0,0,0,0,0,0,0
1,8,100,800,3,25.0,1,0,1,1,0,0,1,0,0,0,1
1,9,84,756,2,28.0,1,0,1,0,0,0,0,0,0,0,1
0,58,68,3944,2,22.666666666666668,0,0,1,0,1,0,0,0,0,1,0
1,21,60,1260,2,20.0,1,0,1,0,0,0,0,1,0,0,1
0,10,21,210,2,7.0,0,0,1,0,0,0,0,0,0,0,0
0,70,99,6930,2,33.0,0,0,1,0,0,0,1,0,0,1,0
0,26,75,1950,3,18.75,1,0,1,1,1,0,0,0,1,0,0
1,36,96,3456,2,32.0,1,0,1,0,1,0,0,0,1,0,1
0,72,68,4896,3,17.0,1,0,1,1,1,0,0,0,0,1,0
0,9,74,666,2,24.666666666666668,0,0,1,0,0,0,1,0,0,0,1
0,15,100,1500,2,33.333333333333336,0,0,1,0,0,0,0,1,0,0,0
1,63,83,5229,2,27.666666666666668,0,0,1,0,0,0,1,0,0,1,0
0,4,64,256,3,16.0,1,0,1,1,1,0,1,0,0,0,0
0,25,21,525,2,7.0,1,0,1,0,1,0,0,0,1,0,0
0,46,20,920,3,5.0,1,0,1,1,1,0,0,0,1,0,0
1,44,104,4576,3,26.0,0,0,1,1,1,1,0,0,1,0,0
0,12,20,240,2,6.666666666666667,1,0,1,0,0,1,0,0,0,0,0
0,1,45,45,2,15.0,1,0,1,0,0,0,0,0,0,0,0
0,1,49,49,2,16.333333333333332,1,0,1,0,0,0,1,0,0,0,1
1,20,62,1240,2,20.666666666666668,0,0,1,0,0,1,0,1,0,0,1
0,72,118,8496,3,29.5,0,1,1,1,1,0,0,0,0,1,0
0,53,60,3180,2,20.0,1,0,0,1,0,0,1,0,0,1,1
0,52,19,988,3,4.75,1,1,1,1,1,0,0,0,0,1,0
1,2,74,148,2,24.666666666666668,1,0,1,0,0,0,0,0,0,0,0
0,50,94,4700,2,31.333333333333332,1,0,1,0,0,0,0,0,0,1,0
0,17,69,1173,2,23.0,1,1,1,0,0,0,0,1,0,0,1
1,51,29,1479,1,14.5,1,0,0,0,0,1,0,0,0,1,0
1,16,79,1264,2,26.333333333333332,1,0,1,0,1,0,1,1,0,0,0
0,18,95,1710,3,23.75,0,0,1,1,0,0,1,1,0,0,0
0,71,85,6035,3,21.25,1,1,1,1,0,0,1,0,0,1,0
0,68,45,3060,2,15.0,1,1,0,1,0,0,1,0,0,1,0
1,1,75,75,2,25.0,1,0,1,0,0,0,1,0,0,0,0
0,25,19,475,3,4.75,0,1,1,1,1,0,0,0,1,0,0
1,24,93,2232,2,31.0,1,0,1,0,1,0,0,1,0,0,1
0,14,51,714,2,17.0,1,0,0,1,1,0,0,1,0,0,1
0,55,59,3245,2,19.666666666666668,1,0,1,0,0,0,1,0,0,1,0
0,25,61,1525,1,30.5,0,0,0,0,0,0,0,0,1,0,0
0,10,60,600,2,20.0,1,1,1,0,1,0,0,0,0,0,0
0,61,104,6344,3,26.0,1,1,1,1,1,0,0,0,0,1,0
0,6,59,354,2,19.666666666666668,1,0,1,0,1,0,0,0,0,0,0
0,13,20,260,2,6.666666666666667,1,0,1,0,0,0,1,1,0,0,0
0,1,45,45,3,11.25,0,0,1,1,1,1,0,0,0,0,0
0,2,70,140,3,17.5,0,0,1,1,1,0,0,0,0,0,0
1,49,96,4704,2,32.0,1,0,1,0,1,0,0,0,0,1,1
0,1,45,45,3,11.25,0,0,1,1,1,0,0,0,0,0,1
0,37,94,3478,2,31.333333333333332,1,0,1,0,0,1,0,0,1,0,0
0,40,20,800,2,6.666666666666667,0,1,1,0,0,0,0,0,1,0,0
1,23,95,2185,2,31.666666666666668,0,0,1,0,0,0,1,1,0,0,1
1,66,108,7128,2,36.0,0,0,1,0,1,0,0,0,0,1,0
0,17,93,1581,2,31.0,1,1,1,0,0,0,0,1,0,0,1
1,9,85,765,2,28.333333333333332,1,0,1,0,0,0,0,0,0,0,1
1,39,101,3939,2,33.666666666666664,0,0,1,0,0,1,0,0,1,0,0
0,23,40,920,2,13.333333333333334,1,1,0,1,0,0,1,1,0,0,0
0,50,20,1000,3,5.0,1,0,1,1,0,1,0,0,0,1,0
0,3,98,294,2,32.666666666666664,0,0,1,0,0,0,0,0,0,0,1
0,61,19,1159,2,6.333333333333333,0,0,1,0,0,0,0,0,0,1,0
0,24,89,2136,2,29.666666666666668,0,0,1,0,0,0,0,1,0,0,0
0,14,85,1190,2,28.333333333333332,0,1,1,0,0,1,0,1,0,0,0
0,52,26,1352,2,8.666666666666666,1,1,1,0,1,0,0,0,0,1,0
0,15,84,1260,2,28.0,0,0,1,0,1,0,0,1,0,0,1
0,33,59,1947,2,19.666666666666668,0,0,1,0,1,0,0,0,1,0,0
1,69,95,6555,2,31.666666666666668,1,0,1,0,1,0,1,0,0,1,0
0,61,88,5368,3,22.0,0,1,1,1,1,0,0,0,0,1,0
0,71,116,8236,3,29.0,1,1,1,1,1,1,0,0,0,1,0
0,53,91,4823,3,22.75,0,0,1,1,1,0,0,0,0,1,0
1,42,56,2352,2,18.666666666666668,0,0,1,0,1,0,0,0,1,0,0
0,36,79,2844,2,26.333333333333332,1,0,1,0,1,0,0,0,1,0,0
0,25,106,2650,3,26.5,1,0,1,1,0,0,0,0,1,0,0
0,8,21,168,2,7.0,0,0,1,0,1,0,0,0,0,0,0
0,16,96,1536,3,24.0,0,0,1,1,0,0,1,1,0,0,1
0,12,90,1080,2,30.0,0,0,1,0,0,0,1,0,0,0,1
0,28,105,2940,3,26.25,0,0,1,1,0,0,1,0,1,0,1
0,7,94,658,3,23.5,1,0,1,1,1,0,1,0,0,0,0
1,32,105,3360,2,35.0,1,0,1,0,0,0,0,0,1,0,1
0,1,79,79,2,26.333333333333332,0,1,1,0,1,1,0,0,0,0,1
0,8,30,240,1,15.0,1,0,0,0,1,0,0,0,0,0,1
0,63,103,6489,2,34.333333333333336,1,0,1,0,1,0,0,0,0,1,1
0,1,35,35,1,17.5,0,0,0,0,0,1,0,0,0,0,1
0,60,102,6120,2,34.0,1,0,1,0,1,0,0,0,0,1,0
0,16,86,1376,2,28.666666666666668,0,0,1,0,1,0,0,1,0,0,0
1,71,92,6532,2,30.666666666666668,1,0,1,0,0,1,0,0,0,1,0
0,40,85,3400,3,21.25,1,1,1,1,1,0,0,0,1,0,0
1,18,100,1800,3,25.0,0,0,1,1,0,1,0,1,0,0,1
0,5,79,395,2,26.333333333333332,1,0,1,0,0,0,0,0,0,0,0
0,33,79,2607,2,26.333333333333332,1,0,1,0,0,1,0,0,1,0,0
0,13,20,260,2,6.666666666666667,0,1,1,0,0,0,0,1,0,0,0
0,40,50,2000,2,16.666666666666668,0,0,1,0,0,0,0,0,1,0,0
1,67,116,7772,2,38.666666666666664,1,0,1,0,0,0,0,0,0,1,0
0,16,50,800,3,12.5,0,0,1,1,0,1,0,1,0,0,1
0,59,66,3894,2,22.0,1,0,1,0,0,0,0,0,0,1,0
1,8,70,560,3,17.5,1,0,1,1,1,0,0,0,0,0,0
0,7,20,140,2,6.666666666666667,1,1,1,0,1,0,0,0,0,0,0
0,72,24,1728,2,8.0,1,1,1,0,1,0,0,0,0,1,0
0,44,88,3872,2,29.333333333333332,0,0,1,0,1,0,0,0,1,0,0
1,38,75,2850,3,18.75,0,0,1,1,1,0,0,0,1,0,1
0,4,56,224,2,18.666666666666668,1,0,1,0,0,1,0,0,0,0,0
0,2,53,106,3,13.25,1,0,1,1,1,0,1,0,0,0,0
0,70,50,3500,1,25.0,0,0,0,0,0,0,0,0,0,1,0
0,33,91,3003,2,30.333333333333332,0,0,1,0,0,0,0,0,1,0,0
0,1,25,25,1,12.5,0,0,0,0,0,1,0,0,0,0,0
0,39,36,1404,2,12.0,1,0,0,1,1,0,0,0,1,0,0
1,55,116,6380,2,38.666666666666664,1,0,1,0,0,0,1,0,0,1,0
0,52,69,3588,2,23.0,1,1,1,0,1,0,0,0,0,1,0
0,30,51,1530,2,17.0,0,1,0,1,1,0,0,0,1,0,1
1,60,99,5940,2,33.0,1,0,1,0,0,1,0,0,0,1,0
0,50,55,2750,2,18.333333333333332,1,1,1,0,1,0,0,0,0,1,0
0,32,110,3520,2,36.666666666666664,0,0,1,0,0,0,0,0,1,0,0
0,51,107,5457,2,35.666666666666664,1,0,1,0,0,0,1,0,0,1,0
0,1,74,74,3,18.5,1,0,1,1,1,0,0,0,0,0,0
0,69,26,1794,2,8.666666666666666,0,1,1,0,0,0,0,0,0,1,0
0,42,94,3948,3,23.5,0,1,1,1,1,0,0,0,1,0,1
0,14,46,644,2,15.333333333333334,1,0,0,1,0,1,0,1,0,0,1
0,52,26,1352,3,6.5,1,1,1,1,1,0,0,0,0,1,0
0,62,108,6696,3,27.0,1,0,1,1,1,0,1,0,0,1,0
0,72,20,1440,2,6.666666666666667,0,1,1,0,1,0,0,0,0,1,0
0,32,96,3072,2,32.0,1,0,1,0,0,0,1,0,1,0,1
1,1,70,70,3,17.5,0,0,1,1,1,0,0,0,0,0,1
1,72,78,5616,3,19.5,0,0,1,1,0,0,1,0,0,1,0
1,1,45,45,2,15.0,0,0,1,0,1,0,0,0,0,0,1
0,1,26,26,2,8.666666666666666,0,0,1,0,0,1,0,0,0,0,0
0,5,104,520,2,34.666666666666664,1,0,1,0,1,0,0,0,0,0,1
0,63,105,6615,2,35.0,1,0,1,0,1,0,0,0,0,1,0
0,67,81,5427,3,20.25,1,1,1,1,1,0,0,0,0,1,0
0,40,96,3840,3,24.0,0,1,1,1,1,0,0,0,1,0,0
0,65,94,6110,3,23.5,1,0,1,1,1,0,0,0,0,1,0
0,16,20,320,3,5.0,0,1,1,1,1,1,0,1,0,0,0
1,46,69,3174,2,23.0,0,0,1,0,0,1,0,0,1,0,0
0,11,36,396,1,18.0,1,0,0,0,0,0,1,0,0,0,0
0,49,99,4851,3,24.75,0,0,1,1,1,0,1,0,0,1,0
0,68,54,3672,2,18.0,0,0,0,1,0,1,0,0,0,1,0
0,10,19,190,2,6.333333333333333,0,0,1,0,1,0,0,0,0,0,0
1,2,84,168,2,28.0,0,0,1,0,0,0,0,0,0,0,0
0,5,69,345,2,23.0,0,0,1,0,1,1,0,0,0,0,0
0,53,63,3339,3,15.75,1,1,1,1,1,1,0,0,0,1,0
1,54,110,5940,3,27.5,1,0,1,1,0,0,0,0,0,1,0
0,4,45,180,3,11.25,0,0,1,1,0,0,0,0,0,0,1
1,15,76,1140,2,25.333333333333332,1,0,1,0,0,0,0,1,0,0,1
0,10,20,200,2,6.666666666666667,1,0,1,0,0,0,0,0,0,0,0
0,3,55,165,3,13.75,0,0,1,1,1,1,0,0,0,0,1
0,71,25,1775,2,8.333333333333334,0,0,1,0,0,1,0,0,0,1,0
0,8,55,440,2,18.333333333333332,1,0,1,0,1,0,0,0,0,0,0
1,1,94,94,3,23.5,1,0,1,1,1,0,1,0,0,0,1
0,64,110,7040,3,27.5,0,1,1,1,0,0,1,0,0,1,0
0,57,19,1083,3,4.75,1,0,1,1,0,0,1,0,0,1,0
1,1,101,101,2,33.666666666666664,0,0,1,0,0,0,0,0,0,0,1
1,20,60,1200,2,20.0,0,0,1,0,0,0,1,1,0,0,0
1,26,66,1716,2,22.0,0,0,1,0,1,0,0,0,1,0,0
1,2,80,160,3,20.0,0,0,1,1,0,0,1,0,0,0,1
0,32,95,3040,3,23.75,1,1,1,1,1,0,0,0,1,0,0
0,5,25,125,3,6.25,0,0,1,1,1,0,0,0,0,0,0
0,70,111,7770,3,27.75,0,0,1,1,0,0,1,0,0,1,0
0,31,55,1705,3,13.75,1,0,1,1,0,1,0,0,1,0,1
0,7,60,420,3,15.0,0,0,1,1,1,0,1,0,0,0,1
0,1,25,25,2,8.333333333333334,1,0,0,1,1,0,0,0,0,0,0
1,20,99,1980,2,33.0,1,0,1,0,0,0,1,1,0,0,1
0,35,61,2135,2,20.333333333333332,1,0,1,0,1,0,0,0,1,0,0
0,6,61,366,3,15.25,1,0,1,1,0,1,0,0,0,0,0
0,72,75,5400,2,25.0,0,1,1,0,0,1,0,0,0,1,0
0,13,20,260,2,6.666666666666667,0,0,1,0,0,1,0,1,0,0,0
1,4,49,196,2,16.333333333333332,0,0,1,0,0,0,0,0,0,0,0
0,63,19,1197,3,4.75,1,1,1,1,1,0,0,0,0,1,0
0,69,85,5865,2,28.333333333333332,1,0,1,0,1,0,0,0,0,1,0
0,3,34,102,1,17.0,0,0,0,0,0,1,0,0,0,0,1
1,71,81,5751,2,27.0,0,0,1,0,0,0,0,0,0,1,0
0,15,19,285,3,4.75,1,0,1,1,1,0,0,1,0,0,0
0,30,20,600,2,6.666666666666667,0,1,1,0,0,0,1,0,1,0,0
0,23,83,1909,3,20.75,0,0,1,1,0,0,0,1,0,0,0
1,9,20,180,3,5.0,1,0,1,1,1,0,0,0,0,0,0
0,35,19,665,2,6.333333333333333,1,0,1,0,0,0,0,0,1,0,0
0,6,55,330,2,18.333333333333332,0,1,1,0,1,0,0,0,0,0,0
0,1,75,75,3,18.75,0,0,1,1,1,0,1,0,0,0,1
0,72,25,1800,2,8.333333333333334,0,1,1,0,0,0,1,0,0,1,0
0,45,84,3780,2,28.0,1,1,1,0,0,0,1,0,1,0,0
0,7,90,630,3,22.5,1,1,1,1,0,0,0,0,0,0,1
0,70,48,3360,1,24.0,1,0,0,0,0,1,0,0,0,1,0
0,53,20,1060,3,5.0,1,0,1,1,0,0,1,0,0,1,0
0,4,52,208,2,17.333333333333332,1,0,1,0,0,0,0,0,0,0,1
0,72,92,6624,3,23.0,0,0,1,1,1,0,0,0,0,1,0
0,72,45,3240,2,15.0,1,1,0,1,0,0,0,0,0,1,0
1,17,95,1615,2,31.666666666666668,1,0,1,0,0,0,0,1,0,0,0
0,7,70,490,2,23.333333333333332,0,0,1,0,1,0,0,0,0,0,0
0,11,20,220,2,6.666666666666667,0,1,1,0,0,1,0,0,0,0,1
0,2,75,150,3,18.75,0,0,1,1,0,0,0,0,0,0,1
0,11,78,858,2,26.0,1,1,1,0,1,0,0,0,0,0,0
1,5,91,455,2,30.333333333333332,1,0,1,0,0,0,0,0,0,0,1
1,4,75,300,2,25.0,1,0,1,0,0,0,0,0,0,0,1
0,30,50,1500,2,16.666666666666668,1,0,1,0,0,0,0,0,1,0,0
0,11,21,231,2,7.0,0,1,1,0,0,1,0,0,0,0,0
0,17,50,850,2,16.666666666666668,1,0,0,1,0,0,1,1,0,0,0
1,34,56,1904,2,18.666666666666668,0,0,0,1,0,0,1,0,1,0,0
1,2,30,60,1,15.0,0,0,0,0,0,0,1,0,0,0,1
0,55,19,1045,3,4.75,1,1,1,1,1,1,0,0,0,1,0
1,5,60,300,3,15.0,0,0,1,1,1,0,0,0,0,0,0
0,11,20,220,2,6.666666666666667,0,1,1,0,1,0,0,0,0,0,0
0,1,80,80,2,26.666666666666668,0,1,1,0,1,0,0,0,0,0,1
0,70,19,1330,2,6.333333333333333,0,0,1,0,0,0,0,0,0,1,0
1,2,75,150,2,25.0,1,0,1,0,0,1,0,0,0,0,1
0,7,74,518,3,18.5,0,0,1,1,1,0,0,0,0,0,1
0,35,20,700,3,5.0,1,0,1,1,0,0,1,0,1,0,0
0,58,71,4118,2,23.666666666666668,0,0,1,0,0,1,0,0,0,1,0
0,72,109,7848,3,27.25,0,1,1,1,0,0,0,0,0,1,0
0,68,63,4284,3,15.75,1,1,1,1,0,1,0,0,0,1,0
0,26,59,1534,2,19.666666666666668,1,0,1,0,0,1,0,0,1,0,0
0,12,45,540,2,15.0,0,0,1,0,0,1,0,0,0,0,0
0,25,60,1500,3,15.0,1,1,1,1,1,0,1,0,1,0,0
1,72,115,8280,2,38.333333333333336,1,1,1,0,1,1,0,0,0,1,0
0,70,115,8050,3,28.75,1,1,1,1,1,0,0,0,0,1,0
1,1,50,50,2,16.666666666666668,1,1,1,0,0,0,0,0,0,0,1
0,26,87,2262,3,21.75,1,0,1,1,0,1,0,0,1,0,0
0,2,66,132,3,16.5,0,1,1,1,1,0,0,0,0,0,1
0,28,20,560,3,5.0,0,1,1,1,1,0,0,0,1,0,0
0,6,20,120,3,5.0,0,1,1,1,0,0,1,0,0,0,0
0,58,60,3480,1,30.0,0,1,0,0,1,0,0,0,0,1,0
1,29,45,1305,2,15.0,0,0,0,1,1,0,0,0,1,0,0
0,16,71,1136,2,23.666666666666668,1,0,1,0,0,0,1,1,0,0,0
1,43,101,4343,2,33.666666666666664,1,0,1,0,0,0,0,0,1,0,1
0,52,75,3900,2,25.0,1,0,1,0,0,0,0,0,0,1,0
0,72,119,8568,2,39.666666666666664,0,1,1,0,1,1,0,0,0,1,0
0,71,19,1349,2,6.333333333333333,1,1,1,0,1,0,0,0,0,1,0
0,65,20,1300,3,5.0,1,0,1,1,0,0,0,0,0,1,0
0,49,84,4116,3,21.0,0,0,1,1,0,1,0,0,0,1,0
0,52,84,4368,3,21.0,1,0,1,1,1,0,1,0,0,1,0
0,2,20,40,2,6.666666666666667,1,0,1,0,1,1,0,0,0,0,1
0,71,109,7739,2,36.333333333333336,1,1,1,0,1,0,0,0,0,1,0
0,54,89,4806,3,22.25,1,0,1,1,1,1,0,0,0,1,0
0,15,76,1140,3,19.0,0,1,1,1,0,0,1,1,0,0,0
1,50,105,5250,2,35.0,1,0,1,0,0,0,1,0,0,1,0
0,19,84,1596,2,28.0,1,1,1,0,0,0,0,1,0,0,1
1,70,104,7280,2,34.666666666666664,0,0,1,0,0,0,0,0,0,1,0
1,72,107,7704,3,26.75,0,0,1,1,0,0,1,0,0,1,0
1,52,105,5460,2,35.0,1,0,1,0,0,0,0,0,0,1,0
0,15,46,690,2,15.333333333333334,0,1,1,0,0,0,1,1,0,0,0
0,72,77,5544,3,19.25,0,1,1,1,1,0,0,0,0,1,0
1,3,81,243,3,20.25,1,0,1,1,1,1,0,0,0,0,1
0,58,99,5742,2,33.0,1,0,1,0,0,0,0,0,0,1,0
0,1,20,20,2,6.666666666666667,0,0,1,0,1,1,0,0,0,0,0
0,35,90,3150,3,22.5,1,0,1,1,0,0,1,0,1,0,0
0,50,84,4200,2,28.0,0,1,1,0,0,0,0,0,0,1,1
0,41,20,820,3,5.0,1,0,1,1,1,0,0,0,1,0,0
0,72,64,4608,2,21.333333333333332,1,1,1,0,1,0,0,0,0,1,0
0,30,69,2070,2,23.0,0,0,1,0,0,0,0,0,1,0,0
0,2,24,48,1,12.0,0,1,0,0,1,0,0,0,0,0,1
0,15,30,450,2,10.0,1,0,0,1,1,1,0,1,0,0,1
0,37,59,2183,2,19.666666666666668,1,1,1,0,1,0,0,0,1,0,0
0,72,75,5400,3,18.75,1,1,1,1,0,0,0,0,0,1,0
0,72,25,1800,2,8.333333333333334,1,1,1,0,1,0,0,0,0,1,0
0,70,114,7980,2,38.0,1,0,1,0,0,0,1,0,0,1,0
0,23,84,1932,2,28.0,1,0,1,0,1,0,0,1,0,0,0
0,8,75,600,2,25.0,0,0,1,0,0,0,1,0,0,0,0
0,2,46,92,3,11.5,1,0,1,1,0,1,0,0,0,0,1
0,26,39,1014,2,13.0,0,1,0,1,1,0,0,0,1,0,0
0,52,20,1040,3,5.0,1,1,1,1,0,0,0,0,0,1,0
0,23,35,805,2,11.666666666666666,0,1,0,1,0,0,0,1,0,0,0
0,15,99,1485,2,33.0,0,0,1,0,0,0,0,1,0,0,1
0,40,50,2000,2,16.666666666666668,1,0,1,0,0,0,1,0,1,0,0
0,27,59,1593,3,14.75,1,0,1,1,1,0,0,0,1,0,0
0,37,20,740,2,6.666666666666667,0,0,1,0,0,0,0,0,1,0,0
0,45,112,5040,2,37.333333333333336,1,0,1,0,0,0,0,0,1,0,0
0,5,70,350,3,17.5,0,0,1,1,0,0,1,0,0,0,1
0,71,24,1704,3,6.0,0,0,1,1,1,1,0,0,0,1,0
0,4,54,216,3,13.5,1,0,1,1,1,0,0,0,0,0,1
0,38,20,760,3,5.0,0,1,1,1,0,0,1,0,1,0,0
0,3,56,168,3,14.0,1,1,1,1,1,0,0,0,0,0,0
0,17,19,323,2,6.333333333333333,1,0,1,0,0,0,0,1,0,0,0
0,70,90,6300,2,30.0,1,1,1,0,1,0,0,0,0,1,0
0,1,45,45,3,11.25,1,0,1,1,0,0,1,0,0,0,0
0,71,100,7100,2,33.333333333333336,0,1,1,0,1,1,0,0,0,1,0
0,37,91,3367,3,22.75,1,0,1,1,1,1,0,0,1,0,0
0,64,70,4480,3,17.5,1,0,1,1,1,0,0,0,0,1,0
1,37,90,3330,2,30.0,0,0,1,0,0,1,0,0,1,0,0
0,65,109,7085,3,27.25,1,1,1,1,1,0,0,0,0,1,1
0,23,49,1127,2,16.333333333333332,0,1,1,0,0,0,0,1,0,0,0
0,22,79,1738,2,26.333333333333332,0,0,1,0,0,0,0,1,0,0,1
1,26,61,1586,3,15.25,0,0,1,1,0,0,0,0,1,0,0
0,25,80,2000,2,26.666666666666668,0,0,1,0,0,0,0,0,1,0,1
0,60,97,5820,2,32.333333333333336,0,0,1,0,0,0,0,0,0,1,0
0,1,96,96,2,32.0,0,0,1,0,0,0,0,0,0,0,1
0,71,89,6319,2,29.666666666666668,0,0,1,0,1,0,0,0,0,1,0
1,27,85,2295,3,21.25,0,0,1,1,1,0,0,0,1,0,1
0,3,89,267,3,22.25,0,0,1,1,1,1,0,0,0,0,1
0,58,95,5510,3,23.75,1,1,1,1,1,0,0,0,0,1,0
0,14,75,1050,2,25.0,0,0,1,0,0,0,0,1,0,0,1
0,71,71,5041,3,17.75,1,1,1,1,1,0,1,0,0,1,0
0,2,29,58,1,14.5,0,1,0,0,1,0,0,0,0,0,0
0,40,21,840,2,7.0,0,0,1,0,0,0,0,0,1,0,0
0,68,25,1700,2,8.333333333333334,1,1,1,0,1,0,0,0,0,1,0
1,57,101,5757,2,33.666666666666664,0,0,1,0,1,0,1,0,0,1,0
0,45,87,3915,2,29.0,0,0,1,0,0,0,0,0,1,0,1
0,70,117,8190,3,29.25,1,1,1,1,0,0,1,0,0,1,0
0,68,108,7344,2,36.0,1,0,1,0,0,1,0,0,0,1,0
0,52,103,5356,2,34.333333333333336,0,0,1,0,0,0,1,0,0,1,0
0,72,115,8280,2,38.333333333333336,0,0,1,0,1,1,0,0,0,1,0
1,24,76,1824,2,25.333333333333332,1,0,1,0,0,0,0,1,0,0,1
0,67,60,4020,2,20.0,1,1,1,0,1,0,0,0,0,1,0
0,68,64,4352,1,32.0,0,0,0,0,0,0,0,0,0,1,0
0,23,20,460,3,5.0,1,1,1,1,1,0,0,1,0,0,0
0,71,49,3479,1,24.5,1,0,0,0,1,0,1,0,0,1,1
0,1,24,24,1,12.0,0,0,0,0,1,1,0,0,0,0,0
0,71,20,1420,3,5.0,0,1,1,1,1,0,0,0,0,1,0
1,69,111,7659,3,27.75,1,0,1,1,0,0,1,0,0,1,0
1,40,99,3960,3,24.75,0,0,1,1,1,1,0,0,1,0,1
1,18,85,1530,3,21.25,0,0,1,1,1,0,1,1,0,0,0
0,22,95,2090,3,23.75,1,0,1,1,0,0,1,1,0,0,1
0,69,39,2691,1,19.5,1,1,0,0,0,1,0,0,0,1,0
1,62,84,5208,2,28.0,0,0,1,0,0,0,0,0,0,1,0
0,56,20,1120,3,5.0,0,0,1,1,1,0,0,0,0,1,0
0,7,20,140,3,5.0,0,0,1,1,1,0,1,0,0,0,0
0,1,19,19,2,6.333333333333333,1,0,1,0,0,0,1,0,0,0,0
0,6,20,120,2,6.666666666666667,1,1,1,0,1,0,1,0,0,0,0
0,2,86,172,2,28.666666666666668,1,0,1,0,0,0,1,0,0,0,1
1,16,55,880,2,18.333333333333332,1,0,1,0,0,1,0,1,0,0,0
0,2,20,40,2,6.666666666666667,1,0,1,0,0,1,0,0,0,0,0
0,72,86,6192,3,21.5,0,0,1,1,1,0,1,0,0,1,0
0,7,35,245,1,17.5,0,1,0,0,0,1,0,0,0,0,0
0,19,25,475,1,12.5,0,1,0,0,0,0,0,1,0,0,0
0,14,78,1092,3,19.5,0,0,1,1,1,0,1,1,0,0,0
0,64,106,6784,2,35.333333333333336,1,0,1,0,0,0,1,0,0,1,1
0,25,78,1950,2,26.0,0,0,1,0,1,0,0,0,1,0,0
0,70,86,6020,2,28.666666666666668,1,1,1,0,0,1,0,0,0,1,0
0,66,19,1254,3,4.75,1,0,1,1,1,0,0,0,0,1,0
0,1,72,72,2,24.0,1,1,1,0,0,0,1,0,0,0,1
0,53,91,4823,3,22.75,0,0,1,1,0,1,0,0,0,1,0
0,6,56,336,3,14.0,0,0,1,1,0,0,1,0,0,0,1
0,59,96,5664,2,32.0,0,0,1,0,1,0,0,0,0,1,0
0,31,78,2418,3,19.5,1,0,1,1,0,0,1,0,1,0,1
0,3,74,222,3,18.5,1,0,1,1,1,0,1,0,0,0,1
0,15,69,1035,2,23.0,0,1,1,0,0,0,0,1,0,0,1
0,48,106,5088,3,26.5,1,0,1,1,0,0,1,0,1,0,1
0,2,57,114,2,19.0,1,1,1,0,1,0,0,0,0,0,1
1,70,103,7210,3,25.75,1,0,1,1,1,0,0,0,0,1,1
0,2,91,182,2,30.333333333333332,0,0,1,0,0,1,0,0,0,0,1
0,47,111,5217,2,37.0,1,0,1,0,0,0,0,0,1,0,1
0,24,21,504,3,5.25,0,1,1,1,1,0,1,1,0,0,0
0,31,94,2914,2,31.333333333333332,1,0,1,0,0,0,1,0,1,0,0
0,54,111,5994,2,37.0,0,0,1,0,0,0,1,0,0,1,1
0,1,55,55,2,18.333333333333332,1,0,1,0,0,0,1,0,0,0,0
0,12,33,396,2,11.0,0,1,0,1,1,0,0,0,0,0,0
0,48,71,3408,3,17.75,1,0,1,1,1,1,0,0,1,0,0
1,1,74,74,2,24.666666666666668,0,0,1,0,0,1,0,0,0,0,1
0,71,65,4615,3,16.25,1,0,1,1,1,0,0,0,0,1,0
0,56,25,1400,3,6.25,1,1,1,1,1,0,0,0,0,1,0
1,66,81,5346,3,20.25,0,0,1,1,0,1,0,0,0,1,1
0,50,20,1000,3,5.0,1,1,1,1,1,0,0,0,0,1,0
1,63,90,5670,3,22.5,0,0,1,1,1,1,0,0,0,1,0
0,1,45,45,2,15.0,1,0,1,0,0,0,1,0,0,0,1
0,6,49,294,1,24.5,0,0,0,0,0,0,0,0,0,0,0
0,5,51,255,3,12.75,0,0,1,1,0,0,0,0,0,0,0
0,35,72,2520,2,24.0,0,1,1,0,0,0,0,0,1,0,1
0,71,119,8449,2,39.666666666666664,0,0,1,0,0,0,0,0,0,1,0
0,42,66,2772,2,22.0,0,0,1,0,1,1,0,0,1,0,0
0,64,19,1216,2,6.333333333333333,0,0,1,0,0,1,0,0,0,1,0
0,1,50,50,2,16.666666666666668,1,0,1,0,0,0,0,0,0,0,0
0,1,70,70,3,17.5,1,0,1,1,0,0,1,0,0,0,1
0,69,107,7383,2,35.666666666666664,1,0,1,0,0,0,0,0,0,1,0
0,33,93,3069,2,31.0,1,0,1,0,1,0,0,0,1,0,0
0,20,20,400,2,6.666666666666667,0,1,1,0,0,1,0,1,0,0,0
0,13,24,312,3,6.0,1,1,1,1,1,1,0,1,0,0,0
0,28,56,1568,2,18.666666666666668,0,0,1,0,0,0,0,0,1,0,0
0,72,81,5832,2,27.0,0,1,1,0,0,0,1,0,0,1,0
0,9,70,630,2,23.333333333333332,1,0,1,0,0,1,0,0,0,0,0
0,72,108,7776,2,36.0,0,0,1,0,0,0,0,0,0,1,0
1,52,60,3120,3,15.0,0,0,1,1,0,0,1,0,0,1,0
0,34,61,2074,2,20.333333333333332,0,0,1,0,0,1,0,0,1,0,0
0,71,100,7100,2,33.333333333333336,1,1,1,0,0,0,0,0,0,1,0
0,6,20,120,2,6.666666666666667,0,0,1,0,0,0,0,0,0,0,0
0,31,64,1984,2,21.333333333333332,0,0,1,0,1,0,0,0,1,0,0
1,1,91,91,2,30.333333333333332,0,0,1,0,0,0,1,0,0,0,1
0,49,25,1225,2,8.333333333333334,0,1,1,0,0,0,0,0,0,1,0
0,27,20,540,3,5.0,0,0,1,1,1,0,0,0,1,0,0
0,53,93,4929,2,31.0,0,0,1,0,0,0,1,0,0,1,0
1,35,100,3500,2,33.333333333333336,0,0,1,0,0,0,0,0,1,0,1
0,2,96,192,2,32.0,1,0,1,0,0,0,1,0,0,0,1
0,46,44,2024,1,22.0,0,0,0,0,0,1,0,0,1,0,0
0,35,19,665,2,6.333333333333333,0,0,1,0,0,0,0,0,1,0,0
0,9,74,666,3,18.5,1,0,1,1,1,1,0,0,0,0,0
0,64,104,6656,3,26.0,1,0,1,1,1,0,0,0,0,1,0
0,13,79,1027,2,26.333333333333332,0,0,1,0,0,0,1,1,0,0,1
0,55,82,4510,2,27.333333333333332,0,0,1,0,1,0,0,0,0,1,0
0,51,94,4794,2,31.333333333333332,0,1,1,0,0,0,0,0,0,1,0
0,5,24,120,3,6.0,0,1,1,1,0,0,1,0,0,0,0
0,20,70,1400,2,23.333333333333332,1,1,1,0,0,0,0,1,0,0,1
0,23,26,598,2,8.666666666666666,0,1,1,0,0,0,1,1,0,0,0
1,61,99,6039,2,33.0,1,1,1,0,0,1,0,0,0,1,0
0,54,70,3780,3,17.5,0,1,1,1,1,0,0,0,0,1,0
0,15,76,1140,2,25.333333333333332,1,0,1,0,0,0,0,1,0,0,1
0,64,25,1600,3,6.25,0,1,1,1,1,0,0,0,0,1,0
0,18,65,1170,3,16.25,0,1,1,1,1,0,0,1,0,0,0
0,52,103,5356,2,34.333333333333336,1,0,1,0,1,0,0,0,0,1,0
0,17,20,340,3,5.0,1,0,1,1,1,0,0,1,0,0,0
0,27,20,540,3,5.0,0,1,1,1,1,0,0,0,1,0,0
0,58,111,6438,3,27.75,0,0,1,1,1,0,0,0,0,1,0
0,68,109,7412,2,36.333333333333336,0,1,1,0,1,0,0,0,0,1,0
0,1,19,19,3,4.75,1,0,1,1,0,0,1,0,0,0,0
0,55,66,3630,2,22.0,0,0,1,0,0,0,1,0,0,1,0
0,72,84,6048,3,21.0,0,0,1,1,1,0,0,0,0,1,0
0,6,45,270,2,15.0,0,0,0,1,1,0,0,0,0,0,0
0,60,100,6000,2,33.333333333333336,0,0,1,0,1,1,0,0,0,1,0
0,61,106,6466,3,26.5,1,1,1,1,0,0,0,0,0,1,1
0,2,21,42,2,7.0,0,0,1,0,0,0,1,0,0,0,1
0,63,72,4536,2,24.0,1,0,1,0,1,0,0,0,0,1,0
0,17,84,1428,2,28.0,0,0,1,0,1,0,0,1,0,0,0
1,58,99,5742,2,33.0,1,0,1,0,0,0,0,0,0,1,1
0,26,50,1300,2,16.666666666666668,0,1,1,0,0,0,1,0,1,0,0
0,53,49,2597,1,24.5,0,1,0,0,0,0,1,0,0,1,0
0,25,19,475,2,6.333333333333333,0,0,1,0,0,1,0,0,1,0,0
0,1,82,82,3,20.5,0,0,1,1,0,0,1,0,0,0,1
0,24,21,504,3,5.25,0,1,1,1,0,0,0,1,0,0,0
0,2,69,138,2,23.0,0,0,1,0,0,0,1,0,0,0,0
0,1,20,20,2,6.666666666666667,1,0,1,0,1,1,0,0,0,0,1
0,67,75,5025,2,25.0,0,0,1,0,1,0,0,0,0,1,0
0,17,55,935,2,18.333333333333332,1,0,0,1,0,1,0,1,0,0,0
0,11,70,770,3,17.5,1,0,1,1,0,0,0,0,0,0,0
0,51,25,1275,2,8.333333333333334,1,0,1,0,1,0,0,0,0,1,0
0,3,70,210,2,23.333333333333332,0,0,1,0,1,0,1,0,0,0,0
1,1,79,79,3,19.75,0,0,1,1,0,0,1,0,0,0,1
0,1,70,70,3,17.5,0,1,1,1,0,0,1,0,0,0,1
1,72,84,6048,2,28.0,0,0,1,0,0,0,0,0,0,1,0
0,19,65,1235,3,16.25,1,0,1,1,1,0,0,1,0,0,0
0,65,26,1690,2,8.666666666666666,1,0,1,0,0,0,1,0,0,1,0
0,45,100,4500,3,25.0,0,0,1,1,1,0,0,0,1,0,0
0,5,89,445,2,29.666666666666668,1,0,1,0,0,1,0,0,0,0,0
0,56,45,2520,1,22.5,0,0,0,0,0,0,0,0,0,1,0
1,4,74,296,3,18.5,0,0,1,1,1,1,0,0,0,0,0
0,64,86,5504,3,21.5,0,0,1,1,0,1,0,0,0,1,0
0,41,20,820,3,5.0,0,1,1,1,1,1,0,0,1,0,0
0,35,61,2135,2,20.333333333333332,0,0,1,0,1,0,0,0,1,0,0
0,1,25,25,2,8.333333333333334,0,0,0,1,1,0,0,0,0,0,1
1,3,79,237,2,26.333333333333332,0,0,1,0,0,1,0,0,0,0,1
1,61,25,1525,2,8.333333333333334,1,0,1,0,0,0,0,0,0,1,0
1,1,74,74,2,24.666666666666668,1,0,1,0,1,0,0,0,0,0,1
0,35,56,1960,2,18.666666666666668,0,1,1,0,0,0,0,0,1,0,0
0,69,113,7797,2,37.666666666666664,0,1,1,0,0,0,0,0,0,1,0
0,64,68,4352,3,17.0,0,0,1,1,0,0,1,0,0,1,0
0,51,110,5610,3,27.5,1,1,1,1,1,0,0,0,0,1,0
0,17,20,340,3,5.0,1,1,1,1,0,0,1,1,0,0,0
0,69,44,3036,1,22.0,0,1,0,0,0,0,1,0,0,1,0
0,1,31,31,2,10.333333333333334,1,1,0,1,1,1,0,0,0,0,1
0,21,65,1365,3,16.25,0,1,1,1,1,0,0,1,0,0,0
0,54,97,5238,3,24.25,0,0,1,1,1,0,0,0,0,1,0
0,1,23,23,1,11.5,1,0,0,0,1,0,0,0,0,0,1
0,4,70,280,2,23.333333333333332,1,0,1,0,1,0,0,0,0,0,1
0,0,62,0,3,15.5,1,1,1,1,1,0,1,0,0,0,0
0,7,70,490,3,17.5,1,0,1,1,1,0,0,0,0,0,0
0,32,19,608,2,6.333333333333333,1,1,1,0,1,1,0,0,1,0,0
0,72,20,1440,2,6.666666666666667,1,1,1,0,0,0,1,0,0,1,0
0,19,40,760,1,20.0,1,0,0,0,0,0,0,1,0,0,1
0,10,20,200,3,5.0,1,1,1,1,1,0,0,0,0,0,0
1,21,69,1449,2,23.0,1,0,1,0,0,0,1,1,0,0,1
1,45,70,3150,3,17.5,0,0,1,1,1,0,0,0,1,0,0
1,32,20,640,3,5.0,1,0,1,1,1,0,0,0,1,0,0
0,40,106,4240,3,26.5,0,0,1,1,1,0,1,0,1,0,0
0,47,42,1974,2,14.0,0,0,0,1,1,0,0,0,1,0,0
0,36,53,1908,1,26.5,0,0,0,0,0,1,0,0,1,0,0
0,69,105,7245,2,35.0,0,1,1,0,0,0,0,0,0,1,0
0,71,81,5751,3,20.25,0,0,1,1,1,1,0,0,0,1,0
0,35,53,1855,2,17.666666666666668,1,0,0,1,0,0,0,0,1,0,0
0,3,55,165,3,13.75,1,0,1,1,0,0,1,0,0,0,0
1,72,110,7920,3,27.5,1,0,1,1,0,1,0,0,0,1,0
0,72,91,6552,3,22.75,1,1,1,1,0,1,0,0,0,1,0
0,68,73,4964,2,24.333333333333332,0,1,1,0,0,0,0,0,0,1,0
0,42,55,2310,1,27.5,0,0,0,0,0,0,0,0,1,0,0
1,21,20,420,3,5.0,1,0,1,1,1,0,0,1,0,0,0
1,8,92,736,3,23.0,0,0,1,1,1,0,0,0,0,0,1
1,10,75,750,3,18.75,1,0,1,1,1,0,0,0,0,0,0
0,71,107,7597,3,26.75,0,0,1,1,0,0,0,0,0,1,0
1,46,91,4186,2,30.333333333333332,0,0,1,0,0,1,0,0,1,0,0
0,3,80,240,2,26.666666666666668,0,1,1,0,1,0,0,0,0,0,0
1,12,91,1092,2,30.333333333333332,0,0,1,0,0,1,0,0,0,0,1
0,26,48,1248,2,16.0,0,0,0,1,1,1,0,0,1,0,0
0,3,50,150,2,16.666666666666668,1,0,1,0,1,1,0,0,0,0,0
0,49,74,3626,2,24.666666666666668,0,0,1,0,0,0,0,0,0,1,0
0,33,81,2673,2,27.0,1,0,1,0,1,0,1,0,1,0,0
0,42,94,3948,3,23.5,1,0,1,1,1,0,0,0,1,0,0
0,31,75,2325,3,18.75,1,1,1,1,0,0,0,0,1,0,0
1,68,107,7276,3,26.75,1,1,1,1,1,0,0,0,0,1,0
1,66,116,7656,2,38.666666666666664,1,1,1,0,0,0,0,0,0,1,0
0,58,20,1160,2,6.666666666666667,1,1,1,0,0,0,0,0,0,1,0
0,35,20,700,2,6.666666666666667,1,1,1,0,0,0,0,0,1,0,0
0,1,20,20,3,5.0,1,0,1,1,0,0,0,0,0,0,0
0,40,75,3000,2,25.0,0,0,1,0,0,0,0,0,1,0,0
0,13,76,988,2,25.333333333333332,0,0,1,0,1,0,0,1,0,0,0
0,57,56,3192,2,18.666666666666668,1,0,1,0,0,0,0,0,0,1,0
0,1,46,46,3,11.5,1,0,1,1,1,0,0,0,0,0,1
0,46,54,2484,3,13.5,0,0,1,1,1,1,0,0,1,0,1
1,40,95,3800,2,31.666666666666668,0,1,1,0,0,0,0,0,1,0,1
0,21,78,1638,2,26.0,1,1,1,0,1,0,1,1,0,0,1
0,6,98,588,3,24.5,0,0,1,1,1,0,0,0,0,0,1
0,59,111,6549,3,27.75,1,1,1,1,1,0,0,0,0,1,0
0,15,59,885,2,19.666666666666668,1,0,1,0,0,1,0,1,0,0,1
0,27,95,2565,2,31.666666666666668,0,0,1,0,1,0,0,0,1,0,1
0,71,116,8236,2,38.666666666666664,1,0,1,0,0,0,0,0,0,1,0
0,45,89,4005,2,29.666666666666668,0,0,1,0,1,0,0,0,1,0,0
0,4,21,84,2,7.0,1,0,1,0,0,0,0,0,0,0,0
0,1,20,20,3,5.0,0,0,1,1,0,1,0,0,0,0,1
0,47,99,4653,3,24.75,1,1,1,1,1,1,0,0,1,0,1
0,34,50,1700,3,12.5,1,0,1,1,1,0,0,0,1,0,0
0,18,54,972,2,18.0,0,1,1,0,0,0,0,1,0,0,0
0,8,54,432,3,13.5,0,0,1,1,1,0,0,0,0,0,0
0,7,36,252,2,12.0,1,0,0,1,1,0,0,0,0,0,0
0,5,84,420,3,21.0,1,1,1,1,1,0,0,0,0,0,1
0,39,59,2301,3,14.75,0,0,1,1,1,0,0,0,1,0,0
0,29,21,609,3,5.25,1,1,1,1,1,0,1,0,1,0,0
0,1,55,55,2,18.333333333333332,0,0,1,0,0,0,0,0,0,0,1
0,31,25,775,2,8.333333333333334,1,1,0,1,1,1,0,0,1,0,0
0,2,24,48,2,8.0,1,0,0,1,1,0,0,0,0,0,0
0,63,71,4473,2,23.666666666666668,1,0,1,0,0,1,0,0,0,1,0
0,20,79,1580,2,26.333333333333332,1,0,1,0,0,1,0,1,0,0,0
0,71,83,5893,2,27.666666666666668,0,0,1,0,0,0,1,0,0,1,0
0,66,61,4026,2,20.333333333333332,0,0,1,0,1,0,0,0,0,1,0
0,8,45,360,2,15.0,1,0,1,0,0,1,0,0,0,0,1
0,2,96,192,2,32.0,0,0,1,0,1,0,1,0,0,0,1
0,3,35,105,2,11.666666666666666,1,0,0,1,1,0,0,0,0,0,0
0,47,20,940,2,6.666666666666667,0,0,1,0,0,0,0,0,1,0,0
0,2,49,98,2,16.333333333333332,1,0,0,1,1,1,0,0,0,0,1
0,1,74,74,2,24.666666666666668,1,0,1,0,0,0,0,0,0,0,0
0,7,20,140,2,6.666666666666667,0,0,1,0,0,1,0,0,0,0,0
0,69,105,7245,3,26.25,1,1,1,1,0,1,0,0,0,1,0
0,5,105,525,2,35.0,1,0,1,0,0,0,0,0,0,0,0
0,71,20,1420,3,5.0,0,0,1,1,1,0,0,0,0,1,0
0,1,74,74,2,24.666666666666668,0,0,1,0,1,0,0,0,0,0,1
0,14,90,1260,2,30.0,0,1,1,0,0,1,0,1,0,0,1
0,29,19,551,3,4.75,0,0,1,1,1,0,0,0,1,0,0
0,56,82,4592,2,27.333333333333332,1,0,1,0,0,0,0,0,0,1,0
1,6,96,576,2,32.0,1,0,1,0,1,0,0,0,0,0,1
1,1,40,40,2,13.333333333333334,1,0,0,1,1,0,0,0,0,0,1
0,46,91,4186,3,22.75,0,1,1,1,1,0,0,0,1,0,0
0,20,108,2160,2,36.0,1,0,1,0,0,0,0,1,0,0,0
1,20,86,1720,2,28.666666666666668,0,0,1,0,0,0,1,1,0,0,1
1,37,76,2812,3,19.0,0,0,1,1,0,1,0,0,1,0,1
0,24,20,480,3,5.0,0,1,1,1,1,1,0,1,0,0,0
0,29,95,2755,2,31.666666666666668,1,1,1,0,1,0,0,0,1,0,1
0,21,104,2184,3,26.0,0,0,1,1,1,0,0,1,0,0,1
0,19,103,1957,2,34.333333333333336,1,1,1,0,0,0,1,1,0,0,1
0,54,81,4374,2,27.0,0,0,1,0,0,0,1,0,0,1,0
0,2,19,38,2,6.333333333333333,1,0,1,0,1,0,0,0,0,0,1
1,27,104,2808,2,34.666666666666664,0,0,1,0,1,0,0,0,1,0,1
0,46,61,2806,2,20.333333333333332,1,0,0,1,0,0,1,0,1,0,0
0,18,20,360,2,6.666666666666667,0,0,1,0,0,0,1,1,0,0,0
0,43,56,2408,2,18.666666666666668,0,1,1,0,0,0,0,0,1,0,1
0,3,20,60,2,6.666666666666667,0,0,1,0,0,0,1,0,0,0,0
0,4,45,180,3,11.25,1,0,1,1,0,1,0,0,0,0,0
0,6,84,504,3,21.0,1,1,1,1,1,0,0,0,0,0,1
1,35,101,3535,3,25.25,1,0,1,1,1,1,0,0,1,0,0
0,68,60,4080,1,30.0,0,1,0,0,0,0,0,0,0,1,0
0,5,96,480,2,32.0,0,0,1,0,0,0,0,0,0,0,1
0,3,45,135,2,15.0,0,0,1,0,0,0,0,0,0,0,0
1,4,73,292,3,18.25,0,0,1,1,0,1,0,0,0,0,0
0,4,25,100,2,8.333333333333334,0,0,1,0,0,0,0,0,0,0,0
0,2,80,160,2,26.666666666666668,0,0,1,0,0,0,0,0,0,0,1
0,40,110,4400,3,27.5,1,1,1,1,1,0,0,0,1,0,0
0,10,95,950,2,31.666666666666668,1,0,1,0,0,0,0,0,0,0,0
1,24,80,1920,2,26.666666666666668,1,0,1,0,1,0,0,1,0,0,0
1,72,107,7704,2,35.666666666666664,0,0,1,0,0,0,1,0,0,1,0
0,24,99,2376,2,33.0,0,0,1,0,0,0,0,1,0,0,1
0,72,87,6264,2,29.0,0,0,1,0,0,0,1,0,0,1,0
0,1,52,52,2,17.333333333333332,0,0,1,0,1,0,0,0,0,0,1
0,18,88,1584,3,22.0,0,0,1,1,0,0,0,1,0,0,1
0,4,40,160,1,20.0,1,0,0,0,0,0,0,0,0,0,0
1,36,91,3276,2,30.333333333333332,1,0,1,0,1,0,0,0,1,0,1
0,11,75,825,2,25.0,0,0,1,0,0,0,1,0,0,0,0
0,1,70,70,3,17.5,1,0,1,1,0,0,0,0,0,0,1
0,42,80,3360,2,26.666666666666668,1,0,1,0,0,0,1,0,1,0,0
1,16,85,1360,3,21.25,0,0,1,1,0,0,1,1,0,0,1
0,50,114,5700,3,28.5,1,0,1,1,1,0,0,0,0,1,0
0,38,20,760,2,6.666666666666667,0,1,1,0,1,0,0,0,1,0,0
1,24,80,1920,2,26.666666666666668,1,1,1,0,0,0,1,1,0,0,0
0,31,60,1860,2,20.0,1,1,1,0,0,0,1,0,1,0,0
0,8,19,152,2,6.333333333333333,1,1,1,0,1,0,0,0,0,0,0
1,43,108,4644,2,36.0,0,0,1,0,0,0,0,0,1,0,1
0,57,70,3990,3,17.5,0,0,1,1,1,0,1,0,0,1,0
0,13,21,273,2,7.0,0,1,1,0,0,0,1,1,0,0,0
0,40,90,3600,3,22.5,1,0,1,1,1,1,0,0,1,0,0
0,23,20,460,2,6.666666666666667,1,1,1,0,1,0,0,1,0,0,0
0,72,84,6048,2,28.0,0,1,1,0,0,0,0,0,0,1,0
0,55,84,4620,3,21.0,0,0,1,1,1,0,0,0,0,1,0
0,48,111,5328,3,27.75,1,0,1,1,0,0,1,0,1,0,0
0,36,97,3492,2,32.333333333333336,0,1,1,0,1,0,0,0,1,0,1
0,11,69,759,2,23.0,1,0,1,0,0,0,0,0,0,0,0
0,1,85,85,2,28.333333333333332,0,0,1,0,1,1,0,0,0,0,0
0,53,98,5194,2,32.666666666666664,0,0,1,0,1,0,0,0,0,1,1
0,70,51,3570,2,17.0,1,0,0,1,0,0,0,0,0,1,0
0,12,96,1152,3,24.0,1,0,1,1,1,0,0,0,0,0,0
0,22,95,2090,2,31.666666666666668,1,0,1,0,0,0,0,1,0,0,1
0,55,69,3795,2,23.0,0,1,1,0,0,1,0,0,0,1,0
1,28,64,1792,3,16.0,0,0,1,1,1,0,0,0,1,0,0
0,58,20,1160,2,6.666666666666667,0,1,1,0,0,0,0,0,0,1,0
0,19,20,380,2,6.666666666666667,1,0,1,0,1,0,0,1,0,0,0
0,19,95,1805,3,23.75,0,0,1,1,1,0,0,1,0,0,1
0,31,72,2232,2,24.0,1,0,1,0,1,0,0,0,1,0,0
0,13,89,1157,2,29.666666666666668,0,0,1,0,0,0,1,1,0,0,1
0,1,20,20,2,6.666666666666667,1,0,1,0,0,0,0,0,0,0,1
0,1,71,71,3,17.75,1,1,1,1,1,0,0,0,0,0,1
1,18,74,1332,2,24.666666666666668,0,0,1,0,0,0,0,1,0,0,0
0,2,20,40,2,6.666666666666667,0,1,1,0,0,0,0,0,0,0,0
0,70,65,4550,2,21.666666666666668,1,0,1,0,0,0,0,0,0,1,0
1,44,19,836,2,6.333333333333333,1,0,1,0,1,1,0,0,1,0,0
0,4,21,84,2,7.0,0,1,1,0,0,1,0,0,0,0,0
0,65,76,4940,2,25.333333333333332,1,0,1,0,1,0,0,0,0,1,0
1,71,100,7100,2,33.333333333333336,0,0,1,0,0,1,0,0,0,1,0
0,64,54,3456,2,18.0,0,1,1,0,1,1,0,0,0,1,0
0,28,92,2576,2,30.666666666666668,0,0,1,0,0,0,0,0,1,0,1
1,16,96,1536,2,32.0,0,0,1,0,1,0,0,1,0,0,1
0,70,114,7980,3,28.5,0,1,1,1,0,1,0,0,0,1,1
0,39,82,3198,2,27.333333333333332,0,1,1,0,0,0,0,0,1,0,0
0,19,45,855,3,11.25,1,0,1,1,0,1,0,1,0,0,0
0,60,105,6300,3,26.25,0,0,1,1,0,0,0,0,0,1,0
0,51,90,4590,2,30.0,1,0,1,0,0,0,1,0,0,1,0
1,56,110,6160,3,27.5,0,0,1,1,0,1,0,0,0,1,0
0,66,105,6930,3,26.25,1,0,1,1,1,0,1,0,0,1,1
0,58,56,3248,2,18.666666666666668,0,1,0,1,0,0,1,0,0,1,0
0,69,59,4071,3,14.75,0,1,1,1,1,1,0,0,0,1,0
0,27,56,1512,2,18.666666666666668,0,0,1,0,0,0,0,0,1,0,0
0,1,49,49,2,16.333333333333332,0,0,1,0,0,0,1,0,0,0,0
0,7,25,175,1,12.5,0,0,0,0,1,0,0,0,0,0,0
1,8,70,560,2,23.333333333333332,1,0,1,0,0,0,0,0,0,0,1
0,15,70,1050,3,17.5,1,1,1,1,0,0,1,1,0,0,0
0,9,20,180,2,6.666666666666667,1,0,1,0,1,0,0,0,0,0,0
0,12,67,804,2,22.333333333333332,1,0,1,0,1,0,0,0,0,0,0
0,25,71,1775,3,17.75,0,0,1,1,1,0,1,0,1,0,0
0,28,81,2268,2,27.0,0,1,1,0,0,0,1,0,1,0,1
0,49,101,4949,2,33.666666666666664,0,0,1,0,0,0,1,0,0,1,0
1,57,45,2565,2,15.0,1,0,0,1,1,0,0,0,0,1,1
0,11,21,231,3,5.25,1,0,1,1,1,1,0,0,0,0,0
0,37,95,3515,2,31.666666666666668,0,1,1,0,1,0,0,0,1,0,0
0,40,101,4040,3,25.25,1,0,1,1,0,0,0,0,1,0,1
0,54,45,2430,2,15.0,1,0,0,1,1,1,0,0,0,1,0
0,12,85,1020,2,28.333333333333332,1,0,1,0,0,0,1,0,0,0,0
0,4,55,220,2,18.333333333333332,1,0,1,0,1,0,1,0,0,0,0
0,66,103,6798,2,34.333333333333336,1,1,1,0,1,0,0,0,0,1,0
0,70,60,4200,1,30.0,1,1,0,0,0,1,0,0,0,1,0
0,1,75,75,3,18.75,0,0,1,1,1,1,0,0,0,0,1
0,58,103,5974,2,34.333333333333336,1,0,1,0,0,0,1,0,0,1,1
1,47,86,4042,3,21.5,1,0,1,1,0,0,1,0,1,0,0
1,4,79,316,3,19.75,0,0,1,1,1,1,0,0,0,0,1
0,57,59,3363,2,19.666666666666668,0,1,1,0,0,0,0,0,0,1,0
0,15,94,1410,2,31.333333333333332,0,0,1,0,0,0,1,1,0,0,0
0,24,90,2160,2,30.0,0,0,1,0,0,1,0,1,0,0,0
0,20,19,380,2,6.333333333333333,0,0,1,0,0,0,1,1,0,0,0
1,61,98,5978,3,24.5,1,0,1,1,0,0,0,0,0,1,0
0,16,50,800,1,25.0,0,0,0,0,1,0,0,1,0,0,1
0,72,98,7056,3,24.5,0,0,1,1,0,0,1,0,0,1,0
1,14,40,560,1,20.0,0,0,0,0,0,0,0,1,0,0,0
0,2,46,92,3,11.5,1,0,1,1,1,0,0,0,0,0,1
0,64,92,5888,2,30.666666666666668,1,1,1,0,0,1,0,0,0,1,0
0,30,20,600,3,5.0,1,0,1,1,1,0,1,0,1,0,0
0,64,89,5696,3,22.25,1,0,1,1,1,1,0,0,0,1,0
0,61,112,6832,2,37.333333333333336,1,0,1,0,1,0,0,0,0,1,1
0,50,84,4200,3,21.0,0,1,1,1,0,0,0,0,0,1,0
0,47,95,4465,2,31.666666666666668,0,0,1,0,1,0,0,0,1,0,0
0,51,60,3060,3,15.0,1,0,1,1,1,0,0,0,0,1,0
0,37,91,3367,2,30.333333333333332,0,0,1,0,0,0,1,0,1,0,0
1,64,97,6208,3,24.25,0,0,1,1,1,0,0,0,0,1,0
0,60,60,3600,2,20.0,1,0,0,1,1,0,0,0,0,1,0
0,1,20,20,3,5.0,1,0,1,1,1,1,0,0,0,0,0
0,14,82,1148,2,27.333333333333332,1,0,1,0,0,0,0,1,0,0,0
0,1,76,76,2,25.333333333333332,0,0,1,0,0,0,1,0,0,0,1
0,17,88,1496,2,29.333333333333332,0,1,1,0,0,1,0,1,0,0,1
0,63,104,6552,3,26.0,1,0,1,1,0,1,0,0,0,1,0
0,72,26,1872,2,8.666666666666666,0,1,1,0,0,1,0,0,0,1,0
0,29,101,2929,3,25.25,1,1,1,1,1,0,1,0,1,0,0
0,18,62,1116,2,20.666666666666668,0,1,1,0,0,0,0,1,0,0,0
1,38,70,2660,2,23.333333333333332,1,0,1,0,0,1,0,0,1,0,1
1,26,19,494,3,4.75,1,0,1,1,0,0,1,0,1,0,0
1,70,105,7350,2,35.0,1,0,1,0,0,0,0,0,0,1,0
0,7,79,553,2,26.333333333333332,0,0,1,0,1,0,0,0,0,0,1
0,22,21,462,3,5.25,0,0,1,1,1,0,0,1,0,0,0
0,25,55,1375,3,13.75,0,1,1,1,1,0,0,0,1,0,0
0,33,39,1287,2,13.0,1,0,0,1,0,1,0,0,1,0,0
1,27,96,2592,2,32.0,1,0,1,0,1,0,0,0,1,0,1
0,15,75,1125,3,18.75,1,1,1,1,1,0,0,1,0,0,1
0,41,25,1025,2,8.333333333333334,0,0,1,0,0,0,0,0,1,0,0
0,38,95,3610,3,23.75,1,0,1,1,1,0,0,0,1,0,0
1,44,89,3916,2,29.666666666666668,1,0,1,0,1,0,0,0,1,0,0
0,66,20,1320,2,6.666666666666667,1,1,1,0,0,0,0,0,0,1,0
0,19,21,399,2,7.0,1,1,1,0,0,0,1,1,0,0,0
0,17,90,1530,2,30.0,1,0,1,0,0,1,0,1,0,0,1
0,7,75,525,2,25.0,1,0,1,0,0,0,0,0,0,0,0
1,21,72,1512,3,18.0,0,0,1,1,1,0,0,1,0,0,0
0,61,94,5734,3,23.5,1,0,1,1,0,0,0,0,0,1,1
0,4,51,204,3,12.75,0,0,1,1,1,0,0,0,0,0,0
0,58,75,4350,3,18.75,1,1,1,1,0,0,1,0,0,1,0
0,21,56,1176,2,18.666666666666668,0,1,0,1,0,0,0,1,0,0,1
0,60,20,1200,3,5.0,1,1,1,1,1,0,0,0,0,1,0
0,43,26,1118,2,8.666666666666666,0,0,1,0,1,0,0,0,1,0,0
1,36,85,3060,3,21.25,1,0,1,1,1,0,0,0,1,0,1
1,57,55,3135,2,18.333333333333332,0,0,0,1,1,0,0,0,0,1,0
0,24,55,1320,3,13.75,1,0,1,1,1,0,0,1,0,0,0
0,68,105,7140,2,35.0,1,1,1,0,0,0,1,0,0,1,0
0,72,95,6840,3,23.75,1,0,1,1,0,1,0,0,0,1,0
0,9,40,360,2,13.333333333333334,1,0,0,1,1,0,0,0,0,0,0
0,66,80,5280,3,20.0,1,1,1,1,1,0,0,0,0,1,0
0,8,74,592,2,24.666666666666668,0,0,1,0,0,0,0,0,0,0,0
0,50,103,5150,2,34.333333333333336,0,1,1,0,1,1,0,0,0,1,0
0,10,76,760,3,19.0,0,0,1,1,0,0,1,0,0,0,0
0,54,30,1620,2,10.0,1,0,0,1,1,0,0,0,0,1,0
0,1,80,80,3,20.0,0,0,1,1,0,0,1,0,0,0,1
0,71,109,7739,2,36.333333333333336,1,0,1,0,1,0,0,0,0,1,0
0,4,101,404,3,25.25,1,1,1,1,1,0,0,0,0,0,1
0,33,55,1815,3,13.75,1,0,1,1,0,0,1,0,1,0,0
1,10,87,870,3,21.75,1,0,1,1,1,1,0,0,0,0,1
0,72,49,3528,1,24.5,0,0,0,0,0,0,0,0,0,1,0
1,1,21,21,3,5.25,0,0,1,1,0,1,0,0,0,0,1
0,67,26,1742,3,6.5,0,0,1,1,0,0,1,0,0,1,0
0,22,80,1760,3,20.0,0,0,1,1,0,0,1,1,0,0,0
0,62,97,6014,2,32.333333333333336,1,0,1,0,0,0,1,0,0,1,1
1,21,42,882,2,14.0,0,0,0,1,0,0,0,1,0,0,1
0,68,112,7616,2,37.333333333333336,0,1,1,0,1,0,0,0,0,1,0
0,7,98,686,3,24.5,1,0,1,1,0,0,0,0,0,0,1
0,58,80,4640,3,20.0,0,0,1,1,0,1,0,0,0,1,0
0,23,84,1932,2,28.0,0,1,1,0,0,0,1,1,0,0,0
1,71,24,1704,2,8.0,1,0,1,0,0,0,0,0,0,1,0
0,41,86,3526,3,21.5,0,0,1,1,1,0,0,0,1,0,0
0,0,56,0,1,28.0,0,1,0,0,0,0,1,0,0,0,0
0,61,62,3782,1,31.0,1,0,0,0,0,1,0,0,0,1,0
0,46,100,4600,3,25.0,0,1,1,1,1,0,1,0,1,0,0
0,6,21,126,2,7.0,0,0,1,0,0,0,0,0,0,0,0
0,7,94,658,3,23.5,1,0,1,1,0,1,0,0,0,0,1
0,21,74,1554,3,18.5,1,0,1,1,1,0,0,1,0,0,0
1,13,95,1235,2,31.666666666666668,0,0,1,0,0,0,1,1,0,0,1
0,22,83,1826,3,20.75,0,1,1,1,1,0,1,1,0,0,1
0,26,69,1794,2,23.0,0,0,1,0,0,1,0,0,1,0,0
0,4,42,168,1,21.0,1,0,0,0,0,0,1,0,0,0,0
0,63,20,1260,3,5.0,0,1,1,1,1,1,0,0,0,1,0
1,5,80,400,3,20.0,1,0,1,1,1,0,0,0,0,0,1
0,55,94,5170,3,23.5,0,0,1,1,1,0,0,0,0,1,0
0,51,76,3876,3,19.0,1,1,1,1,1,0,0,0,0,1,0
0,56,69,3864,3,17.25,0,1,1,1,1,0,1,0,0,1,0
0,18,20,360,2,6.666666666666667,1,0,1,0,1,0,0,1,0,0,0
0,72,106,7632,2,35.333333333333336,1,0,1,0,0,0,0,0,0,1,0
0,19,50,950,3,12.5,0,1,1,1,0,0,1,1,0,0,0
1,22,97,2134,3,24.25,1,0,1,1,1,0,0,1,0,0,1
0,41,35,1435,2,11.666666666666666,0,0,0,1,0,0,1,0,1,0,0
0,5,19,95,3,4.75,1,1,1,1,0,1,0,0,0,0,0
0,57,74,4218,3,18.5,0,0,1,1,0,0,0,0,0,1,0
1,29,101,2929,3,25.25,1,0,1,1,0,1,0,0,1,0,0
0,33,94,3102,2,31.333333333333332,0,1,1,0,0,0,1,0,1,0,1
0,72,98,7056,2,32.666666666666664,0,0,1,0,0,0,0,0,0,1,0
0,31,89,2759,2,29.666666666666668,1,0,1,0,0,0,1,0,1,0,0
1,52,104,5408,2,34.666666666666664,1,0,1,0,0,1,0,0,0,1,0
0,35,20,700,2,6.666666666666667,1,1,1,0,1,0,0,0,1,0,0
0,7,20,140,2,6.666666666666667,0,1,1,0,1,0,0,0,0,0,0
0,22,55,1210,2,18.333333333333332,0,0,1,0,1,0,0,1,0,0,0
0,6,75,450,2,25.0,1,0,1,0,0,1,0,0,0,0,1
0,60,38,2280,1,19.0,0,0,0,0,0,0,1,0,0,1,0
0,24,20,480,3,5.0,1,1,1,1,1,0,0,1,0,0,0
1,31,74,2294,3,18.5,0,0,1,1,1,0,0,0,1,0,0
0,26,86,2236,3,21.5,1,0,1,1,0,0,0,0,1,0,0
0,1,70,70,3,17.5,1,1,1,1,0,0,0,0,0,0,1
0,40,20,800,2,6.666666666666667,1,1,1,0,0,0,1,0,1,0,0
0,10,20,200,3,5.0,1,1,1,1,1,1,0,0,0,0,0
0,70,19,1330,3,4.75,0,1,1,1,0,0,0,0,0,1,0
0,3,55,165,2,18.333333333333332,1,0,1,0,1,0,0,0,0,0,1
1,46,85,3910,3,21.25,1,0,1,1,1,1,0,0,1,0,1
0,59,110,6490,2,36.666666666666664,1,0,1,0,0,0,0,0,0,1,1
1,48,71,3408,2,23.666666666666668,0,0,1,0,0,0,0,0,1,0,0
0,59,19,1121,3,4.75,1,0,1,1,1,0,1,0,0,1,1
0,29,31,899,1,15.5,0,0,0,0,0,0,0,0,1,0,1
1,8,20,160,2,6.666666666666667,0,0,1,0,0,0,0,0,0,0,1
0,9,20,180,3,5.0,0,1,1,1,1,1,0,0,0,0,0
0,8,58,464,2,19.333333333333332,0,0,1,0,1,0,0,0,0,0,0
0,28,90,2520,2,30.0,0,0,1,0,0,0,0,0,1,0,1
0,20,76,1520,3,19.0,0,1,1,1,0,0,0,1,0,0,0
1,56,105,5880,2,35.0,0,0,1,0,1,0,0,0,0,1,1
0,49,41,2009,2,13.666666666666666,0,0,0,1,0,0,1,0,0,1,0
0,5,89,445,2,29.666666666666668,0,0,1,0,1,1,0,0,0,0,1
0,18,90,1620,2,30.0,0,0,1,0,0,0,1,1,0,0,1
0,71,90,6390,3,22.5,1,1,1,1,1,0,1,0,0,1,0
0,20,89,1780,3,22.25,1,0,1,1,1,0,0,1,0,0,1
0,40,42,1680,1,21.0,1,0,0,0,0,0,1,0,1,0,1
0,18,61,1098,3,15.25,0,0,1,1,1,0,0,1,0,0,0
0,38,20,760,2,6.666666666666667,0,1,1,0,1,0,1,0,1,0,0
1,67,106,7102,3,26.5,0,0,1,1,1,0,0,0,0,1,0
0,17,55,935,2,18.333333333333332,0,1,1,0,0,1,0,1,0,0,0
0,1,35,35,2,11.666666666666666,1,0,0,1,1,0,1,0,0,0,1
0,68,25,1700,2,8.333333333333334,1,0,1,0,0,1,0,0,0,1,0
0,35,83,2905,2,27.666666666666668,1,0,1,0,0,0,0,0,1,0,0
0,3,76,228,2,25.333333333333332,0,0,1,0,0,1,0,0,0,0,1
0,8,90,720,2,30.0,0,0,1,0,1,0,1,0,0,0,0
0,29,71,2059,2,23.666666666666668,1,0,1,0,0,0,1,0,1,0,0
0,2,35,70,1,17.5,0,0,0,0,0,0,0,0,0,0,1
1,53,74,3922,3,18.5,0,0,1,1,0,1,0,0,0,1,0
0,1,25,25,2,8.333333333333334,1,1,0,1,0,0,1,0,0,0,1
0,7,75,525,3,18.75,0,0,1,1,1,0,0,0,0,0,0
0,4,20,80,2,6.666666666666667,0,1,1,0,0,0,0,0,0,0,0
0,29,76,2204,3,19.0,0,0,1,1,0,0,1,0,1,0,0
0,3,75,225,3,18.75,0,0,1,1,1,1,0,0,0,0,1
1,1,26,26,1,13.0,0,0,0,0,0,1,0,0,0,0,1
0,7,35,245,2,11.666666666666666,1,0,0,1,1,0,1,0,0,0,0
0,52,111,5772,2,37.0,0,0,1,0,0,1,0,0,0,1,1
0,72,92,6624,3,23.0,1,1,1,1,1,0,0,0,0,1,0
0,55,97,5335,3,24.25,1,0,1,1,1,0,0,0,0,1,1
0,6,20,120,2,6.666666666666667,0,0,1,0,1,0,0,0,0,0,0
0,29,20,580,2,6.666666666666667,0,1,1,0,0,0,1,0,1,0,0
0,42,48,2016,1,24.0,1,1,0,0,0,0,0,0,1,0,0
0,30,40,1200,2,13.333333333333334,0,0,0,1,1,0,1,0,1,0,0
0,1,51,51,3,12.75,1,0,1,1,0,0,1,0,0,0,1
0,72,86,6192,3,21.5,1,0,1,1,0,0,0,0,0,1,0
0,4,51,204,3,12.75,0,0,1,1,0,0,1,0,0,0,1
0,1,25,25,1,12.5,1,1,0,0,1,0,0,0,0,0,0
0,1,69,69,2,23.0,0,0,1,0,0,1,0,0,0,0,1
0,1,74,74,3,18.5,1,0,1,1,1,1,0,0,0,0,1
0,62,80,4960,3,20.0,1,0,1,1,0,0,0,0,0,1,0
0,15,101,1515,2,33.666666666666664,0,0,1,0,1,0,0,1,0,0,1
0,1,19,19,2,6.333333333333333,1,1,1,0,0,0,0,0,0,0,0
0,68,20,1360,3,5.0,0,0,1,1,0,0,1,0,0,1,0
0,7,75,525,2,25.0,0,0,1,0,1,0,0,0,0,0,0
0,72,88,6336,3,22.0,0,0,1,1,1,1,0,0,0,1,0
0,72,87,6264,2,29.0,1,0,1,0,0,0,1,0,0,1,0
0,30,94,2820,2,31.333333333333332,0,0,1,0,0,0,0,0,1,0,1
0,1,84,84,2,28.0,1,0,1,0,1,0,0,0,0,0,1
0,39,41,1599,1,20.5,0,0,0,0,0,1,0,0,1,0,0
0,62,92,5704,3,23.0,1,0,1,1,0,0,0,0,0,1,0
0,53,109,5777,3,27.25,0,0,1,1,0,0,1,0,0,1,0
0,66,104,6864,3,26.0,1,0,1,1,0,0,1,0,0,1,1
1,59,89,5251,3,22.25,0,1,1,1,1,0,0,0,0,1,0
0,15,96,1440,3,24.0,1,0,1,1,0,0,0,1,0,0,0
0,9,96,864,2,32.0,1,0,1,0,0,0,1,0,0,0,1
0,32,30,960,2,10.0,0,0,0,1,0,1,0,0,1,0,0
0,17,65,1105,3,16.25,0,1,1,1,1,0,0,1,0,0,1
0,55,55,3025,2,18.333333333333332,1,1,1,0,0,0,0,0,0,1,0
0,17,26,442,1,13.0,1,0,0,0,1,0,0,1,0,0,0
1,69,87,6003,2,29.0,0,0,1,0,0,0,1,0,0,1,0
0,66,75,4950,2,25.0,1,0,1,0,0,0,1,0,0,1,0
1,16,74,1184,2,24.666666666666668,1,0,1,0,0,0,0,1,0,0,0
0,70,80,5600,3,20.0,1,1,1,1,0,0,1,0,0,1,0
0,50,19,950,3,4.75,0,0,1,1,0,0,1,0,0,1,0
0,3,20,60,2,6.666666666666667,0,0,1,0,1,0,0,0,0,0,0
0,17,66,1122,3,16.5,1,0,1,1,1,0,0,1,0,0,0
0,20,97,1940,3,24.25,1,1,1,1,1,0,0,1,0,0,0
0,71,20,1420,3,5.0,1,1,1,1,1,1,0,0,0,1,0
0,34,105,3570,3,26.25,0,0,1,1,1,0,0,0,1,0,0
0,43,25,1075,2,8.333333333333334,0,1,1,0,1,1,0,0,1,0,0
1,50,102,5100,2,34.0,1,0,1,0,0,0,0,0,0,1,0
0,41,102,4182,2,34.0,0,1,1,0,0,0,1,0,1,0,0
0,54,80,4320,2,26.666666666666668,1,0,1,0,0,0,1,0,0,1,0
0,64,19,1216,2,6.333333333333333,0,0,1,0,0,0,0,0,0,1,0
0,31,54,1674,3,13.5,1,1,1,1,1,0,1,0,1,0,0
1,11,78,858,3,19.5,1,0,1,1,1,0,0,0,0,0,0
0,4,86,344,2,28.666666666666668,0,0,1,0,0,0,1,0,0,0,1
0,21,53,1113,1,26.5,0,1,0,0,0,0,0,1,0,0,0
0,35,24,840,3,6.0,0,1,1,1,1,0,0,0,1,0,0
0,58,99,5742,3,24.75,0,1,1,1,1,0,0,0,0,1,0
0,20,20,400,2,6.666666666666667,1,1,1,0,1,0,0,1,0,0,0
0,60,25,1500,2,8.333333333333334,0,0,1,0,0,0,1,0,0,1,0
0,41,20,820,3,5.0,0,1,1,1,0,0,0,0,1,0,0
0,15,51,765,3,12.75,0,0,1,1,1,0,0,1,0,0,0
0,1,44,44,2,14.666666666666666,1,0,1,0,0,0,0,0,0,0,0
0,66,100,6600,3,25.0,1,0,1,1,0,1,0,0,0,1,1
1,1,69,69,3,17.25,0,1,1,1,1,0,0,0,0,0,1
0,2,44,88,2,14.666666666666666,1,1,1,0,0,0,1,0,0,0,0
0,32,84,2688,3,21.0,0,0,1,1,0,0,0,0,1,0,1
1,72,78,5616,2,26.0,0,0,1,0,0,0,0,0,0,1,0
0,62,96,5952,2,32.0,1,0,1,0,0,0,0,0,0,1,0
1,9,80,720,2,26.666666666666668,1,0,1,0,0,0,0,0,0,0,0
0,4,86,344,2,28.666666666666668,1,0,1,0,0,0,0,0,0,0,0
0,30,82,2460,2,27.333333333333332,1,1,1,0,1,0,0,0,1,0,0
0,40,104,4160,2,34.666666666666664,1,0,1,0,0,0,0,0,1,0,1
0,33,20,660,3,5.0,1,1,1,1,1,0,0,0,1,0,0
0,63,80,5040,3,20.0,1,0,1,1,0,0,1,0,0,1,0
0,64,20,1280,3,5.0,0,1,1,1,1,0,1,0,0,1,0
0,5,97,485,3,24.25,1,0,1,1,0,1,0,0,0,0,0
0,7,20,140,2,6.666666666666667,0,0,1,0,0,0,0,0,0,0,1
0,10,80,800,2,26.666666666666668,1,0,1,0,0,0,1,0,0,0,0
0,63,101,6363,2,33.666666666666664,0,1,1,0,0,1,0,0,0,1,1
0,20,39,780,1,19.5,1,1,0,0,0,1,0,1,0,0,0
0,38,84,3192,2,28.0,0,0,1,0,0,1,0,0,1,0,0
1,66,108,7128,2,36.0,0,0,1,0,0,0,1,0,0,1,0
0,13,91,1183,2,30.333333333333332,1,0,1,0,0,1,0,1,0,0,1
0,24,66,1584,2,22.0,0,0,1,0,0,0,0,1,0,0,0
1,23,104,2392,3,26.0,1,0,1,1,0,0,0,1,0,0,0
1,32,91,2912,2,30.333333333333332,0,1,1,0,0,0,0,0,1,0,0
0,51,60,3060,1,30.0,0,1,0,0,0,0,0,0,0,1,0
0,40,19,760,2,6.333333333333333,0,0,1,0,0,0,0,0,1,0,0
0,22,59,1298,2,19.666666666666668,0,0,1,0,0,0,0,1,0,0,0
0,1,70,70,2,23.333333333333332,1,1,1,0,0,0,1,0,0,0,0
1,6,89,534,2,29.666666666666668,0,0,1,0,0,0,0,0,0,0,0
0,4,20,80,2,6.666666666666667,0,0,1,0,1,0,0,0,0,0,0
0,60,106,6360,2,35.333333333333336,0,0,1,0,1,0,0,0,0,1,1
1,72,65,4680,1,32.5,1,0,0,0,0,0,1,0,0,1,0
0,42,60,2520,2,20.0,0,0,1,0,0,0,0,0,1,0,0
0,2,62,124,2,20.666666666666668,0,0,1,0,0,0,0,0,0,0,0
0,69,60,4140,2,20.0,1,0,0,1,0,1,0,0,0,1,0
0,2,86,172,2,28.666666666666668,1,0,1,0,0,1,0,0,0,0,1
1,1,36,36,2,12.0,0,0,0,1,1,1,0,0,0,0,1
0,31,66,2046,3,16.5,1,0,1,1,1,1,0,0,1,0,0
0,16,20,320,2,6.666666666666667,1,1,1,0,1,0,0,1,0,0,0
0,15,20,300,2,6.666666666666667,0,0,1,0,0,0,0,1,0,0,0
0,2,94,188,3,23.5,0,1,1,1,0,0,1,0,0,0,1
1,17,93,1581,2,31.0,0,0,1,0,0,0,0,1,0,0,0
0,6,94,564,3,23.5,1,1,1,1,1,0,0,0,0,0,1
0,61,60,3660,2,20.0,0,1,1,0,0,0,1,0,0,1,0
0,1,19,19,2,6.333333333333333,0,0,1,0,0,0,1,0,0,0,0
0,19,88,1672,3,22.0,1,0,1,1,0,0,1,1,0,0,0
0,44,54,2376,2,18.0,1,1,0,1,1,0,1,0,1,0,0
0,70,112,7840,3,28.0,0,0,1,1,1,1,0,0,0,1,0
0,63,25,1575,3,6.25,1,1,1,1,0,0,1,0,0,1,0
0,58,44,2552,2,14.666666666666666,0,1,1,0,0,0,0,0,0,1,0
0,53,74,3922,2,24.666666666666668,0,0,1,0,1,0,0,0,0,1,0
0,59,44,2596,2,14.666666666666666,1,0,0,1,1,0,0,0,0,1,0
0,69,104,7176,2,34.666666666666664,1,0,1,0,0,0,0,0,0,1,1
0,26,49,1274,2,16.333333333333332,1,0,1,0,0,0,0,0,1,0,0
0,23,57,1311,3,14.25,1,1,1,1,1,0,0,1,0,0,0
0,42,55,2310,2,18.333333333333332,0,0,1,0,0,1,0,0,1,0,0
1,1,51,51,2,17.0,0,0,1,0,0,0,0,0,0,0,1
0,6,48,288,1,24.0,0,0,0,0,0,0,1,0,0,0,1
0,58,21,1218,3,5.25,1,0,1,1,1,0,0,0,0,1,0
0,3,102,306,2,34.0,1,0,1,0,0,1,0,0,0,0,1
0,41,20,820,2,6.666666666666667,0,0,1,0,0,0,0,0,1,0,0
0,58,61,3538,2,20.333333333333332,0,0,1,0,0,0,0,0,0,1,0
1,51,94,4794,2,31.333333333333332,1,0,1,0,0,0,0,0,0,1,1
0,64,111,7104,2,37.0,0,0,1,0,0,0,0,0,0,1,0
0,19,26,494,3,6.5,0,1,1,1,0,0,0,1,0,0,0
0,60,79,4740,2,26.333333333333332,1,1,1,0,0,0,0,0,0,1,0
0,69,114,7866,3,28.5,1,1,1,1,0,0,1,0,0,1,0
0,3,81,243,3,20.25,0,1,1,1,0,0,0,0,0,0,0
0,7,95,665,2,31.666666666666668,1,0,1,0,0,0,0,0,0,0,1
0,19,73,1387,2,24.333333333333332,0,0,1,0,1,0,0,1,0,0,1
0,1,77,77,2,25.666666666666668,0,0,1,0,1,0,0,0,0,0,1
0,62,24,1488,2,8.0,0,0,1,0,0,0,1,0,0,1,0
0,1,50,50,2,16.666666666666668,0,0,1,0,0,1,0,0,0,0,1
1,1,74,74,3,18.5,1,0,1,1,0,0,1,0,0,0,1
0,28,60,1680,2,20.0,0,0,1,0,1,0,0,0,1,0,0
0,69,92,6348,3,23.0,1,0,1,1,1,0,0,0,0,1,0
1,30,80,2400,3,20.0,1,0,1,1,0,1,0,0,1,0,1
1,40,39,1560,1,19.5,0,0,0,0,0,1,0,0,1,0,1
0,1,20,20,2,6.666666666666667,0,0,1,0,0,0,0,0,0,0,0
0,45,101,4545,2,33.666666666666664,1,0,1,0,0,0,1,0,1,0,1
0,22,79,1738,2,26.333333333333332,1,1,1,0,0,1,0,1,0,0,0
0,47,20,940,2,6.666666666666667,0,1,1,0,0,0,0,0,1,0,0
0,2,20,40,3,5.0,0,0,1,1,1,0,1,0,0,0,0
0,13,35,455,1,17.5,0,0,0,0,0,1,0,1,0,0,1
0,20,19,380,3,4.75,0,0,1,1,1,1,0,1,0,0,0
0,48,19,912,3,4.75,1,0,1,1,0,0,0,0,1,0,0
0,67,101,6767,2,33.666666666666664,1,0,1,0,0,0,0,0,0,1,0
0,70,99,6930,3,24.75,1,0,1,1,1,0,0,0,0,1,0
0,64,99,6336,3,24.75,0,0,1,1,0,0,1,0,0,1,0
0,34,98,3332,2,32.666666666666664,0,0,1,0,0,0,0,0,1,0,1
0,72,91,6552,2,30.333333333333332,0,0,1,0,0,0,0,0,0,1,0
0,23,70,1610,2,23.333333333333332,0,1,1,0,0,0,0,1,0,0,0
1,15,89,1335,3,22.25,0,0,1,1,0,0,1,1,0,0,0
0,22,101,2222,3,25.25,1,0,1,1,0,0,0,1,0,0,1
0,41,70,2870,2,23.333333333333332,1,1,1,0,0,0,1,0,1,0,0
0,68,82,5576,3,20.5,0,0,1,1,1,0,0,0,0,1,0
0,70,106,7420,3,26.5,0,1,1,1,0,0,1,0,0,1,0
0,71,87,6177,3,21.75,1,1,1,1,1,0,0,0,0,1,0
0,71,85,6035,3,21.25,1,1,1,1,1,0,0,0,0,1,0
0,1,55,55,2,18.333333333333332,1,0,1,0,1,0,0,0,0,0,1
0,3,21,63,2,7.0,1,1,1,0,0,0,0,0,0,0,0
0,40,93,3720,3,23.25,0,0,1,1,1,1,0,0,1,0,0
0,3,51,153,1,25.5,0,0,0,0,0,0,0,0,0,0,1
0,67,26,1742,2,8.666666666666666,0,0,1,0,0,1,0,0,0,1,0
0,18,75,1350,2,25.0,0,0,1,0,1,0,0,1,0,0,0
0,3,74,222,2,24.666666666666668,0,0,1,0,0,1,0,0,0,0,1
0,71,116,8236,2,38.666666666666664,1,0,1,0,0,0,1,0,0,1,0
0,25,34,850,1,17.0,0,0,0,0,0,0,0,0,1,0,1
1,32,91,2912,2,30.333333333333332,0,0,1,0,0,0,0,0,1,0,0
0,46,20,920,3,5.0,1,1,1,1,0,1,0,0,1,0,0
0,68,19,1292,2,6.333333333333333,0,1,1,0,0,0,0,0,0,1,0
0,48,80,3840,2,26.666666666666668,0,1,1,0,0,0,1,0,1,0,0
0,2,70,140,3,17.5,0,1,1,1,0,0,0,0,0,0,1
0,56,93,5208,2,31.0,1,0,1,0,0,0,0,0,0,1,0
0,5,79,395,2,26.333333333333332,1,0,1,0,0,0,1,0,0,0,1
0,3,75,225,3,18.75,0,0,1,1,1,0,0,0,0,0,0
0,64,93,5952,3,23.25,0,1,1,1,1,1,0,0,0,1,0
0,47,90,4230,2,30.0,1,1,1,0,1,0,0,0,1,0,0
0,63,67,4221,3,16.75,1,0,1,1,1,0,1,0,0,1,0
0,27,19,513,3,4.75,1,0,1,1,1,0,0,0,1,0,0
1,47,71,3337,2,23.666666666666668,0,1,1,0,0,0,0,0,1,0,1
0,59,24,1416,3,6.0,0,0,1,1,1,0,0,0,0,1,0
0,4,19,76,2,6.333333333333333,1,1,1,0,1,0,0,0,0,0,0
0,72,115,8280,3,28.75,0,0,1,1,1,0,0,0,0,1,0
0,13,55,715,3,13.75,0,0,1,1,1,0,0,1,0,0,0
1,66,108,7128,3,27.0,1,1,1,1,1,0,1,0,0,1,0
0,42,21,882,3,5.25,0,0,1,1,0,0,0,0,1,0,0
0,10,20,200,3,5.0,0,0,1,1,1,0,0,0,0,0,0
1,15,74,1110,2,24.666666666666668,0,0,1,0,0,0,0,1,0,0,1
0,45,95,4275,3,23.75,0,0,1,1,1,0,0,0,1,0,0
0,48,74,3552,3,18.5,0,0,1,1,0,1,0,0,1,0,0
0,1,25,25,1,12.5,0,0,0,0,1,1,0,0,0,0,0
0,27,76,2052,2,25.333333333333332,0,0,1,0,1,0,0,0,1,0,0
0,5,19,95,2,6.333333333333333,1,0,1,0,0,1,0,0,0,0,1
0,23,87,2001,2,29.0,1,1,1,0,0,0,0,1,0,0,0
1,11,75,825,3,18.75,1,1,1,1,0,0,0,0,0,0,0
1,35,102,3570,3,25.5,0,0,1,1,0,1,0,0,1,0,0
0,67,89,5963,2,29.666666666666668,1,0,1,0,1,1,0,0,0,1,0
0,33,75,2475,2,25.0,1,1,1,0,0,0,1,0,1,0,0
0,72,114,8208,2,38.0,1,1,1,0,1,0,0,0,0,1,0
0,67,110,7370,2,36.666666666666664,0,0,1,0,0,1,0,0,0,1,0
0,33,20,660,3,5.0,0,0,1,1,1,0,0,0,1,0,0
0,47,59,2773,2,19.666666666666668,0,0,1,0,0,0,1,0,1,0,0
1,13,98,1274,3,24.5,1,0,1,1,1,0,0,1,0,0,1
0,18,83,1494,2,27.666666666666668,1,1,1,0,0,0,1,1,0,0,0
0,72,112,8064,3,28.0,0,0,1,1,1,0,0,0,0,1,0
1,11,90,990,3,22.5,0,0,1,1,1,0,0,0,0,0,1
1,7,44,308,1,22.0,1,0,0,0,0,0,1,0,0,0,0
0,59,99,5841,2,33.0,0,0,1,0,0,0,1,0,0,1,0
1,32,100,3200,3,25.0,0,1,1,1,1,0,0,0,1,0,0
0,67,25,1675,3,6.25,0,0,1,1,1,0,0,0,0,1,0
0,51,88,4488,2,29.333333333333332,0,0,1,0,0,0,0,0,0,1,0
1,59,94,5546,3,23.5,0,0,1,1,0,1,0,0,0,1,0
0,48,39,1872,2,13.0,0,1,0,1,1,0,0,0,1,0,0
1,1,71,71,2,23.666666666666668,0,0,1,0,0,0,0,0,0,0,1
0,23,19,437,3,4.75,1,0,1,1,1,0,1,1,0,0,0
0,38,95,3610,2,31.666666666666668,1,1,1,0,1,0,0,0,1,0,1
0,19,20,380,3,5.0,1,1,1,1,1,1,0,1,0,0,0
1,3,76,228,2,25.333333333333332,1,0,1,0,0,0,1,0,0,0,1
1,58,99,5742,3,24.75,1,0,1,1,1,0,0,0,0,1,0
0,2,50,100,3,12.5,1,0,1,1,0,1,0,0,0,0,0
0,5,75,375,2,25.0,1,0,1,0,1,0,0,0,0,0,0
0,72,101,7272,2,33.666666666666664,0,0,1,0,0,0,0,0,0,1,0
1,44,110,4840,2,36.666666666666664,0,0,1,0,0,1,0,0,1,0,0
0,16,20,320,2,6.666666666666667,1,0,1,0,1,0,0,1,0,0,1
0,12,51,612,1,25.5,1,0,0,0,0,0,1,0,0,0,0
0,6,90,540,3,22.5,0,0,1,1,1,0,1,0,0,0,1
1,72,108,7776,2,36.0,0,0,1,0,0,0,0,0,0,1,0
0,23,25,575,3,6.25,0,0,1,1,1,0,0,1,0,0,0
0,38,70,2660,2,23.333333333333332,1,0,1,0,1,0,0,0,1,0,1
0,47,95,4465,2,31.666666666666668,1,0,1,0,0,0,0,0,1,0,0
0,54,20,1080,2,6.666666666666667,0,0,1,0,0,0,1,0,0,1,0
0,15,69,1035,2,23.0,1,0,1,0,1,0,1,1,0,0,0
1,20,94,1880,3,23.5,0,0,1,1,1,0,0,1,0,0,1
0,16,73,1168,3,18.25,0,1,1,1,1,1,0,1,0,0,0
0,1,69,69,3,17.25,1,0,1,1,0,0,0,0,0,0,1
0,1,25,25,1,12.5,1,0,0,0,1,0,0,0,0,0,1
0,69,98,6762,3,24.5,1,0,1,1,0,0,1,0,0,1,0
0,49,84,4116,3,21.0,1,1,1,1,1,0,0,0,0,1,1
0,53,55,2915,2,18.333333333333332,1,0,0,1,0,0,0,0,0,1,0
0,7,19,133,3,4.75,1,1,1,1,1,0,0,0,0,0,0
0,42,50,2100,2,16.666666666666668,0,0,1,0,0,1,0,0,1,0,1
0,17,50,850,2,16.666666666666668,1,1,1,0,0,0,0,1,0,0,0
1,2,82,164,3,20.5,0,0,1,1,0,0,0,0,0,0,0
0,72,104,7488,3,26.0,0,1,1,1,1,0,0,0,0,1,0
0,28,20,560,2,6.666666666666667,0,0,1,0,0,0,1,0,1,0,0
0,1,50,50,1,25.0,1,0,0,0,0,0,0,0,0,0,1
0,15,86,1290,3,21.5,0,0,1,1,1,1,0,1,0,0,1
1,67,107,7169,2,35.666666666666664,0,0,1,0,0,1,0,0,0,1,0
0,11,100,1100,2,33.333333333333336,0,0,1,0,1,0,1,0,0,0,1
0,56,103,5768,2,34.333333333333336,1,1,1,0,1,0,0,0,0,1,0
0,22,55,1210,3,13.75,1,0,1,1,1,0,0,1,0,0,0
1,19,34,646,1,17.0,1,0,0,0,1,1,0,1,0,0,0
0,44,20,880,3,5.0,0,1,1,1,1,0,1,0,1,0,0
0,10,36,360,2,12.0,1,0,0,1,1,1,0,0,0,0,0
0,18,71,1278,2,23.666666666666668,0,0,1,0,0,1,0,1,0,0,0
0,30,19,570,2,6.333333333333333,1,0,1,0,0,0,1,0,1,0,0
0,26,36,936,1,18.0,1,0,0,0,1,1,0,0,1,0,0
0,58,109,6322,3,27.25,0,0,1,1,0,0,0,0,0,1,1
0,1,30,30,1,15.0,1,0,0,0,0,0,0,0,0,0,1
0,9,66,594,2,22.0,0,0,1,0,1,0,0,0,0,0,1
0,50,82,4100,2,27.333333333333332,0,0,1,0,0,0,0,0,0,1,0
0,46,31,1426,1,15.5,1,0,0,0,0,1,0,0,1,0,0
0,11,51,561,3,12.75,0,0,1,1,1,0,0,0,0,0,0
0,37,70,2590,2,23.333333333333332,1,0,1,0,1,0,0,0,1,0,0
0,22,54,1188,2,18.0,1,0,1,0,1,0,0,1,0,0,1
0,67,26,1742,3,6.5,1,0,1,1,1,0,0,0,0,1,0
0,1,20,20,3,5.0,1,0,1,1,0,0,1,0,0,0,0
0,19,56,1064,2,18.666666666666668,0,0,1,0,0,0,1,1,0,0,0
1,9,75,675,3,18.75,0,0,1,1,0,0,0,0,0,0,1
0,70,99,6930,2,33.0,1,0,1,0,1,0,0,0,0,1,0
0,1,50,50,2,16.666666666666668,1,0,1,0,0,1,0,0,0,0,0
0,39,41,1599,2,13.666666666666666,0,0,0,1,1,0,1,0,1,0,0
0,2,71,142,2,23.666666666666668,1,0,1,0,0,0,0,0,0,0,1
1,49,44,2156,2,14.666666666666666,0,0,1,0,0,0,0,0,0,1,0
0,7,64,448,2,21.333333333333332,1,0,1,0,1,0,0,0,0,0,0
0,1,46,46,3,11.5,1,1,1,1,1,0,0,0,0,0,1
0,61,101,6161,2,33.666666666666664,0,0,1,0,0,0,1,0,0,1,0
0,1,43,43,2,14.333333333333334,1,0,1,0,0,0,1,0,0,0,1
1,40,92,3680,3,23.0,0,0,1,1,1,0,0,0,1,0,0
0,71,24,1704,3,6.0,0,0,1,1,1,0,0,0,0,1,0
0,24,90,2160,3,22.5,1,0,1,1,0,0,0,1,0,0,1
0,14,50,700,3,12.5,0,0,1,1,1,0,0,1,0,0,0
1,61,94,5734,3,23.5,0,0,1,1,1,0,0,0,0,1,0
1,44,75,3300,3,18.75,0,0,1,1,0,0,0,0,1,0,0
0,70,20,1400,3,5.0,0,0,1,1,0,0,1,0,0,1,0
0,18,74,1332,3,18.5,0,0,1,1,1,0,0,1,0,0,0
0,12,74,888,3,18.5,1,1,1,1,0,0,1,0,0,0,1
1,66,107,7062,2,35.666666666666664,1,0,1,0,0,0,0,0,0,1,0
0,61,21,1281,3,5.25,1,1,1,1,0,0,1,0,0,1,0
0,42,86,3612,2,28.666666666666668,0,0,1,0,0,1,0,0,1,0,0
0,54,95,5130,2,31.666666666666668,0,0,1,0,0,1,0,0,0,1,0
0,3,20,60,3,5.0,1,0,1,1,1,0,0,0,0,0,0
0,69,54,3726,3,13.5,1,0,1,1,0,0,1,0,0,1,0
0,3,20,60,3,5.0,0,0,1,1,1,1,0,0,0,0,0
0,7,75,525,3,18.75,0,0,1,1,1,0,0,0,0,0,1
0,57,20,1140,2,6.666666666666667,0,0,1,0,1,0,0,0,0,1,0
1,14,75,1050,3,18.75,1,0,1,1,0,0,0,1,0,0,1
0,11,42,462,2,14.0,1,0,0,1,1,0,1,0,0,0,1
0,4,20,80,2,6.666666666666667,1,0,1,0,0,1,0,0,0,0,0
0,43,94,4042,2,31.333333333333332,1,0,1,0,0,0,0,0,1,0,0
0,62,74,4588,2,24.666666666666668,1,0,1,0,1,0,0,0,0,1,0
0,12,96,1152,3,24.0,0,0,1,1,1,0,0,0,0,0,1
0,11,20,220,2,6.666666666666667,1,1,1,0,0,1,0,0,0,0,0
0,19,60,1140,2,20.0,0,0,1,0,1,0,0,1,0,0,0
0,44,106,4664,2,35.333333333333336,1,0,1,0,0,1,0,0,1,0,0
1,11,78,858,3,19.5,0,1,1,1,1,0,0,0,0,0,0
0,72,81,5832,3,20.25,1,1,1,1,0,0,1,0,0,1,0
0,43,105,4515,2,35.0,0,0,1,0,1,0,0,0,1,0,1
0,3,20,60,3,5.0,1,0,1,1,0,0,0,0,0,0,1
1,5,81,405,2,27.0,0,0,1,0,0,0,0,0,0,0,0
0,2,30,60,1,15.0,1,0,0,0,1,0,0,0,0,0,1
0,68,86,5848,3,21.5,1,1,1,1,1,0,0,0,0,1,0
1,33,94,3102,2,31.333333333333332,1,0,1,0,1,0,0,0,1,0,1
0,11,36,396,1,18.0,0,0,0,0,0,0,0,0,0,0,0
1,69,90,6210,3,22.5,1,0,1,1,0,1,0,0,0,1,1
0,66,105,6930,2,35.0,0,0,1,0,0,0,1,0,0,1,0
0,29,76,2204,2,25.333333333333332,1,1,1,0,0,0,0,0,1,0,0
0,8,45,360,2,15.0,1,1,1,0,0,0,1,0,0,0,0
1,72,64,4608,2,21.333333333333332,1,0,0,1,0,0,1,0,0,1,0
0,8,45,360,3,11.25,0,1,1,1,0,0,0,0,0,0,0
0,32,104,3328,2,34.666666666666664,0,0,1,0,0,0,0,0,1,0,0
0,56,20,1120,2,6.666666666666667,0,1,1,0,1,0,0,0,0,1,0
0,10,81,810,2,27.0,1,0,1,0,0,0,0,0,0,0,1
0,44,62,2728,2,20.666666666666668,0,0,1,0,1,0,0,0,1,0,0
0,23,84,1932,3,21.0,0,1,1,1,1,0,0,1,0,0,1
0,4,48,192,2,16.0,0,0,0,1,1,0,0,0,0,0,0
0,36,51,1836,3,12.75,0,1,1,1,1,1,0,0,1,0,0
0,47,83,3901,3,20.75,1,0,1,1,1,1,0,0,1,0,1
0,2,30,60,2,10.0,0,1,0,1,1,0,0,0,0,0,0
0,52,20,1040,2,6.666666666666667,0,1,1,0,1,0,0,0,0,1,0
0,5,91,455,3,22.75,0,0,1,1,1,0,0,0,0,0,1
0,64,66,4224,3,16.5,0,1,1,1,1,0,0,0,0,1,0
0,2,50,100,2,16.666666666666668,1,0,1,0,0,1,0,0,0,0,0
0,8,20,160,3,5.0,0,0,1,1,1,0,0,0,0,0,0
0,1,70,70,2,23.333333333333332,0,0,1,0,0,0,0,0,0,0,1
0,1,45,45,2,15.0,1,0,0,1,0,0,1,0,0,0,1
0,60,60,3600,2,20.0,1,1,1,0,0,0,0,0,0,1,0
0,20,91,1820,2,30.333333333333332,1,0,1,0,0,0,1,1,0,0,0
0,22,51,1122,3,12.75,1,1,1,1,0,1,0,1,0,0,0
0,54,71,3834,3,17.75,1,1,1,1,1,1,0,0,0,1,0
0,1,81,81,2,27.0,1,0,1,0,0,0,0,0,0,0,0
0,13,19,247,3,4.75,1,0,1,1,1,0,1,1,0,0,0
1,24,97,2328,3,24.25,0,1,1,1,0,0,0,1,0,0,0
1,6,74,444,2,24.666666666666668,0,0,1,0,0,0,1,0,0,0,0
1,38,103,3914,2,34.333333333333336,1,0,1,0,1,0,0,0,1,0,0
0,12,85,1020,2,28.333333333333332,0,0,1,0,0,1,0,0,0,0,0
0,26,45,1170,1,22.5,1,0,0,0,0,0,1,0,1,0,0
0,6,41,246,1,20.5,0,1,0,0,0,0,0,0,0,0,0
0,67,87,5829,3,21.75,1,1,1,1,0,1,0,0,0,1,1
1,62,104,6448,3,26.0,1,0,1,1,1,0,0,0,0,1,1
0,50,39,1950,1,19.5,1,1,0,0,0,0,0,0,0,1,0
0,72,66,4752,2,22.0,1,1,0,1,0,0,1,0,0,1,0
1,31,99,3069,2,33.0,0,1,1,0,0,0,0,0,1,0,1
0,72,92,6624,2,30.666666666666668,1,0,1,0,0,1,0,0,0,1,0
0,51,44,2244,2,14.666666666666666,1,0,0,1,0,0,0,0,0,1,0
0,60,115,6900,3,28.75,0,1,1,1,1,1,0,0,0,1,0
0,24,20,480,2,6.666666666666667,0,1,1,0,0,0,1,1,0,0,0
0,2,81,162,2,27.0,0,0,1,0,0,1,0,0,0,0,1
0,4,78,312,2,26.0,0,0,1,0,1,0,0,0,0,0,1
0,67,66,4422,2,22.0,0,0,1,0,0,0,0,0,0,1,0
0,69,106,7314,3,26.5,0,0,1,1,1,0,0,0,0,1,0
0,1,70,70,3,17.5,0,0,1,1,1,0,0,0,0,0,1
0,67,25,1675,3,6.25,1,0,1,1,0,0,1,0,0,1,0
0,1,90,90,2,30.0,1,0,1,0,0,0,1,0,0,0,1
1,67,84,5628,2,28.0,1,0,1,0,0,0,0,0,0,1,0
1,27,86,2322,3,21.5,0,0,1,1,1,0,0,0,1,0,0
0,41,106,4346,2,35.333333333333336,0,0,1,0,0,0,0,0,1,0,0
0,64,109,6976,2,36.333333333333336,1,1,1,0,0,1,0,0,0,1,0
0,1,70,70,3,17.5,0,0,1,1,0,0,1,0,0,0,1
0,6,45,270,2,15.0,1,0,1,0,0,0,0,0,0,0,1
0,72,65,4680,1,32.5,1,1,0,0,1,0,0,0,0,1,0
0,57,70,3990,3,17.5,0,1,1,1,1,1,0,0,0,1,1
0,70,73,5110,2,24.333333333333332,1,0,1,0,0,0,0,0,0,1,0
1,10,86,860,2,28.666666666666668,1,0,1,0,0,0,0,0,0,0,1
0,1,56,56,3,14.0,1,0,1,1,1,1,0,0,0,0,1
1,71,90,6390,3,22.5,0,0,1,1,1,0,0,0,0,1,0
0,3,40,120,2,13.333333333333334,0,1,0,1,0,0,1,0,0,0,0
0,63,24,1512,3,6.0,0,0,1,1,0,0,0,0,0,1,0
0,25,75,1875,2,25.0,0,0,1,0,1,0,0,0,1,0,0
0,62,24,1488,2,8.0,1,1,1,0,0,0,1,0,0,1,0
0,55,95,5225,3,23.75,0,0,1,1,1,0,0,0,0,1,0
0,52,79,4108,2,26.333333333333332,1,1,1,0,1,0,0,0,0,1,0
0,16,81,1296,3,20.25,0,1,1,1,1,1,0,1,0,0,1
0,29,88,2552,3,22.0,0,1,1,1,0,0,1,0,1,0,0
0,2,35,70,2,11.666666666666666,0,0,0,1,0,0,1,0,0,0,1
0,8,71,568,2,23.666666666666668,1,0,1,0,0,0,1,0,0,0,0
0,5,85,425,2,28.333333333333332,0,0,1,0,1,0,0,0,0,0,0
1,32,74,2368,3,18.5,0,0,1,1,1,0,0,0,1,0,1
0,72,84,6048,2,28.0,1,1,1,0,1,0,1,0,0,1,0
0,7,50,350,1,25.0,1,1,0,0,0,1,0,0,0,0,0
1,18,58,1044,3,14.5,1,0,1,1,1,1,0,1,0,0,0
0,48,105,5040,3,26.25,0,0,1,1,1,0,0,0,1,0,0
1,71,96,6816,3,24.0,0,0,1,1,1,0,0,0,0,1,0
0,1,70,70,2,23.333333333333332,1,0,1,0,0,0,1,0,0,0,1
0,69,105,7245,2,35.0,1,0,1,0,0,1,0,0,0,1,0
0,60,20,1200,2,6.666666666666667,1,0,1,0,0,0,0,0,0,1,0
1,1,25,25,1,12.5,1,0,0,0,0,0,0,0,0,0,1
0,1,49,49,2,16.333333333333332,1,0,1,0,1,0,0,0,0,0,0
0,38,92,3496,2,30.666666666666668,1,0,1,0,0,1,0,0,1,0,0
0,31,99,3069,2,33.0,1,0,1,0,0,0,1,0,1,0,0
1,14,79,1106,3,19.75,0,0,1,1,1,0,1,1,0,0,0
1,71,110,7810,2,36.666666666666664,0,0,1,0,0,0,1,0,0,1,0
0,2,81,162,2,27.0,1,0,1,0,0,1,0,0,0,0,1
0,64,93,5952,2,31.0,1,1,1,0,1,0,1,0,0,1,0
0,9,81,729,3,20.25,0,0,1,1,0,1,0,0,0,0,0
0,56,106,5936,3,26.5,0,0,1,1,1,0,1,0,0,1,0
0,11,94,1034,2,31.333333333333332,0,0,1,0,0,0,0,0,0,0,0
0,72,19,1368,3,4.75,1,1,1,1,1,0,0,0,0,1,0
0,1,20,20,3,5.0,0,0,1,1,0,0,0,0,0,0,0
0,60,109,6540,2,36.333333333333336,1,0,1,0,0,0,1,0,0,1,0
1,33,50,1650,2,16.666666666666668,1,0,0,1,1,0,1,0,1,0,0
0,72,20,1440,2,6.666666666666667,1,1,1,0,0,0,0,0,0,1,0
0,26,87,2262,3,21.75,0,0,1,1,0,0,1,0,1,0,0
0,3,86,258,3,21.5,0,0,1,1,0,0,1,0,0,0,1
0,22,39,858,1,19.5,0,1,0,0,1,0,0,1,0,0,0
1,22,64,1408,2,21.333333333333332,0,0,1,0,0,0,1,1,0,0,0
0,1,54,54,2,18.0,0,0,1,0,0,1,0,0,0,0,1
0,27,55,1485,2,18.333333333333332,1,1,1,0,1,0,0,0,1,0,0
0,1,70,70,3,17.5,0,0,1,1,0,1,0,0,0,0,1
0,41,106,4346,2,35.333333333333336,0,0,1,0,0,0,0,0,1,0,1
1,14,74,1036,3,18.5,0,0,1,1,0,0,0,1,0,0,1
0,7,69,483,3,17.25,1,0,1,1,0,1,0,0,0,0,1
0,32,54,1728,3,13.5,0,0,1,1,0,0,1,0,1,0,0
0,41,68,2788,2,22.666666666666668,1,1,1,0,0,1,0,0,1,0,0
1,4,46,184,2,15.333333333333334,0,1,1,0,0,1,0,0,0,0,1
0,56,26,1456,2,8.666666666666666,1,0,1,0,1,0,0,0,0,1,0
1,33,110,3630,3,27.5,0,0,1,1,1,1,0,0,1,0,1
1,2,66,132,3,16.5,1,0,1,1,1,1,0,0,0,0,1
0,28,106,2968,2,35.333333333333336,1,0,1,0,1,1,0,0,1,0,1
0,1,54,54,3,13.5,0,1,1,1,1,0,0,0,0,0,0
0,1,19,19,2,6.333333333333333,1,1,1,0,1,0,0,0,0,0,0
0,2,70,140,3,17.5,0,0,1,1,1,0,0,0,0,0,1
1,4,74,296,2,24.666666666666668,1,0,1,0,0,0,0,0,0,0,1
0,34,105,3570,3,26.25,1,0,1,1,1,0,1,0,1,0,0
0,64,58,3712,3,14.5,0,0,1,1,1,1,0,0,0,1,0
0,7,19,133,2,6.333333333333333,1,0,1,0,0,1,0,0,0,0,0
0,51,84,4284,3,21.0,1,1,1,1,0,0,1,0,0,1,0
0,21,20,420,2,6.666666666666667,1,0,1,0,1,0,0,1,0,0,0
0,21,71,1491,2,23.666666666666668,0,0,1,0,0,0,1,1,0,0,0
1,57,91,5187,3,22.75,1,0,1,1,1,0,0,0,0,1,0
0,6,76,456,3,19.0,1,0,1,1,0,0,1,0,0,0,1
0,8,49,392,2,16.333333333333332,0,0,1,0,0,0,1,0,0,0,0
0,18,26,468,1,13.0,1,1,0,0,1,0,0,1,0,0,0
1,7,70,490,2,23.333333333333332,1,0,1,0,0,0,1,0,0,0,1
0,35,60,2100,2,20.0,1,0,1,0,0,0,1,0,1,0,0
0,32,75,2400,3,18.75,0,0,1,1,1,0,0,0,1,0,0
0,30,100,3000,3,25.0,0,0,1,1,1,0,0,0,1,0,0
0,26,50,1300,2,16.666666666666668,1,1,1,0,1,0,0,0,1,0,0
0,38,95,3610,2,31.666666666666668,1,0,1,0,0,1,0,0,1,0,0
1,41,113,4633,2,37.666666666666664,0,0,1,0,0,0,1,0,1,0,1
0,34,45,1530,1,22.5,1,1,0,0,0,1,0,0,1,0,0
1,55,60,3300,3,15.0,1,0,1,1,1,0,1,0,0,1,0
1,57,94,5358,2,31.333333333333332,0,0,1,0,1,0,0,0,0,1,0
1,66,105,6930,2,35.0,0,0,1,0,0,0,1,0,0,1,0
0,43,86,3698,2,28.666666666666668,1,0,1,0,1,0,0,0,1,0,0
0,32,76,2432,2,25.333333333333332,0,1,1,0,0,0,1,0,1,0,0
0,40,81,3240,3,20.25,0,0,1,1,0,0,1,0,1,0,0
0,41,98,4018,3,24.5,0,0,1,1,0,1,0,0,1,0,0
1,30,90,2700,2,30.0,1,0,1,0,1,0,0,0,1,0,0
0,3,80,240,2,26.666666666666668,0,0,1,0,0,1,0,0,0,0,1
0,54,104,5616,2,34.666666666666664,0,1,1,0,1,0,0,0,0,1,0
0,9,95,855,2,31.666666666666668,1,0,1,0,0,0,1,0,0,0,1
1,7,75,525,3,18.75,1,0,1,1,0,0,1,0,0,0,0
0,58,100,5800,3,25.0,1,0,1,1,0,0,1,0,0,1,0
0,52,89,4628,3,22.25,1,0,1,1,0,1,0,0,0,1,0
0,26,40,1040,2,13.333333333333334,1,1,0,1,1,0,0,0,1,0,0
0,34,20,680,3,5.0,0,0,1,1,0,1,0,0,1,0,0
0,53,81,4293,3,20.25,1,0,1,1,1,0,1,0,0,1,0
0,15,88,1320,3,22.0,1,0,1,1,1,0,0,1,0,0,0
0,1,19,19,2,6.333333333333333,1,1,1,0,0,0,1,0,0,0,1
0,5,56,280,3,14.0,0,0,1,1,0,0,0,0,0,0,0
0,34,105,3570,2,35.0,0,1,1,0,0,0,0,0,1,0,0
0,32,101,3232,2,33.666666666666664,0,0,1,0,0,1,0,0,1,0,0
0,41,35,1435,1,17.5,0,1,0,0,0,0,0,0,1,0,0
0,25,54,1350,1,27.0,0,0,0,0,0,1,0,0,1,0,0
0,17,62,1054,2,20.666666666666668,1,1,1,0,0,0,1,1,0,0,0
0,17,25,425,3,6.25,0,0,1,1,1,0,1,1,0,0,0
0,70,85,5950,2,28.333333333333332,0,0,1,0,0,0,0,0,0,1,0
0,43,19,817,2,6.333333333333333,1,1,1,0,0,1,0,0,1,0,0
0,71,24,1704,3,6.0,1,1,1,1,0,1,0,0,0,1,0
1,2,24,48,1,12.0,1,0,0,0,0,1,0,0,0,0,1
0,49,75,3675,2,25.0,1,0,1,0,0,0,1,0,0,1,0
1,72,105,7560,2,35.0,0,0,1,0,1,0,0,0,0,1,0
0,26,84,2184,3,21.0,1,0,1,1,0,0,0,0,1,0,0
0,18,20,360,2,6.666666666666667,0,0,1,0,1,0,0,1,0,0,0
0,1,93,93,2,31.0,1,1,1,0,1,0,0,0,0,0,1
0,9,24,216,2,8.0,1,0,0,1,1,0,1,0,0,0,1
0,28,77,2156,3,19.25,1,0,1,1,1,0,0,0,1,0,0
0,60,19,1140,2,6.333333333333333,0,1,1,0,1,1,0,0,0,1,0
0,23,21,483,3,5.25,1,0,1,1,1,0,1,1,0,0,0
0,15,80,1200,2,26.666666666666668,0,0,1,0,0,0,1,1,0,0,1
0,29,67,1943,2,22.333333333333332,0,0,1,0,1,0,0,0,1,0,0
0,11,55,605,2,18.333333333333332,0,0,1,0,1,0,0,0,0,0,0
0,27,69,1863,2,23.0,1,0,1,0,0,0,0,0,1,0,0
0,1,70,70,2,23.333333333333332,1,0,1,0,0,1,0,0,0,0,1
0,66,91,6006,2,30.333333333333332,0,0,1,0,1,0,0,0,0,1,0
1,2,57,114,3,14.25,0,0,1,1,1,0,0,0,0,0,0
0,19,20,380,3,5.0,0,1,1,1,1,0,0,1,0,0,0
0,62,95,5890,3,23.75,1,1,1,1,1,0,0,0,0,1,0
0,51,79,4029,2,26.333333333333332,0,0,1,0,0,0,0,0,0,1,0
0,72,94,6768,3,23.5,0,0,1,1,0,0,1,0,0,1,0
0,10,90,900,3,22.5,1,0,1,1,1,0,0,0,0,0,1
0,37,68,2516,3,17.0,0,0,1,1,0,0,0,0,1,0,0
0,35,50,1750,3,12.5,0,1,1,1,1,0,0,0,1,0,0
0,10,61,610,2,20.333333333333332,0,0,1,0,1,0,0,0,0,0,0
0,26,20,520,3,5.0,0,1,1,1,1,0,0,0,1,0,0
0,72,82,5904,2,27.333333333333332,1,0,1,0,0,0,0,0,0,1,0
1,38,100,3800,3,25.0,0,0,1,1,1,0,1,0,1,0,1
0,18,100,1800,2,33.333333333333336,0,0,1,0,1,0,0,1,0,0,1
0,56,53,2968,3,13.25,1,0,1,1,1,0,1,0,0,1,0
0,36,54,1944,2,18.0,0,0,1,0,0,0,0,0,1,0,0
0,22,89,1958,3,22.25,1,1,1,1,1,0,0,1,0,0,0
0,65,104,6760,3,26.0,1,1,1,1,0,0,1,0,0,1,0
0,27,54,1458,3,13.5,1,0,1,1,0,0,1,0,1,0,0
0,29,74,2146,3,18.5,0,0,1,1,1,0,0,0,1,0,0
1,10,95,950,2,31.666666666666668,1,0,1,0,0,0,0,0,0,0,1
1,50,105,5250,2,35.0,0,0,1,0,0,0,0,0,0,1,0
0,9,86,774,3,21.5,1,0,1,1,1,1,0,0,0,0,0
0,23,24,552,3,6.0,1,1,1,1,1,0,1,1,0,0,0
0,24,55,1320,2,18.333333333333332,1,1,1,0,0,0,1,1,0,0,1
0,1,56,56,3,14.0,1,0,1,1,1,1,0,0,0,0,0
0,20,64,1280,3,16.0,1,0,1,1,1,0,0,1,0,0,0
0,58,60,3480,3,15.0,1,0,1,1,0,0,1,0,0,1,1
1,72,93,6696,2,31.0,1,0,1,0,1,1,0,0,0,1,0
0,14,50,700,3,12.5,1,0,1,1,1,0,0,1,0,0,0
0,62,55,3410,2,18.333333333333332,0,1,1,0,1,0,0,0,0,1,0
1,37,76,2812,2,25.333333333333332,0,0,1,0,0,1,0,0,1,0,1
0,29,34,986,1,17.0,1,0,0,0,1,1,0,0,1,0,0
0,62,19,1178,3,4.75,0,0,1,1,1,0,1,0,0,1,0
0,46,100,4600,2,33.333333333333336,0,1,1,0,0,0,1,0,1,0,0
0,2,94,188,2,31.333333333333332,1,0,1,0,1,0,0,0,0,0,1
0,50,96,4800,2,32.0,0,0,1,0,0,1,0,0,0,1,0
0,24,105,2520,3,26.25,1,0,1,1,1,1,0,1,0,0,1
1,55,114,6270,3,28.5,1,0,1,1,0,0,1,0,0,1,0
0,64,115,7360,3,28.75,0,0,1,1,0,1,0,0,0,1,0
0,4,89,356,2,29.666666666666668,0,0,1,0,0,0,0,0,0,0,1
0,6,29,174,2,9.666666666666666,0,0,0,1,0,0,1,0,0,0,0
1,1,76,76,3,19.0,1,0,1,1,1,0,1,0,0,0,1
0,37,63,2331,2,21.0,1,1,1,0,1,0,0,0,1,0,0
1,71,25,1775,3,6.25,1,0,1,1,0,0,1,0,0,1,0
0,29,55,1595,2,18.333333333333332,1,1,0,1,1,0,0,0,1,0,0
0,7,89,623,2,29.666666666666668,1,0,1,0,0,0,1,0,0,0,1
0,32,99,3168,3,24.75,1,0,1,1,1,0,0,0,1,0,0
0,59,95,5605,3,23.75,0,0,1,1,1,0,0,0,0,1,0
0,40,75,3000,2,25.0,1,1,1,0,0,0,0,0,1,0,0
0,10,30,300,2,10.0,1,0,0,1,1,1,0,0,0,0,1
0,27,19,513,2,6.333333333333333,0,0,1,0,1,0,0,0,1,0,0
0,7,86,602,3,21.5,0,0,1,1,1,0,0,0,0,0,1
0,65,25,1625,3,6.25,1,1,1,1,1,1,0,0,0,1,0
0,10,81,810,3,20.25,0,0,1,1,0,0,0,0,0,0,1
0,23,84,1932,3,21.0,0,1,1,1,0,1,0,1,0,0,0
0,47,85,3995,2,28.333333333333332,0,1,1,0,0,1,0,0,1,0,0
0,11,55,605,3,13.75,1,0,1,1,0,0,0,0,0,0,0
0,12,34,408,2,11.333333333333334,1,0,0,1,1,0,0,0,0,0,0
0,30,44,1320,1,22.0,1,1,0,0,0,0,0,0,1,0,0
0,1,76,76,2,25.333333333333332,0,0,1,0,1,0,0,0,0,0,1
0,57,109,6213,3,27.25,0,0,1,1,1,1,0,0,0,1,0
1,11,70,770,2,23.333333333333332,1,0,1,0,0,0,1,0,0,0,0
0,9,20,180,3,5.0,0,0,1,1,1,0,0,0,0,0,0
0,4,70,280,2,23.333333333333332,0,0,1,0,0,1,0,0,0,0,1
0,13,74,962,3,18.5,1,0,1,1,1,0,1,1,0,0,0
0,35,21,735,3,5.25,0,0,1,1,1,0,0,0,1,0,0
0,67,51,3417,1,25.5,1,0,0,0,0,0,0,0,0,1,0
0,51,48,2448,2,16.0,1,1,1,0,0,0,1,0,0,1,0
0,1,51,51,2,17.0,1,0,1,0,0,0,0,0,0,0,1
0,71,100,7100,3,25.0,0,1,1,1,1,0,1,0,0,1,0
1,29,79,2291,3,19.75,1,0,1,1,0,1,0,0,1,0,0
0,33,104,3432,2,34.666666666666664,0,0,1,0,0,0,0,0,1,0,1
0,11,36,396,2,12.0,0,1,0,1,1,0,1,0,0,0,0
0,13,78,1014,3,19.5,1,1,1,1,1,0,0,1,0,0,0
0,42,19,798,2,6.333333333333333,1,1,1,0,0,0,1,0,1,0,0
0,8,29,232,1,14.5,0,0,0,0,0,0,0,0,0,0,0
0,1,44,44,2,14.666666666666666,1,0,1,0,1,0,0,0,0,0,1
0,72,108,7776,2,36.0,1,0,1,0,0,0,1,0,0,1,0
0,47,87,4089,2,29.0,1,1,1,0,0,0,1,0,1,0,0
0,30,85,2550,2,28.333333333333332,1,1,1,0,0,0,0,0,1,0,0
0,51,112,5712,3,28.0,1,0,1,1,0,1,0,0,0,1,0
0,16,95,1520,2,31.666666666666668,0,0,1,0,0,1,0,1,0,0,0
0,34,100,3400,3,25.0,0,0,1,1,0,0,0,0,1,0,0
0,8,87,696,2,29.0,1,0,1,0,0,0,1,0,0,0,1
1,60,72,4320,2,24.0,1,0,1,0,0,0,0,0,0,1,0
0,72,116,8352,2,38.666666666666664,1,0,1,0,0,0,0,0,0,1,0
0,12,20,240,3,5.0,1,1,1,1,1,0,0,0,0,0,0
0,65,82,5330,3,20.5,0,1,1,1,1,0,0,0,0,1,0
0,32,19,608,2,6.333333333333333,1,1,1,0,1,0,0,0,1,0,0
0,67,94,6298,2,31.333333333333332,0,1,1,0,1,0,0,0,0,1,1
0,45,79,3555,3,19.75,1,0,1,1,1,0,1,0,1,0,0
0,60,60,3600,2,20.0,0,1,0,1,1,0,1,0,0,1,0
0,1,55,55,3,13.75,0,0,1,1,1,0,1,0,0,0,0
0,58,65,3770,3,16.25,0,0,1,1,0,0,0,0,0,1,0
0,9,95,855,3,23.75,0,0,1,1,0,0,1,0,0,0,1
0,1,74,74,2,24.666666666666668,0,0,1,0,0,1,0,0,0,0,0
0,8,24,192,2,8.0,1,1,1,0,0,0,0,0,0,0,0
0,2,45,90,2,15.0,1,0,1,0,1,0,1,0,0,0,1
0,47,20,940,2,6.666666666666667,0,1,1,0,0,1,0,0,1,0,0
1,1,74,74,2,24.666666666666668,0,0,1,0,0,0,0,0,0,0,1
0,1,26,26,1,13.0,0,0,0,0,1,0,0,0,0,0,0
0,10,101,1010,3,25.25,0,0,1,1,1,0,0,0,0,0,1
0,29,25,725,2,8.333333333333334,1,0,0,1,1,0,0,0,1,0,0
0,58,76,4408,2,25.333333333333332,0,1,1,0,0,1,0,0,0,1,0
0,14,19,266,2,6.333333333333333,1,0,1,0,0,1,0,1,0,0,0
0,7,21,147,2,7.0,1,0,1,0,0,0,0,0,0,0,0
0,5,84,420,3,21.0,0,1,1,1,1,0,0,0,0,0,1
0,18,20,360,2,6.666666666666667,0,1,1,0,0,0,0,1,0,0,1
0,25,20,500,2,6.666666666666667,1,1,1,0,0,0,0,0,1,0,0
0,46,64,2944,3,16.0,0,0,1,1,1,0,0,0,1,0,0
0,1,48,48,3,12.0,0,0,1,1,0,1,0,0,0,0,0
0,68,85,5780,2,28.333333333333332,0,0,1,0,0,1,0,0,0,1,0
0,18,44,792,3,11.0,1,0,1,1,0,0,0,1,0,0,0
0,8,80,640,3,20.0,0,0,1,1,1,0,0,0,0,0,0
0,64,20,1280,3,5.0,1,0,1,1,1,1,0,0,0,1,0
1,4,89,356,3,22.25,0,0,1,1,1,1,0,0,0,0,1
0,63,80,5040,3,20.0,0,0,1,1,1,1,0,0,0,1,0
0,54,106,5724,3,26.5,1,1,1,1,1,1,0,0,0,1,0
0,54,75,4050,2,25.0,1,0,1,0,1,0,0,0,0,1,0
0,72,70,5040,2,23.333333333333332,1,1,1,0,0,0,0,0,0,1,0
1,4,51,204,1,25.5,1,0,0,0,0,0,0,0,0,0,0
0,72,91,6552,2,30.333333333333332,0,0,1,0,1,0,0,0,0,1,0
1,60,49,2940,1,24.5,0,0,0,0,0,0,0,0,0,1,0
0,20,90,1800,2,30.0,1,1,1,0,0,0,0,1,0,0,1
1,35,71,2485,2,23.666666666666668,0,0,1,0,0,1,0,0,1,0,0
0,2,49,98,3,12.25,0,0,1,1,1,1,0,0,0,0,1
0,26,50,1300,1,25.0,0,0,0,0,1,0,0,0,1,0,0
0,14,83,1162,2,27.666666666666668,1,0,1,0,1,0,0,1,0,0,0
1,1,75,75,2,25.0,1,0,1,0,1,0,0,0,0,0,1
0,53,20,1060,2,6.666666666666667,0,1,1,0,0,0,1,0,0,1,0
0,1,19,19,2,6.333333333333333,1,0,1,0,0,1,0,0,0,0,0
0,58,20,1160,3,5.0,1,0,1,1,1,0,0,0,0,1,0
0,5,51,255,3,12.75,0,1,1,1,0,0,1,0,0,0,0
0,53,106,5618,2,35.333333333333336,0,0,1,0,0,1,0,0,0,1,0
0,4,20,80,2,6.666666666666667,0,0,1,0,0,0,1,0,0,0,0
0,49,99,4851,2,33.0,1,0,1,0,0,1,0,0,0,1,0
0,2,90,180,3,22.5,1,1,1,1,1,0,0,0,0,0,1
0,2,68,136,3,17.0,1,0,1,1,1,1,0,0,0,0,1
0,3,75,225,2,25.0,0,0,1,0,0,0,0,0,0,0,1
0,7,94,658,3,23.5,1,0,1,1,1,0,0,0,0,0,1
0,14,45,630,2,15.0,1,0,1,0,0,1,0,1,0,0,0
0,18,99,1782,2,33.0,1,0,1,0,0,0,0,1,0,0,1
0,27,81,2187,2,27.0,1,0,1,0,0,0,0,0,1,0,0
0,66,60,3960,2,20.0,0,1,1,0,1,0,0,0,0,1,0
0,43,86,3698,2,28.666666666666668,0,0,1,0,0,1,0,0,1,0,0
0,69,113,7797,3,28.25,1,0,1,1,1,0,1,0,0,1,0
0,71,93,6603,2,31.0,1,0,1,0,0,0,0,0,0,1,0
1,50,83,4150,2,27.666666666666668,0,0,1,0,0,0,0,0,0,1,0
0,51,19,969,2,6.333333333333333,1,0,1,0,0,0,0,0,0,1,0
0,27,81,2187,3,20.25,1,0,1,1,1,0,0,0,1,0,0
0,70,20,1400,2,6.666666666666667,1,1,1,0,1,1,0,0,0,1,0
1,2,80,160,2,26.666666666666668,0,0,1,0,0,0,1,0,0,0,1
0,6,50,300,2,16.666666666666668,0,0,1,0,0,0,0,0,0,0,1
0,59,101,5959,3,25.25,0,0,1,1,0,1,0,0,0,1,1
1,10,92,920,2,30.666666666666668,1,0,1,0,0,1,0,0,0,0,1
1,29,98,2842,2,32.666666666666664,1,0,1,0,0,0,0,0,1,0,1
1,21,94,1974,2,31.333333333333332,0,0,1,0,1,0,0,1,0,0,1
0,62,104,6448,2,34.666666666666664,0,0,1,0,0,0,0,0,0,1,0
0,36,19,684,3,4.75,1,1,1,1,1,0,0,0,1,0,0
0,3,20,60,2,6.666666666666667,1,0,1,0,0,1,0,0,0,0,1
0,69,116,8004,2,38.666666666666664,0,0,1,0,0,0,0,0,0,1,0
0,2,31,62,1,15.5,0,0,0,0,1,0,0,0,0,0,1
0,8,85,680,3,21.25,0,0,1,1,1,0,0,0,0,0,1
1,3,31,93,2,10.333333333333334,0,0,0,1,1,0,1,0,0,0,0
0,12,99,1188,2,33.0,0,0,1,0,1,0,0,0,0,0,1
0,18,76,1368,3,19.0,1,0,1,1,1,0,0,1,0,0,0
0,20,25,500,1,12.5,0,0,0,0,1,0,0,1,0,0,0
0,22,59,1298,3,14.75,1,0,1,1,1,0,0,1,0,0,1
0,5,46,230,2,15.333333333333334,0,1,1,0,0,0,0,0,0,0,1
0,24,25,600,3,6.25,0,0,1,1,1,0,1,1,0,0,0
0,64,69,4416,3,17.25,1,1,1,1,1,1,0,0,0,1,0
0,26,99,2574,3,24.75,1,0,1,1,1,0,0,0,1,0,0
1,68,105,7140,3,26.25,1,0,1,1,1,0,0,0,0,1,1
0,60,21,1260,3,5.25,0,0,1,1,0,0,1,0,0,1,0
0,25,55,1375,2,18.333333333333332,1,1,1,0,1,0,0,0,1,0,0
0,51,26,1326,3,6.5,0,0,1,1,0,0,1,0,0,1,0
0,7,81,567,2,27.0,0,0,1,0,1,1,0,0,0,0,0
0,39,19,741,3,4.75,1,1,1,1,1,0,1,0,1,0,0
0,27,95,2565,2,31.666666666666668,0,0,1,0,0,0,1,0,1,0,0
0,56,86,4816,2,28.666666666666668,1,1,1,0,0,1,0,0,0,1,0
0,57,20,1140,2,6.666666666666667,0,0,1,0,0,0,0,0,0,1,0
0,17,107,1819,3,26.75,1,0,1,1,1,0,0,1,0,0,0
0,1,56,56,3,14.0,0,0,1,1,1,0,0,0,0,0,1
0,13,73,949,2,24.333333333333332,1,1,1,0,0,0,1,1,0,0,0
0,69,20,1380,3,5.0,0,1,1,1,1,1,0,0,0,1,0
0,1,19,19,2,6.333333333333333,0,1,1,0,0,0,0,0,0,0,0
0,7,75,525,2,25.0,1,0,1,0,0,1,0,0,0,0,1
1,72,117,8424,3,29.25,0,0,1,1,0,0,1,0,0,1,0
0,3,99,297,3,24.75,1,0,1,1,1,0,0,0,0,0,1
0,53,61,3233,3,15.25,1,0,1,1,0,0,1,0,0,1,0
0,38,82,3116,2,27.333333333333332,1,1,1,0,0,0,0,0,1,0,0
0,4,80,320,3,20.0,0,0,1,1,1,0,0,0,0,0,0
0,62,84,5208,2,28.0,0,0,1,0,1,0,1,0,0,1,0
0,1,49,49,2,16.333333333333332,1,0,1,0,0,0,1,0,0,0,0
0,46,84,3864,2,28.0,0,0,1,0,1,0,0,0,1,0,0
0,19,60,1140,2,20.0,1,0,1,0,0,0,0,1,0,0,0
0,72,91,6552,3,22.75,0,0,1,1,0,0,1,0,0,1,0
0,38,25,950,3,6.25,1,1,1,1,1,0,0,0,1,0,0
0,71,106,7526,3,26.5,1,0,1,1,0,0,1,0,0,1,0
0,16,100,1600,2,33.333333333333336,0,0,1,0,0,0,0,1,0,0,1
1,66,106,6996,3,26.5,0,0,1,1,1,0,0,0,0,1,1
1,11,95,1045,2,31.666666666666668,0,0,1,0,0,0,0,0,0,0,1
0,66,84,5544,3,21.0,1,1,1,1,1,0,0,0,0,1,0
0,28,91,2548,3,22.75,1,0,1,1,1,1,0,0,1,0,0
0,1,35,35,1,17.5,0,0,0,0,0,0,0,0,0,0,1
0,72,110,7920,2,36.666666666666664,0,1,1,0,0,0,0,0,0,1,0
0,18,19,342,3,4.75,0,1,1,1,0,1,0,1,0,0,0
0,49,19,931,3,4.75,0,0,1,1,1,0,1,0,0,1,0
1,41,104,4264,2,34.666666666666664,0,0,1,0,0,0,0,0,1,0,0
0,1,70,70,2,23.333333333333332,1,1,1,0,0,0,0,0,0,0,1
1,27,76,2052,3,19.0,1,0,1,1,1,0,0,0,1,0,1
0,5,21,105,3,5.25,1,0,1,1,1,0,0,0,0,0,0
0,43,35,1505,1,17.5,1,0,0,0,0,1,0,0,1,0,0
0,47,55,2585,2,18.333333333333332,1,1,1,0,0,0,1,0,1,0,0
0,1,50,50,2,16.666666666666668,0,0,1,0,0,0,0,0,0,0,0
0,15,59,885,2,19.666666666666668,0,0,1,0,0,0,0,1,0,0,1
0,7,71,497,2,23.666666666666668,0,1,1,0,0,1,0,0,0,0,0
0,14,20,280,2,6.666666666666667,1,0,1,0,0,1,0,1,0,0,0
0,43,80,3440,2,26.666666666666668,0,0,1,0,0,0,1,0,1,0,0
0,29,84,2436,3,21.0,1,0,1,1,0,1,0,0,1,0,1
0,46,24,1104,2,8.0,0,0,1,0,0,1,0,0,1,0,0
0,24,49,1176,2,16.333333333333332,0,0,1,0,1,0,0,1,0,0,0
0,51,59,3009,1,29.5,1,1,0,0,0,1,0,0,0,1,1
0,70,60,4200,2,20.0,1,1,0,1,0,0,1,0,0,1,0
0,12,46,552,3,11.5,0,0,1,1,0,0,1,0,0,0,0
0,3,20,60,3,5.0,1,0,1,1,1,0,1,0,0,0,0
1,9,84,756,3,21.0,0,0,1,1,0,0,1,0,0,0,1
0,15,84,1260,3,21.0,0,0,1,1,1,0,0,1,0,0,0
0,72,24,1728,2,8.0,0,1,1,0,1,1,0,0,0,1,0
0,4,20,80,2,6.666666666666667,0,1,1,0,0,1,0,0,0,0,0
0,72,104,7488,2,34.666666666666664,0,0,1,0,0,0,1,0,0,1,0
0,10,20,200,3,5.0,1,0,1,1,1,0,0,0,0,0,0
1,5,28,140,2,9.333333333333334,0,0,0,1,1,0,1,0,0,0,1
0,8,86,688,3,21.5,1,0,1,1,1,0,0,0,0,0,0
1,26,91,2366,2,30.333333333333332,0,0,1,0,1,0,0,0,1,0,1
0,68,71,4828,3,17.75,0,0,1,1,1,0,0,0,0,1,0
0,2,20,40,3,5.0,1,1,1,1,1,0,0,0,0,0,0
1,8,74,592,2,24.666666666666668,1,0,1,0,0,0,1,0,0,0,1
0,13,98,1274,3,24.5,1,0,1,1,0,1,0,1,0,0,1
1,34,69,2346,2,23.0,1,0,1,0,0,0,1,0,1,0,0
0,72,66,4752,1,33.0,0,1,0,0,0,0,1,0,0,1,0
0,21,44,924,2,14.666666666666666,1,0,0,1,1,0,1,1,0,0,0
0,40,85,3400,2,28.333333333333332,0,1,1,0,0,0,0,0,1,0,1
0,16,55,880,2,18.333333333333332,1,0,0,1,1,0,0,1,0,0,0
0,26,56,1456,2,18.666666666666668,0,0,1,0,1,0,0,0,1,0,0
0,49,99,4851,2,33.0,1,0,1,0,0,1,0,0,0,1,1
0,46,19,874,2,6.333333333333333,1,0,1,0,1,0,0,0,1,0,0
0,11,80,880,3,20.0,1,1,1,1,0,0,1,0,0,0,1
0,72,84,6048,2,28.0,1,0,1,0,1,1,0,0,0,1,0
0,47,20,940,2,6.666666666666667,1,0,1,0,0,0,1,0,1,0,0
0,1,19,19,3,4.75,1,1,1,1,1,1,0,0,0,0,1
1,59,90,5310,3,22.5,0,0,1,1,0,0,1,0,0,1,0
0,71,88,6248,3,22.0,0,0,1,1,0,1,0,0,0,1,0
0,25,20,500,3,5.0,0,1,1,1,1,0,1,0,1,0,0
0,72,108,7776,2,36.0,1,1,1,0,0,0,1,0,0,1,0
0,2,20,40,3,5.0,1,0,1,1,0,0,1,0,0,0,0
0,35,62,2170,3,15.5,0,0,1,1,1,0,1,0,1,0,0
0,71,105,7455,2,35.0,1,1,1,0,0,0,1,0,0,1,0
1,15,95,1425,2,31.666666666666668,0,0,1,0,0,1,0,1,0,0,0
0,26,79,2054,3,19.75,0,0,1,1,0,1,0,0,1,0,0
1,3,88,264,2,29.333333333333332,0,1,1,0,0,1,0,0,0,0,1
1,49,50,2450,2,16.666666666666668,1,0,1,0,0,0,0,0,0,1,0
0,27,76,2052,2,25.333333333333332,1,1,1,0,0,0,1,0,1,0,0
0,3,50,150,2,16.666666666666668,1,0,1,0,1,0,0,0,0,0,0
0,45,51,2295,1,25.5,0,1,0,0,0,0,0,0,1,0,0
0,37,104,3848,2,34.666666666666664,1,0,1,0,0,0,1,0,1,0,0
0,72,117,8424,2,39.0,0,1,1,0,0,0,0,0,0,1,0
0,62,92,5704,3,23.0,0,0,1,1,0,1,0,0,0,1,0
0,54,60,3240,2,20.0,0,1,1,0,0,0,0,0,0,1,0
0,15,102,1530,2,34.0,1,1,1,0,0,0,0,1,0,0,0
1,1,25,25,2,8.333333333333334,0,0,0,1,1,0,0,0,0,0,1
0,72,61,4392,1,30.5,1,0,0,0,0,0,0,0,0,1,0
0,30,79,2370,2,26.333333333333332,0,0,1,0,0,1,0,0,1,0,0
0,40,79,3160,3,19.75,0,0,1,1,1,0,1,0,1,0,0
0,71,71,5041,3,17.75,0,1,1,1,1,0,0,0,0,1,0
0,18,34,612,2,11.333333333333334,1,0,0,1,1,0,1,1,0,0,1
0,17,25,425,1,12.5,1,0,0,0,0,0,1,1,0,0,0
0,40,20,800,3,5.0,0,0,1,1,1,0,0,0,1,0,0
1,72,111,7992,3,27.75,0,0,1,1,0,1,0,0,0,1,0
0,53,24,1272,3,6.0,1,0,1,1,0,0,1,0,0,1,0
0,71,116,8236,3,29.0,1,0,1,1,1,0,0,0,0,1,0
0,20,97,1940,2,32.333333333333336,0,0,1,0,0,0,1,1,0,0,0
0,7,55,385,3,13.75,1,0,1,1,0,0,1,0,0,0,0
0,72,24,1728,2,8.0,0,1,1,0,1,0,1,0,0,1,0
0,39,24,936,3,6.0,1,1,1,1,0,0,1,0,1,0,0
0,45,26,1170,2,8.666666666666666,0,0,1,0,0,0,0,0,1,0,0
0,5,84,420,3,21.0,0,0,1,1,1,0,0,0,0,0,0
0,47,40,1880,1,20.0,0,0,0,0,0,0,0,0,1,0,0
0,4,20,80,2,6.666666666666667,1,0,1,0,1,0,0,0,0,0,0
0,47,101,4747,3,25.25,1,0,1,1,1,0,0,0,1,0,0
0,33,95,3135,2,31.666666666666668,1,1,1,0,1,0,0,0,1,0,0
0,15,25,375,2,8.333333333333334,0,1,1,0,0,0,1,1,0,0,0
0,66,89,5874,3,22.25,1,0,1,1,1,0,0,0,0,1,0
0,6,90,540,2,30.0,0,0,1,0,0,0,0,0,0,0,1
0,17,20,340,3,5.0,0,0,1,1,1,0,0,1,0,0,0
0,41,95,3895,2,31.666666666666668,0,1,1,0,0,0,1,0,1,0,0
0,56,100,5600,2,33.333333333333336,0,1,1,0,0,0,0,0,0,1,0
0,28,55,1540,2,18.333333333333332,0,0,1,0,0,0,1,0,1,0,0
0,72,54,3888,1,27.0,0,1,0,0,0,0,0,0,0,1,0
0,56,107,5992,2,35.666666666666664,0,0,1,0,0,0,0,0,0,1,0
0,70,79,5530,3,19.75,1,0,1,1,1,0,0,0,0,1,0
0,44,91,4004,2,30.333333333333332,1,0,1,0,1,0,0,0,1,0,0
0,2,44,88,3,11.0,1,0,1,1,1,0,0,0,0,0,1
0,58,72,4176,2,24.0,1,1,1,0,0,0,0,0,0,1,0
0,48,83,3984,2,27.666666666666668,0,0,1,0,0,0,1,0,1,0,0
0,11,85,935,3,21.25,1,0,1,1,1,0,1,0,0,0,0
0,72,116,8352,3,29.0,1,0,1,1,0,0,1,0,0,1,0
0,72,42,3024,1,21.0,1,0,0,0,0,1,0,0,0,1,0
0,26,86,2236,3,21.5,0,0,1,1,1,1,0,0,1,0,0
0,52,40,2080,1,20.0,1,0,0,0,1,0,0,0,0,1,0
0,52,20,1040,2,6.666666666666667,0,1,1,0,0,0,1,0,0,1,0
0,27,53,1431,2,17.666666666666668,1,0,1,0,1,0,0,0,1,0,0
0,1,79,79,3,19.75,1,0,1,1,1,0,1,0,0,0,1
0,45,81,3645,3,20.25,1,0,1,1,1,1,0,0,1,0,0
0,61,89,5429,3,22.25,0,0,1,1,1,0,1,0,0,1,0
0,2,80,160,3,20.0,0,0,1,1,1,0,0,0,0,0,0
0,11,66,726,2,22.0,0,1,1,0,0,0,1,0,0,0,1
0,21,60,1260,3,15.0,0,0,1,1,1,0,0,1,0,0,0
1,1,71,71,2,23.666666666666668,0,0,1,0,1,0,0,0,0,0,1
1,6,98,588,2,32.666666666666664,0,0,1,0,0,0,0,0,0,0,1
0,71,74,5254,3,18.5,1,0,1,1,1,0,0,0,0,1,0
0,72,71,5112,2,23.666666666666668,0,1,1,0,0,0,0,0,0,1,0
1,67,61,4087,2,20.333333333333332,1,0,1,0,1,0,0,0,0,1,0
0,21,59,1239,3,14.75,0,1,1,1,0,0,0,1,0,0,0
0,72,20,1440,3,5.0,1,0,1,1,1,0,0,0,0,1,0
0,33,20,660,3,5.0,1,1,1,1,1,1,0,0,1,0,0
0,3,95,285,3,23.75,0,0,1,1,0,0,1,0,0,0,1
0,31,94,2914,2,31.333333333333332,1,0,1,0,0,0,0,0,1,0,1
1,55,50,2750,1,25.0,1,0,0,0,0,0,0,0,0,1,0
0,1,74,74,2,24.666666666666668,1,1,1,0,0,1,0,0,0,0,1
0,10,19,190,3,4.75,0,0,1,1,1,0,0,0,0,0,0
1,14,96,1344,2,32.0,1,0,1,0,0,0,1,1,0,0,0
0,66,74,4884,3,18.5,0,1,1,1,0,1,0,0,0,1,0
0,72,106,7632,3,26.5,0,1,1,1,1,0,0,0,0,1,0
0,11,30,330,2,10.0,0,1,0,1,0,0,0,0,0,0,0
0,32,93,2976,3,23.25,1,0,1,1,1,0,0,0,1,0,0
1,7,102,714,2,34.0,1,0,1,0,0,1,0,0,0,0,1
0,31,60,1860,2,20.0,1,1,0,1,0,0,1,0,1,0,0
0,61,44,2684,1,22.0,0,0,0,0,1,0,0,0,0,1,0
1,1,70,70,2,23.333333333333332,0,0,1,0,1,0,0,0,0,0,1
1,71,104,7384,3,26.0,0,0,1,1,1,0,1,0,0,1,0
0,1,71,71,3,17.75,1,0,1,1,1,0,0,0,0,0,1
0,3,91,273,2,30.333333333333332,1,0,1,0,0,0,1,0,0,0,0
0,4,78,312,3,19.5,1,0,1,1,1,1,0,0,0,0,1
1,27,86,2322,2,28.666666666666668,1,0,1,0,1,0,0,0,1,0,0
0,3,95,285,3,23.75,0,0,1,1,0,0,1,0,0,0,0
0,1,20,20,3,5.0,1,0,1,1,1,0,1,0,0,0,0
0,72,90,6480,2,30.0,1,1,1,0,0,0,1,0,0,1,0
0,61,51,3111,1,25.5,0,1,0,0,1,1,0,0,0,1,0
0,68,110,7480,3,27.5,1,1,1,1,0,0,0,0,0,1,0
0,2,21,42,2,7.0,0,0,1,0,1,0,0,0,0,0,0
0,9,20,180,2,6.666666666666667,0,0,1,0,0,0,0,0,0,0,0
0,31,20,620,2,6.666666666666667,1,0,1,0,1,0,0,0,1,0,0
0,3,74,222,3,18.5,0,0,1,1,1,0,0,0,0,0,1
0,35,110,3850,2,36.666666666666664,1,1,1,0,0,0,0,0,1,0,0
1,1,89,89,2,29.666666666666668,0,0,1,0,0,0,1,0,0,0,1
0,42,106,4452,2,35.333333333333336,1,0,1,0,0,0,0,0,1,0,1
0,1,45,45,3,11.25,0,0,1,1,0,0,0,0,0,0,1
0,71,96,6816,3,24.0,0,1,1,1,0,0,1,0,0,1,0
0,50,20,1000,3,5.0,0,1,1,1,1,0,0,0,0,1,0
0,55,26,1430,2,8.666666666666666,0,1,1,0,1,0,0,0,0,1,0
0,47,74,3478,2,24.666666666666668,0,0,1,0,0,0,0,0,1,0,0
0,27,20,540,2,6.666666666666667,1,0,1,0,0,0,1,0,1,0,0
0,25,20,500,2,6.666666666666667,0,0,1,0,1,0,0,0,1,0,0
0,36,99,3564,3,24.75,0,0,1,1,1,0,0,0,1,0,1
0,9,90,810,2,30.0,1,1,1,0,0,1,0,0,0,0,0
1,45,102,4590,3,25.5,0,0,1,1,0,0,0,0,1,0,0
0,63,80,5040,2,26.666666666666668,1,0,1,0,0,0,1,0,0,1,0
0,8,69,552,3,17.25,0,1,1,1,0,0,1,0,0,0,0
0,72,66,4752,1,33.0,1,0,0,0,0,0,0,0,0,1,0
0,17,81,1377,2,27.0,1,1,1,0,0,0,1,1,0,0,1
1,51,78,3978,2,26.0,0,0,1,0,0,0,0,0,0,1,1
0,8,21,168,3,5.25,0,0,1,1,1,1,0,0,0,0,0
0,3,20,60,3,5.0,0,0,1,1,1,1,0,0,0,0,1
0,71,24,1704,2,8.0,0,1,1,0,1,1,0,0,0,1,0
1,65,93,6045,2,31.0,1,0,1,0,0,0,1,0,0,1,0
0,72,108,7776,3,27.0,1,1,1,1,1,0,1,0,0,1,0
0,72,65,4680,1,32.5,1,1,0,0,0,0,0,0,0,1,0
0,69,110,7590,3,27.5,1,0,1,1,1,0,0,0,0,1,0
0,62,44,2728,2,14.666666666666666,1,0,0,1,1,1,0,0,0,1,0
1,54,116,6264,3,29.0,0,0,1,1,1,0,0,0,0,1,0
0,3,19,57,2,6.333333333333333,0,1,1,0,0,1,0,0,0,0,0
0,23,60,1380,3,15.0,1,0,1,1,1,0,0,1,0,0,0
0,35,21,735,2,7.0,1,0,1,0,0,0,0,0,1,0,0
0,52,50,2600,2,16.666666666666668,0,0,1,0,0,0,1,0,0,1,0
0,2,91,182,2,30.333333333333332,0,0,1,0,0,1,0,0,0,0,0
0,64,20,1280,2,6.666666666666667,1,1,1,0,1,0,0,0,0,1,0
0,1,24,24,1,12.0,1,0,0,0,0,1,0,0,0,0,0
0,60,74,4440,3,18.5,1,1,1,1,1,0,0,0,0,1,0
0,3,35,105,1,17.5,1,0,0,0,0,0,1,0,0,0,1
0,72,105,7560,2,35.0,0,0,1,0,0,0,1,0,0,1,0
0,3,86,258,3,21.5,1,0,1,1,0,0,0,0,0,0,0
0,34,25,850,3,6.25,0,0,1,1,1,0,0,0,1,0,0
0,43,75,3225,3,18.75,1,0,1,1,1,1,0,0,1,0,0
1,66,103,6798,3,25.75,0,0,1,1,1,0,1,0,0,1,0
0,10,25,250,3,6.25,1,1,1,1,1,0,0,0,0,0,0
0,35,102,3570,2,34.0,1,0,1,0,1,0,0,0,1,0,1
0,29,49,1421,3,12.25,1,0,1,1,1,0,1,0,1,0,0
0,50,70,3500,2,23.333333333333332,0,1,1,0,1,0,0,0,0,1,0
0,1,75,75,2,25.0,0,0,1,0,0,1,0,0,0,0,1
0,23,65,1495,2,21.666666666666668,1,0,1,0,0,0,0,1,0,0,0
0,13,74,962,2,24.666666666666668,1,1,1,0,0,0,1,1,0,0,1
0,68,54,3672,2,18.0,0,0,1,0,0,0,0,0,0,1,0
0,15,20,300,3,5.0,0,0,1,1,0,1,0,1,0,0,0
0,44,71,3124,2,23.666666666666668,1,0,1,0,0,0,1,0,1,0,0
0,40,84,3360,3,21.0,0,0,1,1,0,0,1,0,1,0,0
0,48,24,1152,2,8.0,0,0,1,0,0,0,0,0,1,0,0
0,1,76,76,3,19.0,1,0,1,1,1,0,0,0,0,0,0
0,53,54,2862,1,27.0,0,0,0,0,0,0,0,0,0,1,0
0,19,45,855,2,15.0,0,0,1,0,0,1,0,1,0,0,0
0,1,44,44,2,14.666666666666666,0,0,1,0,0,0,0,0,0,0,0
0,39,82,3198,3,20.5,1,0,1,1,0,0,0,0,1,0,0
0,43,104,4472,2,34.666666666666664,1,1,1,0,0,1,0,0,1,0,0
0,4,87,348,3,21.75,0,1,1,1,0,0,1,0,0,0,1
0,71,81,5751,2,27.0,1,0,1,0,1,0,0,0,0,1,0
0,47,85,3995,2,28.333333333333332,0,0,1,0,1,0,0,0,1,0,1
0,29,71,2059,3,17.75,1,1,1,1,1,0,0,0,1,0,1
0,58,45,2610,1,22.5,0,0,0,0,0,0,0,0,0,1,0
0,15,49,735,2,16.333333333333332,0,0,1,0,0,1,0,1,0,0,1
0,72,84,6048,2,28.0,0,0,1,0,1,1,0,0,0,1,0
1,43,56,2408,1,28.0,0,0,0,0,0,0,0,0,1,0,1
1,25,98,2450,2,32.666666666666664,0,0,1,0,0,0,0,0,1,0,1
0,5,44,220,3,11.0,0,0,1,1,0,0,0,0,0,0,0
0,15,60,900,2,20.0,1,1,1,0,0,0,0,1,0,0,0
0,11,20,220,3,5.0,1,1,1,1,0,0,1,0,0,0,0
0,37,26,962,2,8.666666666666666,0,1,1,0,0,0,1,0,1,0,0
0,11,101,1111,2,33.666666666666664,0,0,1,0,0,0,1,0,0,0,1
0,17,75,1275,3,18.75,0,1,1,1,0,0,0,1,0,0,0
1,62,98,6076,2,32.666666666666664,0,0,1,0,1,0,0,0,0,1,0
0,27,49,1323,2,16.333333333333332,1,0,1,0,0,0,1,0,1,0,0
0,25,20,500,2,6.666666666666667,0,0,1,0,0,0,0,0,1,0,0
0,50,20,1000,2,6.666666666666667,1,0,1,0,0,1,0,0,0,1,0
0,69,99,6831,2,33.0,1,1,1,0,0,0,0,0,0,1,1
0,28,26,728,2,8.666666666666666,0,0,1,0,0,0,1,0,1,0,0
0,35,20,700,3,5.0,1,1,1,1,1,0,0,0,1,0,0
0,29,19,551,2,6.333333333333333,1,0,1,0,0,1,0,0,1,0,0
1,65,103,6695,3,25.75,1,0,1,1,1,0,0,0,0,1,0
0,35,20,700,3,5.0,1,1,1,1,1,1,0,0,1,0,0
0,51,20,1020,3,5.0,1,1,1,1,1,0,0,0,0,1,0
0,4,46,184,2,15.333333333333334,0,0,1,0,0,0,0,0,0,0,1
0,65,84,5460,2,28.0,1,1,1,0,0,0,0,0,0,1,0
0,23,100,2300,2,33.333333333333336,1,0,1,0,0,0,0,1,0,0,0
1,38,80,3040,3,20.0,1,1,1,1,1,0,0,0,1,0,0
1,43,85,3655,3,21.25,1,0,1,1,1,0,0,0,1,0,0
0,12,25,300,3,6.25,0,1,1,1,1,1,0,0,0,0,0
0,65,100,6500,2,33.333333333333336,0,0,1,0,0,0,1,0,0,1,0
1,14,96,1344,3,24.0,0,1,1,1,1,1,0,1,0,0,0
0,20,85,1700,2,28.333333333333332,1,0,1,0,0,0,0,1,0,0,1
0,56,61,3416,2,20.333333333333332,0,1,1,0,1,0,0,0,0,1,0
0,42,25,1050,2,8.333333333333334,1,0,0,1,0,0,1,0,1,0,0
0,11,73,803,2,24.333333333333332,1,0,1,0,1,0,1,0,0,0,0
0,2,82,164,2,27.333333333333332,1,0,1,0,1,0,1,0,0,0,1
0,3,20,60,3,5.0,0,1,1,1,1,0,0,0,0,0,0
0,1,69,69,2,23.0,1,0,1,0,0,0,1,0,0,0,1
0,11,20,220,2,6.666666666666667,1,0,1,0,0,0,0,0,0,0,0
0,3,65,195,2,21.666666666666668,1,0,1,0,0,0,0,0,0,0,0
0,68,20,1360,2,6.666666666666667,1,1,1,0,0,1,0,0,0,1,0
0,53,20,1060,2,6.666666666666667,1,1,1,0,0,0,0,0,0,1,0
1,60,101,6060,2,33.666666666666664,0,0,1,0,0,0,0,0,0,1,0
0,66,89,5874,3,22.25,0,0,1,1,1,0,0,0,0,1,0
0,28,59,1652,2,19.666666666666668,0,0,1,0,0,0,0,0,1,0,0
1,5,70,350,2,23.333333333333332,0,0,1,0,0,0,0,0,0,0,0
1,24,39,936,1,19.5,1,0,0,0,0,0,0,1,0,0,1
0,45,54,2430,3,13.5,0,1,1,1,1,1,0,0,1,0,1
0,6,94,564,2,31.333333333333332,0,1,1,0,0,0,0,0,0,0,0
1,64,80,5120,2,26.666666666666668,1,0,1,0,0,0,0,0,0,1,0
0,58,93,5394,2,31.0,1,1,1,0,0,1,0,0,0,1,0
1,5,83,415,2,27.666666666666668,0,0,1,0,0,0,0,0,0,0,1
0,31,59,1829,2,19.666666666666668,1,0,1,0,1,0,1,0,1,0,0
0,35,100,3500,2,33.333333333333336,0,0,1,0,1,0,0,0,1,0,1
0,5,20,100,3,5.0,1,1,1,1,0,0,0,0,0,0,0
0,16,70,1120,2,23.333333333333332,1,0,1,0,1,0,0,1,0,0,0
1,72,106,7632,3,26.5,0,0,1,1,1,1,0,0,0,1,0
0,60,94,5640,3,23.5,0,1,1,1,1,0,0,0,0,1,0
0,67,26,1742,2,8.666666666666666,1,1,1,0,0,1,0,0,0,1,0
0,72,90,6480,2,30.0,0,1,1,0,0,0,0,0,0,1,0
0,50,20,1000,3,5.0,0,0,1,1,1,0,0,0,0,1,0
0,10,24,240,2,8.0,1,0,1,0,0,0,0,0,0,0,0
0,4,98,392,3,24.5,0,1,1,1,0,0,1,0,0,0,1
1,4,75,300,2,25.0,0,0,1,0,0,0,0,0,0,0,1
1,23,87,2001,2,29.0,1,0,1,0,0,0,0,1,0,0,0
1,6,80,480,3,20.0,1,0,1,1,0,1,0,0,0,0,0
0,12,75,900,2,25.0,1,0,1,0,1,0,0,0,0,0,0
0,12,85,1020,2,28.333333333333332,1,0,1,0,1,1,0,0,0,0,0
0,22,68,1496,3,17.0,1,1,1,1,1,0,0,1,0,0,1
0,47,75,3525,2,25.0,0,0,1,0,0,1,0,0,1,0,0
0,34,64,2176,3,16.0,0,0,1,1,0,0,1,0,1,0,1
1,9,21,189,3,5.25,1,0,1,1,1,0,0,0,0,0,0
0,28,75,2100,2,25.0,1,1,1,0,1,0,0,0,1,0,1
0,69,64,4416,3,16.0,0,1,1,1,1,0,1,0,0,1,0
0,39,51,1989,1,25.5,0,0,0,0,0,1,0,0,1,0,0
1,27,110,2970,3,27.5,0,0,1,1,0,0,1,0,1,0,0
0,2,20,40,3,5.0,0,1,1,1,1,1,0,0,0,0,0
0,1,19,19,3,4.75,0,0,1,1,1,0,0,0,0,0,0
0,65,90,5850,3,22.5,1,0,1,1,1,0,1,0,0,1,1
0,28,54,1512,2,18.0,0,0,1,0,0,0,1,0,1,0,0
0,12,84,1008,2,28.0,1,0,1,0,0,0,0,0,0,0,1
0,27,80,2160,2,26.666666666666668,1,1,1,0,0,0,0,0,1,0,1
0,66,25,1650,3,6.25,1,1,1,1,1,0,0,0,0,1,0
0,72,60,4320,3,15.0,0,0,1,1,1,0,0,0,0,1,0
1,58,90,5220,3,22.5,1,1,1,1,1,0,0,0,0,1,0
0,7,100,700,2,33.333333333333336,1,0,1,0,1,0,0,0,0,0,1
0,17,94,1598,2,31.333333333333332,0,1,1,0,0,1,0,1,0,0,1
0,70,25,1750,2,8.333333333333334,0,1,1,0,0,0,0,0,0,1,0
0,1,46,46,3,11.5,1,0,1,1,1,1,0,0,0,0,0
0,64,25,1600,3,6.25,0,0,1,1,1,0,0,0,0,1,0
0,55,78,4290,2,26.0,0,0,1,0,0,0,1,0,0,1,0
1,51,80,4080,2,26.666666666666668,1,0,1,0,0,1,0,0,0,1,0
0,5,85,425,2,28.333333333333332,0,0,1,0,0,0,1,0,0,0,1
0,43,115,4945,3,28.75,0,0,1,1,0,0,1,0,1,0,0
1,53,102,5406,2,34.0,1,0,1,0,0,1,0,0,0,1,1
0,63,20,1260,2,6.666666666666667,1,1,1,0,1,0,0,0,0,1,0
0,27,20,540,2,6.666666666666667,1,0,1,0,0,0,0,0,1,0,0
1,22,70,1540,3,17.5,0,0,1,1,1,1,0,1,0,0,0
1,6,85,510,2,28.333333333333332,1,0,1,0,0,0,1,0,0,0,1
0,31,89,2759,3,22.25,1,1,1,1,1,1,0,0,1,0,0
0,64,81,5184,3,20.25,1,1,1,1,0,0,1,0,0,1,0
0,71,21,1491,2,7.0,1,0,1,0,0,0,1,0,0,1,0
0,68,54,3672,1,27.0,1,0,0,0,1,0,0,0,0,1,0
0,1,54,54,3,13.5,0,0,1,1,1,0,1,0,0,0,0
1,64,104,6656,2,34.666666666666664,1,0,1,0,0,0,1,0,0,1,0
0,2,70,140,2,23.333333333333332,1,0,1,0,1,0,0,0,0,0,0
0,1,44,44,2,14.666666666666666,1,1,1,0,0,0,0,0,0,0,0
0,28,64,1792,3,16.0,1,1,1,1,0,1,0,0,1,0,0
0,2,20,40,3,5.0,1,0,1,1,1,0,0,0,0,0,0
1,72,90,6480,3,22.5,0,1,1,1,0,0,0,0,0,1,0
0,28,91,2548,2,30.333333333333332,1,0,1,0,0,0,1,0,1,0,0
0,55,101,5555,2,33.666666666666664,0,1,1,0,0,0,1,0,0,1,0
0,65,71,4615,3,17.75,0,0,1,1,0,0,0,0,0,1,0
1,34,109,3706,2,36.333333333333336,1,1,1,0,0,1,0,0,1,0,0
1,53,60,3180,2,20.0,1,0,1,0,0,0,0,0,0,1,1
0,37,20,740,2,6.666666666666667,1,1,1,0,0,0,1,0,1,0,0
0,15,86,1290,2,28.666666666666668,0,1,1,0,1,0,0,1,0,0,1
0,71,83,5893,2,27.666666666666668,1,0,1,0,0,0,1,0,0,1,0
0,7,74,518,3,18.5,1,0,1,1,1,0,0,0,0,0,0
0,67,111,7437,3,27.75,1,1,1,1,0,1,0,0,0,1,0
0,52,96,4992,2,32.0,1,0,1,0,0,0,1,0,0,1,0
0,69,109,7521,2,36.333333333333336,0,1,1,0,0,1,0,0,0,1,0
0,24,75,1800,3,18.75,1,1,1,1,0,1,0,1,0,0,0
0,7,78,546,3,19.5,0,0,1,1,1,0,0,0,0,0,0
0,39,25,975,2,8.333333333333334,1,1,1,0,0,0,0,0,1,0,0
0,50,21,1050,2,7.0,1,0,1,0,0,0,1,0,0,1,0
0,71,99,7029,2,33.0,1,0,1,0,0,0,1,0,0,1,0
0,13,20,260,2,6.666666666666667,0,1,1,0,1,0,0,1,0,0,0
0,1,19,19,2,6.333333333333333,0,0,1,0,0,0,0,0,0,0,0
0,29,94,2726,2,31.333333333333332,1,0,1,0,0,0,0,0,1,0,0
1,27,84,2268,2,28.0,0,0,1,0,0,0,1,0,1,0,0
0,48,56,2688,3,14.0,1,1,1,1,1,0,0,0,1,0,0
0,6,91,546,2,30.333333333333332,1,0,1,0,1,0,0,0,0,0,1
0,59,77,4543,2,25.666666666666668,1,1,1,0,0,0,0,0,0,1,0
1,30,106,3180,3,26.5,1,0,1,1,1,0,0,0,1,0,0
0,32,21,672,2,7.0,0,0,1,0,0,1,0,0,1,0,0
0,3,92,276,2,30.666666666666668,1,0,1,0,0,0,0,0,0,0,0
0,5,56,280,3,14.0,1,1,1,1,1,0,0,0,0,0,0
0,70,89,6230,3,22.25,0,1,1,1,0,0,1,0,0,1,0
0,1,70,70,2,23.333333333333332,1,0,1,0,0,0,1,0,0,0,0
0,54,91,4914,3,22.75,0,1,1,1,1,1,0,0,0,1,0
0,72,106,7632,3,26.5,1,1,1,1,0,1,0,0,0,1,0
0,66,66,4356,2,22.0,1,1,1,0,0,0,1,0,0,1,0
0,9,58,522,2,19.333333333333332,0,0,0,1,0,0,0,0,0,0,1
0,41,78,3198,2,26.0,0,1,1,0,0,0,1,0,1,0,0
1,71,83,5893,2,27.666666666666668,0,0,1,0,0,0,0,0,0,1,0
0,72,111,7992,3,27.75,1,0,1,1,0,0,1,0,0,1,0
1,12,84,1008,2,28.0,1,0,1,0,1,0,0,0,0,0,1
0,55,64,3520,2,21.333333333333332,1,0,1,0,1,0,0,0,0,1,0
0,72,104,7488,2,34.666666666666664,1,0,1,0,0,0,0,0,0,1,0
1,65,109,7085,2,36.333333333333336,0,0,1,0,0,0,0,0,0,1,0
0,6,80,480,3,20.0,0,1,1,1,1,0,1,0,0,0,1
0,4,71,284,2,23.666666666666668,0,0,1,0,1,0,0,0,0,0,1
0,62,102,6324,2,34.0,1,0,1,0,0,1,0,0,0,1,1
0,67,25,1675,2,8.333333333333334,1,1,1,0,1,0,0,0,0,1,0
0,8,94,752,2,31.333333333333332,1,0,1,0,1,0,0,0,0,0,1
0,72,21,1512,3,5.25,1,0,1,1,1,0,1,0,0,1,0
1,66,46,3036,2,15.333333333333334,0,0,0,1,1,0,0,0,0,1,0
0,10,72,720,3,18.0,1,0,1,1,0,0,1,0,0,0,1
1,43,110,4730,3,27.5,0,0,1,1,1,0,0,0,1,0,1
0,22,61,1342,2,20.333333333333332,0,1,1,0,0,0,1,1,0,0,1
0,12,81,972,3,20.25,1,0,1,1,1,0,0,0,0,0,0
0,10,46,460,2,15.333333333333334,1,0,1,0,0,1,0,0,0,0,0
0,27,49,1323,3,12.25,1,0,1,1,1,0,0,0,1,0,0
0,8,20,160,2,6.666666666666667,0,1,1,0,1,0,0,0,0,0,0
0,12,20,240,3,5.0,0,1,1,1,1,0,0,0,0,0,0
0,71,54,3834,1,27.0,1,0,0,0,1,0,0,0,0,1,0
0,50,106,5300,2,35.333333333333336,1,1,1,0,0,1,0,0,0,1,1
0,70,108,7560,2,36.0,0,1,1,0,0,0,0,0,0,1,0
0,7,45,315,3,11.25,1,1,1,1,0,0,1,0,0,0,0
1,46,101,4646,3,25.25,1,1,1,1,0,0,1,0,1,0,1
0,6,49,294,3,12.25,0,1,1,1,1,0,1,0,0,0,0
0,6,89,534,2,29.666666666666668,0,0,1,0,1,0,0,0,0,0,0
0,47,27,1269,2,9.0,0,0,1,0,0,0,0,0,1,0,0
0,36,94,3384,2,31.333333333333332,1,0,1,0,1,0,0,0,1,0,0
0,8,95,760,2,31.666666666666668,1,0,1,0,0,1,0,0,0,0,1
0,40,60,2400,1,30.0,1,1,0,0,1,0,0,0,1,0,0
0,61,104,6344,2,34.666666666666664,1,0,1,0,1,0,0,0,0,1,0
0,72,98,7056,2,32.666666666666664,1,0,1,0,0,0,0,0,0,1,0
1,39,99,3861,3,24.75,0,0,1,1,0,0,0,0,1,0,0
0,8,20,160,2,6.666666666666667,1,0,1,0,0,1,0,0,0,0,0
0,1,89,89,2,29.666666666666668,1,0,1,0,0,1,0,0,0,0,1
0,33,60,1980,1,30.0,0,0,0,0,0,1,0,0,1,0,0
0,31,87,2697,3,21.75,0,1,1,1,0,0,1,0,1,0,1
0,9,89,801,2,29.666666666666668,0,0,1,0,0,0,1,0,0,0,1
0,70,20,1400,2,6.666666666666667,0,0,1,0,0,0,1,0,0,1,0
0,55,20,1100,2,6.666666666666667,1,1,1,0,1,0,0,0,0,1,0
0,4,19,76,3,4.75,1,0,1,1,1,0,1,0,0,0,0
0,48,79,3792,2,26.333333333333332,1,1,1,0,1,0,0,0,1,0,0
0,61,20,1220,2,6.666666666666667,1,1,1,0,0,0,0,0,0,1,0
1,2,69,138,2,23.0,0,0,1,0,1,0,0,0,0,0,0
0,6,51,306,2,17.0,0,0,1,0,1,1,0,0,0,0,1
0,3,30,90,1,15.0,1,0,0,0,0,0,0,0,0,0,1
0,22,44,968,1,22.0,1,0,0,0,1,0,0,1,0,0,1
0,33,80,2640,3,20.0,0,0,1,1,1,0,0,0,1,0,0
0,12,100,1200,2,33.333333333333336,1,0,1,0,0,1,0,0,0,0,1
1,72,115,8280,3,28.75,0,0,1,1,0,0,1,0,0,1,0
0,58,65,3770,2,21.666666666666668,0,0,1,0,1,0,0,0,0,1,0
0,59,86,5074,3,21.5,1,0,1,1,1,0,0,0,0,1,1
0,34,77,2618,2,25.666666666666668,1,1,1,0,0,0,1,0,1,0,0
0,52,25,1300,2,8.333333333333334,1,1,1,0,0,1,0,0,0,1,0
0,10,46,460,2,15.333333333333334,1,0,1,0,0,0,1,0,0,0,1
1,16,59,944,2,19.666666666666668,0,0,1,0,0,0,0,1,0,0,1
1,58,109,6322,2,36.333333333333336,1,0,1,0,0,0,1,0,0,1,1
0,10,95,950,2,31.666666666666668,1,0,1,0,0,0,0,0,0,0,1
0,3,90,270,2,30.0,1,0,1,0,0,0,1,0,0,0,0
0,69,20,1380,2,6.666666666666667,0,1,1,0,0,0,1,0,0,1,0
0,13,31,403,2,10.333333333333334,0,0,0,1,1,0,0,1,0,0,0
0,25,89,2225,2,29.666666666666668,0,1,1,0,1,0,0,0,1,0,1
1,1,20,20,2,6.666666666666667,1,0,1,0,1,0,0,0,0,0,1
0,1,62,62,2,20.666666666666668,1,0,1,0,1,0,0,0,0,0,1
0,68,102,6936,2,34.0,1,0,1,0,1,1,0,0,0,1,0
0,1,91,91,3,22.75,1,0,1,1,1,0,1,0,0,0,1
0,8,101,808,2,33.666666666666664,1,0,1,0,1,0,0,0,0,0,1
0,1,25,25,1,12.5,0,0,0,0,1,0,1,0,0,0,0
0,46,53,2438,2,17.666666666666668,0,0,1,0,0,1,0,0,1,0,0
0,45,104,4680,3,26.0,1,0,1,1,0,0,1,0,1,0,0
0,8,103,824,3,25.75,0,0,1,1,1,0,0,0,0,0,1
0,5,95,475,3,23.75,1,0,1,1,1,0,1,0,0,0,1
0,22,93,2046,3,23.25,1,0,1,1,0,0,1,1,0,0,0
0,58,95,5510,2,31.666666666666668,0,0,1,0,0,0,0,0,0,1,0
0,51,50,2550,1,25.0,0,0,0,0,0,0,1,0,0,1,0
0,39,49,1911,2,16.333333333333332,1,0,0,1,1,0,0,0,1,0,1
0,26,26,676,3,6.5,0,0,1,1,1,1,0,0,1,0,0
0,53,85,4505,3,21.25,1,0,1,1,1,1,0,0,0,1,1
0,1,80,80,2,26.666666666666668,1,1,1,0,1,0,0,0,0,0,1
0,1,30,30,1,15.0,0,0,0,0,0,0,0,0,0,0,1
0,18,86,1548,3,21.5,1,1,1,1,1,0,1,1,0,0,0
0,46,20,920,2,6.666666666666667,1,0,1,0,0,0,1,0,1,0,0
0,3,79,237,3,19.75,1,0,1,1,0,0,1,0,0,0,1
0,12,45,540,2,15.0,0,1,1,0,0,0,0,0,0,0,1
0,14,55,770,1,27.5,1,0,0,0,1,0,0,1,0,0,0
1,5,70,350,3,17.5,1,0,1,1,1,0,0,0,0,0,1
0,28,100,2800,2,33.333333333333336,1,1,1,0,1,0,0,0,1,0,0
1,59,94,5546,3,23.5,1,0,1,1,1,0,0,0,0,1,1
0,10,45,450,2,15.0,1,0,1,0,0,1,0,0,0,0,1
0,21,81,1701,2,27.0,0,0,1,0,0,0,0,1,0,0,0
1,5,46,230,1,23.0,0,0,0,0,0,1,0,0,0,0,1
0,10,26,260,2,8.666666666666666,0,1,1,0,0,0,0,0,0,0,0
1,5,71,355,3,17.75,1,0,1,1,1,0,0,0,0,0,0
0,9,80,720,3,20.0,1,0,1,1,1,0,0,0,0,0,1
0,11,98,1078,3,24.5,0,0,1,1,1,0,0,0,0,0,1
0,47,74,3478,2,24.666666666666668,1,0,1,0,1,0,0,0,1,0,0
0,3,41,123,2,13.666666666666666,1,0,0,1,1,0,0,0,0,0,0
0,1,76,76,2,25.333333333333332,1,0,1,0,0,0,0,0,0,0,1
0,23,41,943,2,13.666666666666666,1,1,0,1,1,0,0,1,0,0,0
1,16,94,1504,3,23.5,0,0,1,1,1,0,0,1,0,0,1
0,27,82,2214,2,27.333333333333332,1,0,1,0,0,0,0,0,1,0,0
0,68,26,1768,2,8.666666666666666,1,1,1,0,0,0,0,0,0,1,0
0,2,51,102,2,17.0,0,0,0,1,0,1,0,0,0,0,0
0,5,20,100,3,5.0,1,1,1,1,0,1,0,0,0,0,0
1,67,76,5092,3,19.0,1,0,1,1,1,0,0,0,0,1,0
0,52,58,3016,2,19.333333333333332,0,0,1,0,0,0,0,0,0,1,0
0,29,86,2494,3,21.5,1,0,1,1,1,0,1,0,1,0,0
0,1,70,70,2,23.333333333333332,0,0,1,0,1,0,0,0,0,0,0
0,4,70,280,3,17.5,0,0,1,1,1,0,1,0,0,0,1
0,69,85,5865,2,28.333333333333332,0,0,1,0,1,0,0,0,0,1,0
0,16,39,624,2,13.0,0,0,0,1,0,0,1,1,0,0,0
0,24,93,2232,2,31.0,1,0,1,0,0,0,1,1,0,0,0
0,42,104,4368,2,34.666666666666664,0,0,1,0,1,0,0,0,1,0,0
0,60,51,3060,2,17.0,0,0,0,1,1,0,0,0,0,1,1
0,10,95,950,2,31.666666666666668,1,1,1,0,0,0,0,0,0,0,1
0,9,60,540,3,15.0,0,0,1,1,0,0,0,0,0,0,0
0,24,69,1656,2,23.0,0,0,1,0,0,0,0,1,0,0,0
0,72,116,8352,2,38.666666666666664,0,1,1,0,0,1,0,0,0,1,0
0,64,87,5568,3,21.75,0,1,1,1,0,0,1,0,0,1,0
0,2,19,38,2,6.333333333333333,1,0,1,0,0,0,1,0,0,0,0
0,68,91,6188,2,30.333333333333332,1,0,1,0,0,1,0,0,0,1,0
0,1,102,102,3,25.5,0,1,1,1,0,0,1,0,0,0,1
0,59,20,1180,3,5.0,0,0,1,1,0,1,0,0,0,1,0
0,50,98,4900,3,24.5,1,0,1,1,1,0,1,0,0,1,0
0,72,110,7920,2,36.666666666666664,0,1,1,0,1,0,1,0,0,1,0
0,57,95,5415,2,31.666666666666668,0,0,1,0,0,0,1,0,0,1,0
1,18,20,360,3,5.0,0,0,1,1,1,0,1,1,0,0,0
0,62,115,7130,2,38.333333333333336,0,0,1,0,0,0,0,0,0,1,0
0,24,20,480,2,6.666666666666667,1,0,1,0,0,0,0,1,0,0,0
0,37,40,1480,1,20.0,1,1,0,0,1,0,0,0,1,0,1
0,5,86,430,2,28.666666666666668,0,1,1,0,0,0,0,0,0,0,1
0,3,70,210,2,23.333333333333332,0,0,1,0,0,1,0,0,0,0,1
0,29,75,2175,2,25.0,1,0,1,0,0,0,1,0,1,0,0
0,31,49,1519,2,16.333333333333332,0,0,1,0,0,0,0,0,1,0,0
0,24,21,504,3,5.25,1,1,1,1,0,0,0,1,0,0,0
0,18,75,1350,3,18.75,0,0,1,1,1,0,0,1,0,0,0
0,17,92,1564,2,30.666666666666668,0,1,1,0,1,0,0,1,0,0,1
0,69,67,4623,2,22.333333333333332,0,0,1,0,0,0,0,0,0,1,0
0,48,20,960,3,5.0,0,1,1,1,1,0,0,0,1,0,0
0,54,20,1080,2,6.666666666666667,1,1,1,0,0,0,0,0,0,1,0
0,13,79,1027,2,26.333333333333332,0,0,1,0,0,1,0,1,0,0,0
1,22,85,1870,3,21.25,0,1,1,1,1,0,0,1,0,0,0
0,18,25,450,1,12.5,1,0,0,0,1,0,0,1,0,0,0
0,16,91,1456,2,30.333333333333332,0,0,1,0,0,0,0,1,0,0,0
0,5,81,405,3,20.25,1,0,1,1,1,0,0,0,0,0,1
0,53,20,1060,2,6.666666666666667,0,0,1,0,1,0,0,0,0,1,0
1,44,74,3256,2,24.666666666666668,1,0,1,0,0,1,0,0,1,0,0
0,44,101,4444,3,25.25,1,0,1,1,0,0,0,0,1,0,1
0,70,90,6300,3,22.5,0,0,1,1,1,0,0,0,0,1,0
0,6,105,630,2,35.0,0,0,1,0,0,0,1,0,0,0,1
0,33,51,1683,3,12.75,0,0,1,1,0,0,1,0,1,0,0
0,11,20,220,3,5.0,0,0,1,1,0,1,0,0,0,0,0
0,72,24,1728,3,6.0,0,1,1,1,1,0,0,0,0,1,0
0,9,80,720,2,26.666666666666668,0,0,1,0,0,0,1,0,0,0,0
1,63,36,2268,1,18.0,1,0,0,0,0,0,0,0,0,1,0
0,3,21,63,2,7.0,0,1,1,0,0,1,0,0,0,0,0
0,66,106,6996,3,26.5,1,0,1,1,0,0,1,0,0,1,0
0,66,62,4092,1,31.0,0,0,0,0,0,0,0,0,0,1,0
0,1,71,71,2,23.666666666666668,0,0,1,0,0,1,0,0,0,0,0
0,30,94,2820,2,31.333333333333332,0,0,1,0,0,0,0,0,1,0,0
0,13,70,910,2,23.333333333333332,1,0,1,0,0,0,0,1,0,0,0
0,72,80,5760,3,20.0,0,1,1,1,0,0,1,0,0,1,0
0,8,56,448,2,18.666666666666668,0,1,1,0,0,0,0,0,0,0,0
0,28,106,2968,3,26.5,1,1,1,1,0,0,1,0,1,0,1
0,65,105,6825,3,26.25,0,0,1,1,1,0,0,0,0,1,0
1,11,83,913,2,27.666666666666668,0,0,1,0,0,0,0,0,0,0,0
0,26,19,494,2,6.333333333333333,0,0,1,0,0,0,0,0,1,0,0
1,59,50,2950,2,16.666666666666668,1,0,0,1,0,1,0,0,0,1,0
0,67,19,1273,2,6.333333333333333,1,1,1,0,1,0,0,0,0,1,0
0,71,20,1420,2,6.666666666666667,0,0,1,0,1,0,0,0,0,1,0
1,57,71,4047,2,23.666666666666668,1,0,1,0,0,0,1,0,0,1,0
0,71,47,3337,2,15.666666666666666,0,0,0,1,1,0,1,0,0,1,0
0,57,21,1197,3,5.25,1,0,1,1,1,0,0,0,0,1,0
0,72,26,1872,2,8.666666666666666,1,1,1,0,1,0,0,0,0,1,0
0,1,75,75,2,25.0,1,0,1,0,0,1,0,0,0,0,0
1,15,96,1440,2,32.0,1,0,1,0,0,1,0,1,0,0,0
0,4,80,320,3,20.0,0,0,1,1,1,1,0,0,0,0,0
0,23,45,1035,1,22.5,0,0,0,0,0,0,1,1,0,0,0
1,71,107,7597,3,26.75,1,0,1,1,1,0,1,0,0,1,0
0,45,81,3645,2,27.0,0,1,1,0,0,0,0,0,1,0,0
0,64,108,6912,2,36.0,1,0,1,0,0,0,0,0,0,1,0
0,20,59,1180,2,19.666666666666668,1,0,1,0,0,0,0,1,0,0,0
0,31,80,2480,2,26.666666666666668,0,0,1,0,0,0,0,0,1,0,1
1,3,95,285,2,31.666666666666668,1,0,1,0,0,1,0,0,0,0,0
0,20,21,420,3,5.25,1,0,1,1,1,1,0,1,0,0,0
0,57,98,5586,2,32.666666666666664,1,1,1,0,1,0,0,0,0,1,0
1,8,29,232,1,14.5,1,0,0,0,0,0,0,0,0,0,1
0,33,19,627,2,6.333333333333333,1,1,1,0,0,0,0,0,1,0,0
0,67,54,3618,1,27.0,0,1,0,0,1,0,0,0,0,1,0
0,71,82,5822,3,20.5,0,1,1,1,0,0,1,0,0,1,0
0,59,65,3835,3,16.25,1,0,1,1,0,0,0,0,0,1,0
0,57,75,4275,3,18.75,0,0,1,1,1,1,0,0,0,1,0
0,1,59,59,3,14.75,0,1,1,1,1,0,0,0,0,0,1
0,9,99,891,3,24.75,1,0,1,1,0,0,1,0,0,0,0
0,4,20,80,2,6.666666666666667,0,0,1,0,0,1,0,0,0,0,0
0,72,89,6408,3,22.25,1,0,1,1,0,1,0,0,0,1,0
0,62,106,6572,3,26.5,0,1,1,1,0,0,1,0,0,1,0
0,5,80,400,2,26.666666666666668,0,0,1,0,0,1,0,0,0,0,0
0,22,95,2090,3,23.75,1,0,1,1,1,0,0,1,0,0,0
0,35,25,875,2,8.333333333333334,1,1,1,0,0,0,0,0,1,0,0
0,12,80,960,3,20.0,1,0,1,1,1,0,0,0,0,0,0
0,67,104,6968,3,26.0,1,0,1,1,1,0,0,0,0,1,1
0,72,98,7056,2,32.666666666666664,1,1,1,0,1,0,0,0,0,1,0
0,38,111,4218,3,27.75,1,0,1,1,1,1,0,0,1,0,0
0,14,49,686,2,16.333333333333332,1,0,1,0,0,0,0,1,0,0,0
0,47,87,4089,2,29.0,1,0,1,0,0,0,0,0,1,0,0
0,37,29,1073,2,9.666666666666666,0,0,0,1,0,1,0,0,1,0,1
1,1,74,74,2,24.666666666666668,0,0,1,0,0,0,1,0,0,0,1
0,37,20,740,3,5.0,0,0,1,1,0,0,0,0,1,0,0
0,9,41,369,2,13.666666666666666,1,0,0,1,1,1,0,0,0,0,1
0,60,60,3600,2,20.0,1,0,1,0,0,0,0,0,0,1,0
0,57,88,5016,2,29.333333333333332,0,0,1,0,0,0,1,0,0,1,0
0,41,45,1845,3,11.25,0,1,1,1,1,0,0,0,1,0,0
0,50,71,3550,2,23.666666666666668,0,1,1,0,0,0,0,0,0,1,0
0,4,51,204,2,17.0,1,0,1,0,0,0,0,0,0,0,0
0,9,79,711,2,26.333333333333332,1,1,1,0,1,0,0,0,0,0,1
0,36,95,3420,3,23.75,1,0,1,1,0,1,0,0,1,0,0
1,2,24,48,2,8.0,0,0,0,1,0,1,0,0,0,0,1
0,65,95,6175,2,31.666666666666668,1,1,1,0,0,1,0,0,0,1,0
0,36,86,3096,3,21.5,0,0,1,1,1,0,0,0,1,0,0
0,5,20,100,3,5.0,0,0,1,1,1,0,0,0,0,0,0
1,71,108,7668,3,27.0,1,0,1,1,1,0,0,0,0,1,0
0,3,26,78,2,8.666666666666666,1,1,1,0,0,0,1,0,0,0,0
0,55,20,1100,2,6.666666666666667,0,0,1,0,0,0,1,0,0,1,0
0,5,47,235,2,15.666666666666666,1,0,1,0,0,0,0,0,0,0,1
0,1,54,54,2,18.0,1,0,1,0,0,1,0,0,0,0,1
0,68,80,5440,2,26.666666666666668,1,1,1,0,0,0,0,0,0,1,0
0,38,84,3192,2,28.0,0,0,1,0,0,1,0,0,1,0,1
1,16,54,864,2,18.0,0,0,1,0,0,1,0,1,0,0,0
0,67,72,4824,2,24.0,0,0,1,0,1,0,0,0,0,1,0
0,72,117,8424,2,39.0,1,0,1,0,0,0,1,0,0,1,0
0,21,69,1449,2,23.0,0,0,1,0,0,0,0,1,0,0,0
0,4,19,76,2,6.333333333333333,1,0,1,0,1,0,0,0,0,0,0
0,3,29,87,1,14.5,0,0,0,0,0,1,0,0,0,0,0
0,69,99,6831,3,24.75,1,1,1,1,1,0,0,0,0,1,0
1,2,94,188,3,23.5,1,0,1,1,1,0,0,0,0,0,1
0,70,98,6860,2,32.666666666666664,1,1,1,0,0,0,0,0,0,1,1
0,1,21,21,2,7.0,0,1,1,0,0,0,0,0,0,0,1
0,11,91,1001,2,30.333333333333332,1,1,1,0,0,0,0,0,0,0,0
0,13,97,1261,2,32.333333333333336,0,0,1,0,0,0,1,1,0,0,1
0,60,20,1200,3,5.0,1,1,1,1,1,0,1,0,0,1,0
1,20,74,1480,2,24.666666666666668,1,0,1,0,1,1,0,1,0,0,1
0,37,36,1332,2,12.0,1,0,0,1,0,0,1,0,1,0,0
0,30,21,630,2,7.0,1,0,1,0,0,0,0,0,1,0,0
0,60,104,6240,3,26.0,1,1,1,1,1,0,1,0,0,1,0
0,35,70,2450,3,17.5,0,0,1,1,1,0,1,0,1,0,1
1,50,96,4800,3,24.0,1,0,1,1,1,0,0,0,0,1,1
0,71,96,6816,2,32.0,0,0,1,0,0,0,0,0,0,1,0
1,8,74,592,3,18.5,0,0,1,1,1,0,0,0,0,0,0
0,38,24,912,2,8.0,0,0,1,0,1,1,0,0,1,0,0
0,72,20,1440,3,5.0,1,0,1,1,1,1,0,0,0,1,0
1,42,96,4032,2,32.0,0,0,1,0,0,1,0,0,1,0,0
0,57,95,5415,3,23.75,0,1,1,1,1,0,0,0,0,1,0
0,60,111,6660,3,27.75,0,0,1,1,0,0,1,0,0,1,0
0,71,25,1775,2,8.333333333333334,1,1,1,0,0,0,0,0,0,1,0
0,11,23,253,2,7.666666666666667,1,0,1,0,0,1,0,0,0,0,1
0,40,51,2040,2,17.0,1,0,1,0,1,0,0,0,1,0,0
0,42,84,3528,2,28.0,0,0,1,0,0,0,1,0,1,0,0
0,1,44,44,2,14.666666666666666,0,0,1,0,0,0,0,0,0,0,1
0,47,90,4230,2,30.0,1,1,1,0,0,0,0,0,1,0,0
0,50,76,3800,2,25.333333333333332,1,1,1,0,0,0,0,0,0,1,0
0,10,54,540,1,27.0,1,1,0,0,0,0,0,0,0,0,0
0,72,85,6120,3,21.25,1,0,1,1,1,1,0,0,0,1,0
0,72,99,7128,2,33.0,1,0,1,0,0,1,0,0,0,1,0
0,60,90,5400,3,22.5,1,0,1,1,0,0,1,0,0,1,0
0,3,75,225,2,25.0,0,0,1,0,1,0,0,0,0,0,1
0,2,80,160,2,26.666666666666668,1,0,1,0,0,1,0,0,0,0,1
0,1,80,80,2,26.666666666666668,0,1,1,0,0,0,0,0,0,0,1
0,11,89,979,3,22.25,0,0,1,1,1,0,0,0,0,0,0
0,49,98,4802,2,32.666666666666664,0,1,1,0,1,0,0,0,0,1,0
1,70,114,7980,3,28.5,0,0,1,1,1,1,0,0,0,1,0
1,2,71,142,2,23.666666666666668,0,0,1,0,0,0,0,0,0,0,1
1,16,99,1584,2,33.0,1,0,1,0,0,0,0,1,0,0,1
0,10,100,1000,2,33.333333333333336,1,0,1,0,1,0,0,0,0,0,1
0,56,69,3864,2,23.0,0,1,1,0,1,0,0,0,0,1,0
0,48,104,4992,2,34.666666666666664,0,0,1,0,0,0,0,0,1,0,0
1,72,25,1800,3,6.25,1,0,1,1,0,0,0,0,0,1,0
0,1,21,21,2,7.0,0,0,1,0,0,0,0,0,0,0,1
0,29,20,580,2,6.666666666666667,0,0,1,0,1,0,0,0,1,0,0
0,25,25,625,2,8.333333333333334,1,0,1,0,1,0,0,0,1,0,1
0,68,54,3672,2,18.0,0,0,1,0,1,0,0,0,0,1,0
0,42,78,3276,2,26.0,0,1,1,0,0,0,0,0,1,0,1
0,6,20,120,2,6.666666666666667,0,1,1,0,0,0,0,0,0,0,0
0,18,101,1818,2,33.666666666666664,1,0,1,0,1,0,0,1,0,0,0
0,10,70,700,2,23.333333333333332,1,0,1,0,1,1,0,0,0,0,1
0,72,104,7488,3,26.0,1,0,1,1,0,0,0,0,0,1,0
0,63,105,6615,2,35.0,1,1,1,0,1,0,0,0,0,1,0
0,27,78,2106,2,26.0,0,0,1,0,0,1,0,0,1,0,0
0,35,25,875,2,8.333333333333334,0,1,1,0,0,0,0,0,1,0,0
0,18,90,1620,2,30.0,0,0,1,0,0,0,0,1,0,0,1
0,11,74,814,2,24.666666666666668,1,0,1,0,0,0,0,0,0,0,1
0,44,21,924,3,5.25,1,1,1,1,1,0,0,0,1,0,0
0,19,61,1159,2,20.333333333333332,0,1,1,0,0,0,1,1,0,0,0
0,72,93,6696,2,31.0,0,1,1,0,0,1,0,0,0,1,0
0,18,50,900,3,12.5,0,0,1,1,0,0,0,1,0,0,0
1,18,50,900,3,12.5,0,0,1,1,1,0,0,1,0,0,0
0,71,61,4331,1,30.5,0,0,0,0,1,0,0,0,0,1,0
0,30,55,1650,2,18.333333333333332,0,0,1,0,0,1,0,0,1,0,0
0,28,60,1680,1,30.0,1,1,0,0,0,0,0,0,1,0,0
0,37,79,2923,2,26.333333333333332,0,0,1,0,0,0,1,0,1,0,1
0,18,20,360,2,6.666666666666667,1,1,1,0,0,1,0,1,0,0,0
0,31,81,2511,2,27.0,0,1,1,0,0,1,0,0,1,0,0
0,5,56,280,3,14.0,1,0,1,1,1,1,0,0,0,0,0
1,30,78,2340,2,26.0,1,0,1,0,0,0,1,0,1,0,0
0,49,72,3528,2,24.0,0,0,1,0,1,0,0,0,0,1,0
0,12,45,540,2,15.0,1,0,1,0,0,1,0,0,0,0,1
0,1,78,78,2,26.0,0,0,1,0,0,1,0,0,0,0,1
0,4,90,360,2,30.0,0,1,1,0,1,0,0,0,0,0,1
0,3,21,63,3,5.25,1,0,1,1,0,0,1,0,0,0,1
0,3,79,237,2,26.333333333333332,0,0,1,0,0,0,1,0,0,0,1
0,37,66,2442,2,22.0,1,0,1,0,1,0,0,0,1,0,0
0,23,66,1518,2,22.0,0,1,1,0,0,0,1,1,0,0,0
0,23,79,1817,2,26.333333333333332,0,0,1,0,0,0,0,1,0,0,0
1,45,100,4500,3,25.0,0,0,1,1,0,0,1,0,1,0,0
0,22,20,440,2,6.666666666666667,1,1,1,0,1,0,1,1,0,0,0
0,24,100,2400,2,33.333333333333336,1,0,1,0,0,0,0,1,0,0,0
0,48,20,960,3,5.0,1,0,1,1,0,0,1,0,1,0,0
0,3,56,168,2,18.666666666666668,1,1,1,0,0,0,0,0,0,0,1
1,8,87,696,2,29.0,0,0,1,0,0,0,1,0,0,0,0
0,44,54,2376,1,27.0,1,0,0,0,1,0,0,0,1,0,1
0,56,91,5096,2,30.333333333333332,0,0,1,0,0,0,0,0,0,1,0
0,1,21,21,2,7.0,1,0,1,0,0,0,0,0,0,0,0
0,53,93,4929,2,31.0,1,1,1,0,0,0,1,0,0,1,0
0,59,19,1121,2,6.333333333333333,1,1,1,0,0,0,0,0,0,1,0
0,15,49,735,2,16.333333333333332,0,0,1,0,0,0,1,1,0,0,0
1,49,90,4410,2,30.0,0,0,1,0,0,0,1,0,0,1,0
0,39,56,2184,1,28.0,0,0,0,0,0,0,0,0,1,0,1
1,44,89,3916,2,29.666666666666668,0,0,1,0,1,0,0,0,1,0,0
0,3,53,159,2,17.666666666666668,1,0,1,0,0,1,0,0,0,0,1
1,16,74,1184,2,24.666666666666668,1,0,1,0,0,1,0,1,0,0,1
0,5,66,330,3,16.5,1,0,1,1,1,1,0,0,0,0,0
0,37,100,3700,3,25.0,0,0,1,1,0,0,1,0,1,0,0
0,9,51,459,3,12.75,0,0,1,1,1,0,0,0,0,0,0
0,35,20,700,3,5.0,0,1,1,1,0,0,1,0,1,0,0
0,7,86,602,2,28.666666666666668,0,0,1,0,0,0,0,0,0,0,1
0,1,20,20,3,5.0,0,0,1,1,0,0,1,0,0,0,1
0,29,25,725,1,12.5,0,0,0,0,0,1,0,0,1,0,1
0,51,95,4845,3,23.75,0,1,1,1,1,0,1,0,0,1,0
0,58,70,4060,2,23.333333333333332,1,0,1,0,0,0,0,0,0,1,0
0,4,39,156,2,13.0,1,1,0,1,0,1,0,0,0,0,0
0,64,111,7104,3,27.75,0,1,1,1,1,0,0,0,0,1,0
1,68,80,5440,2,26.666666666666668,1,0,1,0,0,1,0,0,0,1,0
1,62,96,5952,2,32.0,0,1,1,0,0,1,0,0,0,1,0
0,37,93,3441,2,31.0,1,1,1,0,1,0,0,0,1,0,0
0,43,20,860,2,6.666666666666667,0,0,1,0,0,1,0,0,1,0,0
0,65,92,5980,3,23.0,0,1,1,1,1,1,0,0,0,1,0
0,1,61,61,3,15.25,1,0,1,1,1,0,0,0,0,0,0
0,27,66,1782,2,22.0,0,1,1,0,0,0,0,0,1,0,0
0,57,20,1140,2,6.666666666666667,0,1,1,0,0,0,0,0,0,1,0
0,1,21,21,2,7.0,0,1,1,0,1,1,0,0,0,0,1
0,43,40,1720,2,13.333333333333334,1,1,0,1,0,0,1,0,1,0,0
0,48,112,5376,3,28.0,1,1,1,1,0,0,1,0,1,0,0
0,41,111,4551,2,37.0,1,1,1,0,0,0,0,0,1,0,0
0,68,90,6120,2,30.0,0,0,1,0,0,0,0,0,0,1,0
0,15,49,735,2,16.333333333333332,0,0,1,0,0,0,0,1,0,0,0
1,8,94,752,3,23.5,0,0,1,1,0,0,0,0,0,0,1
1,3,25,75,1,12.5,0,0,0,0,0,0,0,0,0,0,1
1,55,90,4950,2,30.0,0,0,1,0,0,0,0,0,0,1,0
1,16,72,1152,3,18.0,1,0,1,1,1,1,0,1,0,0,1
0,39,80,3120,3,20.0,1,1,1,1,1,0,0,0,1,0,1
0,10,95,950,2,31.666666666666668,0,0,1,0,0,0,1,0,0,0,1
0,46,109,5014,2,36.333333333333336,0,0,1,0,0,0,0,0,1,0,0
0,12,56,672,2,18.666666666666668,1,1,1,0,0,1,0,0,0,0,0
0,41,21,861,2,7.0,0,0,1,0,0,0,0,0,1,0,0
0,65,109,7085,2,36.333333333333336,1,0,1,0,0,0,1,0,0,1,1
0,21,79,1659,2,26.333333333333332,0,0,1,0,0,1,0,1,0,0,0
1,4,100,400,3,25.0,0,0,1,1,0,0,0,0,0,0,1
1,72,90,6480,2,30.0,0,0,1,0,0,0,1,0,0,1,0
0,47,25,1175,2,8.333333333333334,1,1,1,0,0,0,1,0,1,0,0
0,43,84,3612,2,28.0,1,0,1,0,0,0,0,0,1,0,0
0,72,113,8136,3,28.25,0,1,1,1,1,1,0,0,0,1,0
0,67,111,7437,2,37.0,0,0,1,0,0,0,0,0,0,1,0
0,6,89,534,2,29.666666666666668,0,0,1,0,0,0,1,0,0,0,1
0,60,70,4200,2,23.333333333333332,0,0,1,0,0,0,0,0,0,1,0
1,40,98,3920,3,24.5,1,0,1,1,0,0,0,0,1,0,0
0,66,91,6006,2,30.333333333333332,0,1,1,0,1,0,0,0,0,1,0
1,52,49,2548,1,24.5,1,0,0,0,0,0,0,0,0,1,1
0,1,94,94,3,23.5,0,0,1,1,1,0,1,0,0,0,1
0,58,93,5394,3,23.25,0,1,1,1,1,0,0,0,0,1,1
0,72,64,4608,1,32.0,0,1,0,0,0,0,0,0,0,1,0
1,35,95,3325,2,31.666666666666668,1,0,1,0,0,1,0,0,1,0,1
0,72,20,1440,3,5.0,0,0,1,1,1,0,0,0,0,1,0
0,51,69,3519,3,17.25,0,0,1,1,0,1,0,0,0,1,0
0,69,19,1311,3,4.75,1,0,1,1,1,0,0,0,0,1,0
0,69,100,6900,2,33.333333333333336,1,0,1,0,1,0,0,0,0,1,0
0,11,20,220,3,5.0,0,0,1,1,1,1,0,0,0,0,0
0,1,24,24,1,12.0,1,1,0,0,0,1,0,0,0,0,0
1,3,105,315,2,35.0,1,0,1,0,1,0,0,0,0,0,1
0,37,99,3663,2,33.0,0,0,1,0,0,0,0,0,1,0,1
1,4,25,100,1,12.5,1,0,0,0,1,0,0,0,0,0,1
1,67,95,6365,2,31.666666666666668,1,0,1,0,1,0,0,0,0,1,0
0,25,86,2150,2,28.666666666666668,1,1,1,0,0,0,1,0,1,0,0
0,72,92,6624,3,23.0,1,0,1,1,1,0,0,0,0,1,0
0,8,51,408,2,17.0,1,1,1,0,1,0,0,0,0,0,0
0,10,80,800,2,26.666666666666668,0,0,1,0,1,0,0,0,0,0,1
0,6,20,120,2,6.666666666666667,1,0,1,0,1,0,0,0,0,0,0
1,52,81,4212,2,27.0,1,1,1,0,0,0,1,0,0,1,0
0,70,25,1750,2,8.333333333333334,1,1,1,0,0,1,0,0,0,1,0
1,70,92,6440,3,23.0,0,0,1,1,0,1,0,0,0,1,0
0,58,25,1450,3,6.25,1,0,1,1,0,1,0,0,0,1,0
0,70,77,5390,3,19.25,1,0,1,1,1,0,0,0,0,1,0
0,72,20,1440,3,5.0,0,1,1,1,1,0,0,0,0,1,0
0,66,49,3234,3,12.25,0,1,1,1,1,0,0,0,0,1,0
0,16,36,576,1,18.0,0,1,0,0,1,0,0,1,0,0,0
0,35,59,2065,2,19.666666666666668,0,1,1,0,1,0,0,0,1,0,0
1,65,95,6175,2,31.666666666666668,0,0,1,0,0,0,1,0,0,1,0
1,2,44,88,2,14.666666666666666,0,0,1,0,1,0,0,0,0,0,0
0,30,49,1470,2,16.333333333333332,0,0,1,0,0,1,0,0,1,0,0
0,14,90,1260,3,22.5,1,0,1,1,0,0,1,1,0,0,1
0,7,20,140,2,6.666666666666667,1,1,1,0,0,1,0,0,0,0,0
0,2,79,158,2,26.333333333333332,1,0,1,0,0,0,1,0,0,0,1
0,66,85,5610,2,28.333333333333332,1,0,1,0,1,0,1,0,0,1,0
0,3,21,63,3,5.25,1,0,1,1,1,1,0,0,0,0,0
0,1,20,20,2,6.666666666666667,1,1,1,0,0,1,0,0,0,0,1
0,68,64,4352,3,16.0,0,0,1,1,1,0,0,0,0,1,0
0,10,86,860,2,28.666666666666668,0,0,1,0,0,0,1,0,0,0,1
0,49,100,4900,3,25.0,0,1,1,1,1,0,0,0,0,1,1
0,23,20,460,3,5.0,0,0,1,1,1,1,0,1,0,0,0
1,13,97,1261,2,32.333333333333336,0,0,1,0,0,0,1,1,0,0,0
0,65,20,1300,3,5.0,1,1,1,1,1,0,0,0,0,1,0
1,28,36,1008,1,18.0,0,1,0,0,0,0,0,0,1,0,0
1,2,90,180,2,30.0,0,0,1,0,0,0,0,0,0,0,1
0,9,76,684,2,25.333333333333332,1,0,1,0,0,0,0,0,0,0,0
0,54,110,5940,3,27.5,1,0,1,1,0,0,0,0,0,1,0
0,25,62,1550,2,20.666666666666668,1,1,1,0,1,0,0,0,1,0,0
0,19,20,380,3,5.0,0,1,1,1,0,0,1,1,0,0,0
0,71,85,6035,2,28.333333333333332,1,1,1,0,0,0,0,0,0,1,0
0,36,20,720,3,5.0,1,0,1,1,0,0,1,0,1,0,0
0,25,25,625,3,6.25,0,0,1,1,1,1,0,0,1,0,1
0,59,81,4779,2,27.0,0,0,1,0,0,1,0,0,0,1,0
0,71,24,1704,2,8.0,1,1,1,0,1,0,0,0,0,1,0
1,46,95,4370,3,23.75,0,0,1,1,1,1,0,0,1,0,1
0,16,68,1088,3,17.0,0,1,1,1,1,0,0,1,0,0,0
0,49,96,4704,3,24.0,0,1,1,1,1,0,1,0,0,1,1
0,24,85,2040,3,21.25,1,1,1,1,1,0,0,1,0,0,0
0,2,43,86,1,21.5,0,0,0,0,1,0,0,0,0,0,1
0,58,67,3886,3,16.75,0,1,1,1,0,0,1,0,0,1,0
0,1,89,89,3,22.25,1,0,1,1,0,0,1,0,0,0,0
1,45,86,3870,2,28.666666666666668,0,0,1,0,0,1,0,0,1,0,0
0,1,50,50,2,16.666666666666668,1,0,1,0,1,0,0,0,0,0,1
1,8,43,344,1,21.5,1,0,0,0,0,0,0,0,0,0,0
0,22,90,1980,2,30.0,0,0,1,0,0,0,0,1,0,0,1
0,66,116,7656,2,38.666666666666664,1,0,1,0,0,0,0,0,0,1,0
0,8,74,592,2,24.666666666666668,1,0,1,0,1,1,0,0,0,0,1
0,72,106,7632,3,26.5,1,1,1,1,1,1,0,0,0,1,0
0,47,64,3008,2,21.333333333333332,0,1,1,0,0,1,0,0,1,0,0
0,4,72,288,2,24.0,1,0,1,0,0,1,0,0,0,0,1
0,29,79,2291,2,26.333333333333332,0,0,1,0,0,0,0,0,1,0,1
0,72,116,8352,2,38.666666666666664,0,0,1,0,0,0,0,0,0,1,0
0,16,85,1360,2,28.333333333333332,0,0,1,0,0,0,0,1,0,0,1
0,2,80,160,3,20.0,1,0,1,1,0,0,1,0,0,0,0
0,68,71,4828,2,23.666666666666668,1,0,1,0,0,0,0,0,0,1,0
1,33,25,825,2,8.333333333333334,1,0,1,0,1,0,0,0,1,0,0
0,61,19,1159,3,4.75,0,1,1,1,1,0,0,0,0,1,1
0,23,79,1817,2,26.333333333333332,0,0,1,0,0,1,0,1,0,0,1
0,19,49,931,3,12.25,1,1,1,1,1,1,0,1,0,0,0
0,13,41,533,1,20.5,1,1,0,0,1,0,0,1,0,0,0
0,21,86,1806,2,28.666666666666668,0,0,1,0,0,0,0,1,0,0,1
1,62,105,6510,3,26.25,0,0,1,1,1,0,0,0,0,1,0
0,29,25,725,2,8.333333333333334,0,0,1,0,0,0,1,0,1,0,0
0,38,101,3838,2,33.666666666666664,1,1,1,0,0,0,1,0,1,0,0
1,31,74,2294,3,18.5,0,0,1,1,1,0,0,0,1,0,1
0,1,44,44,2,14.666666666666666,0,0,1,0,0,0,1,0,0,0,1
0,71,66,4686,3,16.5,1,1,1,1,1,0,0,0,0,1,0
0,4,20,80,2,6.666666666666667,1,1,1,0,1,0,0,0,0,0,0
0,4,64,256,3,16.0,0,0,1,1,1,0,0,0,0,0,0
0,69,99,6831,2,33.0,0,0,1,0,0,0,0,0,0,1,0
0,64,81,5184,2,27.0,1,0,1,0,0,1,0,0,0,1,0
0,60,79,4740,2,26.333333333333332,1,0,1,0,0,1,0,0,0,1,0
0,63,105,6615,3,26.25,1,0,1,1,1,1,0,0,0,1,0
0,35,19,665,3,4.75,1,0,1,1,1,0,0,0,1,0,0
1,17,76,1292,2,25.333333333333332,1,0,1,0,0,0,1,1,0,0,1
0,63,97,6111,3,24.25,0,0,1,1,1,1,0,0,0,1,0
1,19,66,1254,3,16.5,1,0,1,1,1,0,0,1,0,0,0
0,21,111,2331,2,37.0,1,0,1,0,0,0,0,1,0,0,1
1,57,95,5415,2,31.666666666666668,0,1,1,0,0,0,0,0,0,1,0
0,8,50,400,3,12.5,1,0,1,1,1,0,0,0,0,0,0
0,6,21,126,2,7.0,1,0,1,0,1,0,0,0,0,0,0
0,66,61,4026,1,30.5,0,0,0,0,0,1,0,0,0,1,0
0,63,76,4788,3,19.0,0,1,1,1,1,0,1,0,0,1,0
0,28,92,2576,3,23.0,1,1,1,1,0,0,0,0,1,0,0
0,23,75,1725,2,25.0,0,0,1,0,0,0,0,1,0,0,0
0,29,20,580,2,6.666666666666667,0,0,1,0,0,0,0,0,1,0,0
1,18,81,1458,2,27.0,1,0,1,0,0,0,0,1,0,0,0
0,53,46,2438,1,23.0,1,0,0,0,1,0,0,0,0,1,0
0,10,70,700,3,17.5,0,1,1,1,0,0,0,0,0,0,0
0,39,50,1950,2,16.666666666666668,1,0,1,0,0,0,0,0,1,0,0
0,17,75,1275,2,25.0,0,0,1,0,0,0,1,1,0,0,0
0,37,91,3367,3,22.75,1,1,1,1,1,0,0,0,1,0,0
0,33,20,660,2,6.666666666666667,0,1,1,0,0,0,1,0,1,0,0
0,19,89,1691,2,29.666666666666668,0,1,1,0,1,1,0,1,0,0,0
0,7,61,427,3,15.25,0,0,1,1,0,0,1,0,0,0,0
0,9,73,657,3,18.25,0,1,1,1,1,1,0,0,0,0,1
1,59,64,3776,2,21.333333333333332,1,0,0,1,0,0,0,0,0,1,0
0,55,104,5720,2,34.666666666666664,0,1,1,0,0,0,0,0,0,1,0
0,4,94,376,2,31.333333333333332,0,0,1,0,0,0,0,0,0,0,1
0,57,21,1197,3,5.25,1,1,1,1,1,0,0,0,0,1,0
0,68,115,7820,3,28.75,0,0,1,1,1,0,0,0,0,1,0
0,64,74,4736,2,24.666666666666668,0,0,1,0,0,0,0,0,0,1,0
0,72,103,7416,2,34.333333333333336,0,1,1,0,0,0,1,0,0,1,0
1,8,84,672,2,28.0,0,0,1,0,0,0,0,0,0,0,1
0,1,46,46,2,15.333333333333334,1,0,1,0,0,0,1,0,0,0,0
0,69,95,6555,2,31.666666666666668,1,1,1,0,0,0,0,0,0,1,0
0,56,80,4480,3,20.0,0,0,1,1,1,0,0,0,0,1,0
0,9,65,585,2,21.666666666666668,1,0,1,0,0,1,0,0,0,0,0
0,59,80,4720,3,20.0,0,0,1,1,1,0,0,0,0,1,0
0,12,80,960,2,26.666666666666668,0,0,1,0,1,0,0,0,0,0,0
0,4,85,340,3,21.25,1,1,1,1,1,0,0,0,0,0,1
1,3,70,210,3,17.5,0,0,1,1,0,1,0,0,0,0,1
0,1,51,51,2,17.0,1,0,1,0,0,0,0,0,0,0,0
0,29,99,2871,2,33.0,1,0,1,0,0,0,0,0,1,0,0
0,71,84,5964,2,28.0,0,0,1,0,1,0,0,0,0,1,0
0,23,58,1334,2,19.333333333333332,0,1,1,0,0,1,0,1,0,0,0
0,6,26,156,2,8.666666666666666,1,1,1,0,0,0,0,0,0,0,0
0,37,19,703,2,6.333333333333333,0,1,1,0,0,1,0,0,1,0,0
0,24,74,1776,3,18.5,1,0,1,1,1,0,1,1,0,0,0
0,49,101,4949,3,25.25,0,0,1,1,0,1,0,0,0,1,0
0,11,96,1056,3,24.0,0,0,1,1,1,0,0,0,0,0,1
0,44,100,4400,2,33.333333333333336,1,0,1,0,1,1,0,0,1,0,0
0,11,25,275,3,6.25,0,0,1,1,0,0,1,0,0,0,0
0,43,29,1247,2,9.666666666666666,1,1,0,1,1,1,0,0,1,0,0
0,1,51,51,3,12.75,0,0,1,1,0,0,1,0,0,0,1
0,23,24,552,3,6.0,0,1,1,1,1,0,0,1,0,0,0
1,25,70,1750,2,23.333333333333332,0,0,1,0,0,0,1,0,1,0,0
1,14,75,1050,3,18.75,1,0,1,1,1,0,0,1,0,0,0
0,10,80,800,2,26.666666666666668,0,0,1,0,0,0,0,0,0,0,1
0,27,81,2187,2,27.0,1,1,1,0,0,1,0,0,1,0,0
0,3,105,315,3,26.25,1,0,1,1,1,0,0,0,0,0,1
0,10,26,260,2,8.666666666666666,1,0,1,0,0,1,0,0,0,0,0
1,5,45,225,1,22.5,1,0,0,0,0,0,1,0,0,0,0
0,48,26,1248,2,8.666666666666666,1,1,1,0,0,0,0,0,1,0,0
1,7,65,455,3,16.25,0,0,1,1,1,0,1,0,0,0,0
0,44,49,2156,1,24.5,0,0,0,0,0,0,0,0,1,0,0
0,4,77,308,2,25.666666666666668,0,0,1,0,0,0,1,0,0,0,1
0,37,99,3663,2,33.0,1,0,1,0,1,0,0,0,1,0,1
0,13,19,247,2,6.333333333333333,0,0,1,0,0,0,1,1,0,0,0
0,39,59,2301,3,14.75,0,0,1,1,1,1,0,0,1,0,0
0,42,56,2352,2,18.666666666666668,1,0,1,0,0,0,0,0,1,0,0
0,46,105,4830,2,35.0,0,1,1,0,0,0,0,0,1,0,1
0,16,56,896,3,14.0,1,1,1,1,1,0,0,1,0,0,0
0,54,46,2484,1,23.0,1,1,0,0,1,0,1,0,0,1,0
0,33,66,2178,3,16.5,1,0,1,1,0,0,0,0,1,0,0
0,22,51,1122,2,17.0,0,0,0,1,1,0,1,1,0,0,0
0,35,89,3115,2,29.666666666666668,1,0,1,0,0,0,1,0,1,0,0
0,4,21,84,2,7.0,0,0,1,0,0,0,0,0,0,0,1
0,36,21,756,2,7.0,1,0,1,0,1,1,0,0,1,0,0
0,25,54,1350,2,18.0,1,1,1,0,1,0,0,0,1,0,0
0,3,71,213,3,17.75,0,0,1,1,1,0,0,0,0,0,0
0,22,101,2222,3,25.25,1,0,1,1,1,0,0,1,0,0,1
0,16,101,1616,2,33.666666666666664,0,1,1,0,0,1,0,1,0,0,0
1,50,107,5350,2,35.666666666666664,0,0,1,0,1,1,0,0,0,1,0
0,10,21,210,3,5.25,0,0,1,1,1,0,0,0,0,0,0
0,25,74,1850,3,18.5,0,0,1,1,0,0,1,0,1,0,1
1,32,96,3072,3,24.0,1,0,1,1,1,1,0,0,1,0,1
0,63,19,1197,2,6.333333333333333,0,1,1,0,0,1,0,0,0,1,0
0,5,49,245,2,16.333333333333332,1,1,1,0,1,0,0,0,0,0,0
1,44,30,1320,1,15.0,1,0,0,0,0,1,0,0,1,0,1
1,16,96,1536,3,24.0,0,0,1,1,0,1,0,1,0,0,1
0,30,106,3180,3,26.5,0,0,1,1,1,0,1,0,1,0,0
0,55,45,2475,3,11.25,0,0,1,1,0,0,1,0,0,1,0
1,61,65,3965,2,21.666666666666668,0,1,1,0,0,1,0,0,0,1,0
0,1,20,20,2,6.666666666666667,1,1,1,0,1,0,0,0,0,0,1
0,54,94,5076,2,31.333333333333332,0,0,1,0,1,1,0,0,0,1,0
0,10,70,700,2,23.333333333333332,1,0,1,0,0,1,0,0,0,0,1
0,40,55,2200,3,13.75,1,1,1,1,1,1,0,0,1,0,1
0,51,79,4029,3,19.75,0,1,1,1,1,1,0,0,0,1,0
0,64,99,6336,2,33.0,1,0,1,0,0,0,0,0,0,1,0
0,72,26,1872,3,6.5,1,0,1,1,1,1,0,0,0,1,0
0,53,20,1060,3,5.0,0,1,1,1,1,1,0,0,0,1,0
0,3,25,75,1,12.5,1,0,0,0,1,1,0,0,0,0,1
1,1,70,70,2,23.333333333333332,1,0,1,0,0,0,0,0,0,0,0
0,13,84,1092,3,21.0,1,1,1,1,1,1,0,1,0,0,1
0,39,51,1989,1,25.5,0,0,0,0,0,0,0,0,1,0,1
0,9,78,702,2,26.0,0,0,1,0,1,0,0,0,0,0,1
0,22,25,550,3,6.25,1,0,1,1,0,0,1,1,0,0,0
1,54,99,5346,2,33.0,1,0,1,0,0,0,0,0,0,1,0
0,29,36,1044,1,18.0,1,0,0,0,1,0,0,0,1,0,0
0,72,118,8496,3,29.5,1,0,1,1,0,0,1,0,0,1,1
0,72,80,5760,2,26.666666666666668,1,0,1,0,1,0,0,0,0,1,0
0,47,110,5170,2,36.666666666666664,1,0,1,0,0,0,0,0,1,0,1
0,28,50,1400,3,12.5,0,1,1,1,1,0,0,0,1,0,0
0,3,30,90,2,10.0,1,0,0,1,1,0,0,0,0,0,0
1,50,75,3750,2,25.0,1,1,1,0,1,0,0,0,0,1,0
0,2,95,190,3,23.75,1,0,1,1,0,0,1,0,0,0,1
0,2,71,142,2,23.666666666666668,1,0,1,0,1,0,0,0,0,0,0
0,70,110,7700,2,36.666666666666664,0,0,1,0,0,0,0,0,0,1,1
0,51,87,4437,2,29.0,1,0,1,0,1,0,0,0,0,1,0
1,65,104,6760,2,34.666666666666664,1,0,1,0,0,0,0,0,0,1,0
0,1,91,91,2,30.333333333333332,1,0,1,0,0,1,0,0,0,0,1
0,13,30,390,2,10.0,0,1,0,1,1,0,0,1,0,0,0
0,10,98,980,3,24.5,0,0,1,1,1,0,0,0,0,0,1
0,7,71,497,2,23.666666666666668,0,0,1,0,0,1,0,0,0,0,1
0,3,19,57,3,4.75,1,0,1,1,1,1,0,0,0,0,0
0,46,34,1564,2,11.333333333333334,1,0,0,1,1,0,0,0,1,0,0
0,56,76,4256,3,19.0,1,0,1,1,0,1,0,0,0,1,0
0,61,115,7015,2,38.333333333333336,0,1,1,0,0,0,0,0,0,1,0
0,52,93,4836,2,31.0,1,1,1,0,0,0,1,0,0,1,0
0,41,70,2870,3,17.5,0,0,1,1,0,0,0,0,1,0,1
0,68,26,1768,2,8.666666666666666,0,0,1,0,0,0,0,0,0,1,0
0,41,78,3198,2,26.0,0,1,1,0,1,0,0,0,1,0,0
0,50,70,3500,2,23.333333333333332,1,1,1,0,1,0,0,0,0,1,0
0,71,115,8165,3,28.75,0,0,1,1,1,0,0,0,0,1,0
0,22,83,1826,3,20.75,1,0,1,1,1,1,0,1,0,0,0
0,59,20,1180,2,6.666666666666667,1,1,1,0,0,0,1,0,0,1,0
0,6,70,420,3,17.5,1,1,1,1,0,0,0,0,0,0,0
0,33,24,792,3,6.0,0,1,1,1,0,1,0,0,1,0,1
0,17,24,408,2,8.0,0,1,1,0,0,0,0,1,0,0,1
0,49,60,2940,2,20.0,1,1,1,0,0,1,0,0,0,1,0
1,17,100,1700,2,33.333333333333336,1,0,1,0,0,0,0,1,0,0,1
0,15,65,975,3,16.25,1,1,1,1,1,0,0,1,0,0,0
0,8,20,160,3,5.0,1,1,1,1,1,0,0,0,0,0,0
0,22,65,1430,2,21.666666666666668,1,0,1,0,1,0,0,1,0,0,0
0,51,25,1275,2,8.333333333333334,1,1,1,0,1,0,0,0,0,1,0
0,43,92,3956,2,30.666666666666668,0,0,1,0,1,0,0,0,1,0,0
0,3,25,75,1,12.5,1,0,0,0,0,0,0,0,0,0,0
1,48,104,4992,3,26.0,0,1,1,1,1,1,0,0,1,0,0
0,34,61,2074,3,15.25,0,1,1,1,0,0,1,0,1,0,0
1,41,112,4592,2,37.333333333333336,1,1,1,0,0,1,0,0,1,0,1
0,67,112,7504,3,28.0,0,1,1,1,1,1,0,0,0,1,0
0,19,76,1444,2,25.333333333333332,0,1,1,0,0,0,1,1,0,0,0
0,63,100,6300,2,33.333333333333336,0,1,1,0,0,0,0,0,0,1,0
0,18,85,1530,3,21.25,0,0,1,1,1,0,0,1,0,0,1
0,1,21,21,2,7.0,0,0,1,0,0,0,0,0,0,0,0
0,11,94,1034,3,23.5,0,0,1,1,1,0,1,0,0,0,1
0,30,90,2700,2,30.0,1,0,1,0,0,0,0,0,1,0,0
0,23,75,1725,3,18.75,1,0,1,1,1,0,0,1,0,0,1
0,52,105,5460,3,26.25,0,0,1,1,0,0,1,0,0,1,1
0,13,20,260,3,5.0,1,1,1,1,0,1,0,1,0,0,0
0,54,63,3402,2,21.0,1,1,1,0,0,0,0,0,0,1,0
0,1,48,48,3,12.0,1,0,1,1,1,0,1,0,0,0,0
0,68,84,5712,2,28.0,0,1,1,0,0,0,0,0,0,1,0
0,3,64,192,2,21.333333333333332,1,0,1,0,0,0,0,0,0,0,0
0,1,68,68,2,22.666666666666668,1,1,1,0,1,1,0,0,0,0,1
0,34,63,2142,2,21.0,0,0,1,0,0,0,0,0,1,0,1
0,49,66,3234,3,16.5,1,0,1,1,1,0,0,0,0,1,0
0,23,20,460,2,6.666666666666667,0,1,1,0,0,0,0,1,0,0,0
0,46,85,3910,2,28.333333333333332,0,1,1,0,0,1,0,0,1,0,0
0,50,108,5400,3,27.0,1,1,1,1,1,0,1,0,0,1,0
0,1,45,45,2,15.0,1,0,0,1,1,0,0,0,0,0,1
0,24,80,1920,3,20.0,1,0,1,1,1,0,0,1,0,0,0
0,68,115,7820,2,38.333333333333336,1,1,1,0,0,0,0,0,0,1,0
0,31,21,651,3,5.25,0,0,1,1,1,0,0,0,1,0,0
0,64,50,3200,1,25.0,0,1,0,0,0,0,0,0,0,1,0
0,14,87,1218,2,29.0,0,1,1,0,1,0,0,1,0,0,1
0,59,52,3068,2,17.333333333333332,1,0,0,1,0,0,0,0,0,1,0
0,72,91,6552,2,30.333333333333332,1,1,1,0,0,1,0,0,0,1,0
0,4,98,392,2,32.666666666666664,0,1,1,0,0,0,0,0,0,0,1
0,32,84,2688,2,28.0,0,0,1,0,0,1,0,0,1,0,1
1,48,91,4368,2,30.333333333333332,1,0,1,0,1,1,0,0,1,0,0
0,72,110,7920,3,27.5,1,0,1,1,1,0,1,0,0,1,0
0,3,90,270,3,22.5,1,1,1,1,1,0,0,0,0,0,0
0,72,96,6912,2,32.0,0,1,1,0,0,1,0,0,0,1,0
0,18,84,1512,2,28.0,1,0,1,0,1,0,1,1,0,0,0
1,72,63,4536,1,31.5,1,0,0,0,0,0,0,0,0,1,0
1,32,86,2752,2,28.666666666666668,0,0,1,0,1,0,1,0,1,0,1
1,13,82,1066,2,27.333333333333332,0,0,1,0,0,0,0,1,0,0,1
0,7,30,210,1,15.0,0,1,0,0,0,1,0,0,0,0,0
0,6,56,336,3,14.0,0,1,1,1,1,0,1,0,0,0,1
0,4,55,220,3,13.75,0,0,1,1,1,0,0,0,0,0,0
0,13,20,260,3,5.0,0,1,1,1,1,0,0,1,0,0,0
0,64,104,6656,3,26.0,1,0,1,1,0,0,1,0,0,1,0
0,17,70,1190,3,17.5,0,0,1,1,0,0,1,1,0,0,0
0,40,51,2040,2,17.0,0,1,0,1,1,1,0,0,1,0,0
0,11,51,561,1,25.5,0,1,0,0,0,0,1,0,0,0,0
0,5,20,100,2,6.666666666666667,1,0,1,0,1,0,0,0,0,0,0
0,23,86,1978,2,28.666666666666668,0,1,1,0,1,0,0,1,0,0,0
0,68,77,5236,3,19.25,1,0,1,1,1,0,1,0,0,1,0
0,1,79,79,3,19.75,0,0,1,1,0,0,1,0,0,0,0
0,72,88,6336,2,29.333333333333332,1,1,1,0,1,0,0,0,0,1,0
0,57,41,2337,2,13.666666666666666,0,0,0,1,1,0,0,0,0,1,0
1,60,116,6960,2,38.666666666666664,0,0,1,0,0,1,0,0,0,1,0
1,6,45,270,2,15.0,1,0,1,0,0,0,0,0,0,0,0
0,55,90,4950,3,22.5,1,1,1,1,1,1,0,0,0,1,0
1,72,110,7920,2,36.666666666666664,0,0,1,0,0,0,1,0,0,1,0
0,70,68,4760,2,22.666666666666668,1,0,1,0,0,0,0,0,0,1,0
0,17,89,1513,3,22.25,1,1,1,1,1,0,0,1,0,0,1
0,9,60,540,3,15.0,1,0,1,1,1,0,0,0,0,0,0
0,51,60,3060,3,15.0,1,1,1,1,1,0,0,0,0,1,0
0,67,70,4690,3,17.5,0,1,1,1,1,1,0,0,0,1,0
0,1,76,76,2,25.333333333333332,0,0,1,0,0,0,0,0,0,0,1
0,3,25,75,2,8.333333333333334,0,0,0,1,0,1,0,0,0,0,1
0,6,51,306,1,25.5,0,0,0,0,1,0,0,0,0,0,0
0,10,66,660,2,22.0,0,1,1,0,1,0,0,0,0,0,0
0,21,86,1806,2,28.666666666666668,0,0,1,0,0,1,0,1,0,0,0
0,13,94,1222,2,31.333333333333332,0,0,1,0,0,0,1,1,0,0,1
0,51,75,3825,2,25.0,1,0,1,0,0,0,0,0,0,1,0
0,71,20,1420,2,6.666666666666667,0,1,1,0,0,0,0,0,0,1,0
0,1,80,80,2,26.666666666666668,1,0,1,0,0,0,0,0,0,0,1
1,65,99,6435,3,24.75,1,0,1,1,0,1,0,0,0,1,0
0,65,72,4680,2,24.0,1,1,1,0,0,1,0,0,0,1,1
0,64,24,1536,2,8.0,0,0,1,0,0,0,0,0,0,1,0
0,38,71,2698,3,17.75,1,0,1,1,1,0,0,0,1,0,0
0,56,110,6160,2,36.666666666666664,0,0,1,0,0,0,0,0,0,1,0
0,9,69,621,2,23.0,0,1,1,0,1,0,0,0,0,0,0
0,38,20,760,2,6.666666666666667,0,0,1,0,0,1,0,0,1,0,0
0,44,55,2420,2,18.333333333333332,1,1,1,0,1,0,0,0,1,0,0
0,71,80,5680,2,26.666666666666668,1,0,1,0,1,1,0,0,0,1,0
0,57,100,5700,2,33.333333333333336,0,0,1,0,0,0,0,0,0,1,0
0,43,49,2107,2,16.333333333333332,0,0,0,1,1,0,0,0,1,0,1
0,7,87,609,3,21.75,1,0,1,1,0,0,0,0,0,0,1
0,2,80,160,2,26.666666666666668,0,0,1,0,0,1,0,0,0,0,1
0,50,25,1250,2,8.333333333333334,1,0,1,0,1,0,0,0,0,1,0
0,72,83,5976,2,27.666666666666668,0,0,1,0,0,0,0,0,0,1,0
0,13,89,1157,2,29.666666666666668,0,1,1,0,1,0,0,1,0,0,0
0,19,70,1330,2,23.333333333333332,1,0,1,0,0,0,0,1,0,0,0
0,30,21,630,2,7.0,1,1,1,0,1,0,0,0,1,0,0
0,58,106,6148,2,35.333333333333336,0,0,1,0,0,0,0,0,0,1,1
0,7,21,147,2,7.0,1,1,1,0,1,0,0,0,0,0,0
0,55,20,1100,2,6.666666666666667,1,1,1,0,0,0,0,0,0,1,0
0,15,20,300,3,5.0,1,1,1,1,0,0,0,1,0,0,0
0,68,89,6052,3,22.25,1,1,1,1,1,0,0,0,0,1,0
0,54,100,5400,2,33.333333333333336,0,0,1,0,0,0,0,0,0,1,1
0,25,48,1200,2,16.0,0,0,0,1,0,0,0,0,1,0,0
0,1,84,84,2,28.0,0,0,1,0,0,0,0,0,0,0,1
0,72,21,1512,2,7.0,1,0,1,0,0,0,0,0,0,1,0
0,63,72,4536,2,24.0,1,0,1,0,0,0,0,0,0,1,0
0,42,20,840,3,5.0,1,1,1,1,1,1,0,0,1,0,0
1,37,37,1369,1,18.5,1,0,0,0,0,1,0,0,1,0,0
0,4,20,80,3,5.0,0,0,1,1,1,0,0,0,0,0,1
0,13,19,247,3,4.75,1,0,1,1,1,1,0,1,0,0,0
0,3,21,63,3,5.25,0,0,1,1,1,0,0,0,0,0,0
0,1,51,51,2,17.0,0,0,1,0,1,0,1,0,0,0,1
0,68,90,6120,3,22.5,0,0,1,1,1,0,0,0,0,1,0
0,10,60,600,2,20.0,1,0,1,0,0,1,0,0,0,0,0
0,62,81,5022,2,27.0,1,1,1,0,0,0,1,0,0,1,0
0,49,20,980,3,5.0,1,0,1,1,1,0,0,0,0,1,0
0,46,20,920,2,6.666666666666667,1,1,1,0,1,1,0,0,1,0,0
0,52,64,3328,1,32.0,1,0,0,0,0,0,0,0,0,1,0
0,26,82,2132,3,20.5,0,1,1,1,0,0,0,0,1,0,0
0,8,20,160,2,6.666666666666667,0,1,1,0,0,0,1,0,0,0,0
0,2,76,152,2,25.333333333333332,0,0,1,0,0,0,0,0,0,0,1
0,69,20,1380,2,6.666666666666667,0,1,1,0,0,0,0,0,0,1,0
0,4,29,116,2,9.666666666666666,0,0,0,1,0,0,1,0,0,0,0
0,11,76,836,2,25.333333333333332,1,0,1,0,1,0,0,0,0,0,0
1,9,49,441,3,12.25,1,0,1,1,1,0,0,0,0,0,0
0,29,69,2001,2,23.0,0,0,1,0,0,0,1,0,1,0,1
1,60,93,5580,2,31.0,1,1,1,0,0,0,0,0,0,1,0
1,27,31,837,1,15.5,1,0,0,0,0,1,0,0,1,0,1
0,57,20,1140,2,6.666666666666667,1,1,1,0,0,0,0,0,0,1,0
0,1,74,74,3,18.5,0,1,1,1,0,0,1,0,0,0,1
0,1,92,92,2,30.666666666666668,0,0,1,0,0,0,0,0,0,0,1
1,72,65,4680,2,21.666666666666668,1,1,0,1,1,0,0,0,0,1,0
0,31,91,2821,2,30.333333333333332,0,1,1,0,1,0,0,0,1,0,1
0,52,59,3068,3,14.75,0,0,1,1,1,0,1,0,0,1,0
1,48,59,2832,3,14.75,0,0,1,1,0,0,1,0,1,0,0
0,22,89,1958,2,29.666666666666668,0,0,1,0,0,0,0,1,0,0,1
0,13,75,975,2,25.0,0,0,1,0,0,0,0,1,0,0,1
0,6,80,480,2,26.666666666666668,1,0,1,0,0,0,0,0,0,0,0
0,7,54,378,3,13.5,0,0,1,1,1,1,0,0,0,0,0
0,71,109,7739,3,27.25,0,1,1,1,1,0,0,0,0,1,0
0,3,70,210,2,23.333333333333332,1,1,1,0,0,0,1,0,0,0,1
0,48,64,3072,3,16.0,1,1,1,1,1,0,0,0,1,0,0
0,9,55,495,2,18.333333333333332,1,1,1,0,0,1,0,0,0,0,0
1,7,74,518,3,18.5,1,0,1,1,0,0,1,0,0,0,1
0,18,35,630,1,17.5,0,1,0,0,0,0,0,1,0,0,1
1,11,60,660,2,20.0,1,0,1,0,1,1,0,0,0,0,0
0,9,85,765,2,28.333333333333332,0,0,1,0,1,0,0,0,0,0,0
1,10,79,790,3,19.75,1,0,1,1,1,1,0,0,0,0,1
1,26,85,2210,3,21.25,0,0,1,1,0,0,1,0,1,0,1
0,7,44,308,2,14.666666666666666,1,0,1,0,0,0,1,0,0,0,0
0,46,104,4784,2,34.666666666666664,0,0,1,0,0,0,0,0,1,0,0
0,27,26,702,2,8.666666666666666,1,1,1,0,0,0,1,0,1,0,0
0,1,70,70,2,23.333333333333332,1,0,1,0,1,0,0,0,0,0,1
1,40,56,2240,1,28.0,0,0,0,0,0,0,0,0,1,0,1
0,49,75,3675,2,25.0,1,1,1,0,0,0,1,0,0,1,1
0,68,108,7344,3,27.0,1,0,1,1,0,0,1,0,0,1,1
0,18,58,1044,2,19.333333333333332,0,1,1,0,0,0,0,1,0,0,0
1,28,106,2968,3,26.5,0,0,1,1,1,1,0,0,1,0,1
0,72,101,7272,2,33.666666666666664,0,0,1,0,0,1,0,0,0,1,0
0,62,85,5270,2,28.333333333333332,0,0,1,0,1,1,0,0,0,1,0
0,34,25,850,2,8.333333333333334,0,1,1,0,0,0,0,0,1,0,0
0,46,56,2576,2,18.666666666666668,0,0,1,0,1,0,0,0,1,0,0
0,31,82,2542,2,27.333333333333332,1,0,1,0,0,0,0,0,1,0,0
0,27,100,2700,3,25.0,1,0,1,1,1,0,1,0,1,0,0
0,30,54,1620,3,13.5,1,1,1,1,1,0,0,0,1,0,0
0,11,86,946,2,28.666666666666668,1,1,1,0,1,0,1,0,0,0,0
1,46,110,5060,2,36.666666666666664,0,0,1,0,0,1,0,0,1,0,1
0,44,50,2200,3,12.5,0,0,1,1,1,0,0,0,1,0,0
0,42,68,2856,3,17.0,0,0,1,1,0,0,0,0,1,0,0
0,18,50,900,3,12.5,1,0,1,1,1,0,0,1,0,0,1
0,50,19,950,3,4.75,0,0,1,1,0,1,0,0,0,1,0
0,7,51,357,3,12.75,0,1,1,1,1,0,0,0,0,0,0
0,66,90,5940,2,30.0,0,1,1,0,0,0,0,0,0,1,0
0,26,46,1196,1,23.0,0,1,0,0,0,0,0,0,1,0,0
0,1,69,69,2,23.0,1,0,1,0,0,1,0,0,0,0,1
0,67,93,6231,2,31.0,1,0,1,0,0,0,0,0,0,1,0
0,26,100,2600,3,25.0,0,0,1,1,0,0,0,0,1,0,0
0,52,95,4940,2,31.666666666666668,0,0,1,0,0,0,0,0,0,1,0
0,12,77,924,2,25.666666666666668,0,1,1,0,0,0,0,0,0,0,0
1,10,73,730,3,18.25,1,0,1,1,1,0,0,0,0,0,1
0,1,44,44,2,14.666666666666666,0,0,1,0,1,0,0,0,0,0,0
1,47,67,3149,2,22.333333333333332,0,0,1,0,0,0,1,0,1,0,0
0,57,90,5130,3,22.5,1,0,1,1,1,0,0,0,0,1,0
0,1,71,71,2,23.666666666666668,0,0,1,0,0,1,0,0,0,0,1
1,72,114,8208,3,28.5,1,0,1,1,1,0,0,0,0,1,0
1,45,34,1530,1,17.0,0,0,0,0,1,1,0,0,1,0,0
0,38,20,760,3,5.0,0,0,1,1,1,0,0,0,1,0,0
0,1,90,90,2,30.0,1,1,1,0,1,0,0,0,0,0,0
0,17,81,1377,2,27.0,1,1,1,0,0,0,0,1,0,0,0
0,59,76,4484,3,19.0,0,1,1,1,0,1,0,0,0,1,0
0,15,101,1515,3,25.25,1,0,1,1,0,0,0,1,0,0,1
0,32,73,2336,3,18.25,1,0,1,1,0,1,0,0,1,0,0
0,43,20,860,3,5.0,1,0,1,1,1,0,1,0,1,0,0
1,71,25,1775,3,6.25,1,0,1,1,1,0,0,0,0,1,0
0,54,115,6210,2,38.333333333333336,0,0,1,0,0,0,0,0,0,1,0
0,5,81,405,3,20.25,0,0,1,1,1,0,0,0,0,0,1
0,14,20,280,3,5.0,0,1,1,1,1,0,0,1,0,0,0
0,62,100,6200,2,33.333333333333336,0,1,1,0,0,1,0,0,0,1,1
1,72,90,6480,2,30.0,0,1,1,0,0,0,0,0,0,1,0
0,42,108,4536,3,27.0,1,0,1,1,0,0,1,0,1,0,0
1,72,26,1872,2,8.666666666666666,0,0,1,0,0,1,0,0,0,1,0
0,30,25,750,3,6.25,0,1,1,1,0,1,0,0,1,0,0
0,40,97,3880,3,24.25,1,0,1,1,0,0,1,0,1,0,1
0,25,35,875,2,11.666666666666666,0,1,0,1,1,0,0,0,1,0,0
0,65,67,4355,2,22.333333333333332,1,0,1,0,0,0,1,0,0,1,0
0,14,20,280,2,6.666666666666667,0,0,1,0,0,0,1,1,0,0,0
0,35,20,700,3,5.0,0,1,1,1,0,0,0,0,1,0,0
0,30,70,2100,2,23.333333333333332,0,0,1,0,0,1,0,0,1,0,0
0,30,86,2580,3,21.5,0,1,1,1,0,1,0,0,1,0,0
0,64,100,6400,2,33.333333333333336,1,0,1,0,0,1,0,0,0,1,0
0,71,90,6390,2,30.0,1,1,1,0,1,0,0,0,0,1,0
0,3,37,111,1,18.5,1,0,0,0,0,0,1,0,0,0,1
0,8,75,600,2,25.0,1,0,1,0,1,0,0,0,0,0,0
0,13,99,1287,3,24.75,1,0,1,1,1,0,0,1,0,0,1
0,48,25,1200,2,8.333333333333334,0,0,1,0,0,0,0,0,1,0,0
0,26,85,2210,3,21.25,1,0,1,1,1,0,0,0,1,0,0
0,36,76,2736,2,25.333333333333332,0,0,1,0,0,1,0,0,1,0,0
0,50,70,3500,2,23.333333333333332,0,1,1,0,0,0,0,0,0,1,0
0,49,55,2695,2,18.333333333333332,1,0,1,0,0,0,0,0,0,1,0
1,43,101,4343,2,33.666666666666664,1,0,1,0,0,1,0,0,1,0,0
0,8,19,152,2,6.333333333333333,1,1,1,0,0,0,0,0,0,0,0
0,2,61,122,3,15.25,0,1,1,1,0,1,0,0,0,0,0
0,53,86,4558,2,28.666666666666668,1,1,1,0,1,0,0,0,0,1,0
0,64,97,6208,3,24.25,0,0,1,1,1,0,0,0,0,1,0
0,17,56,952,3,14.0,1,0,1,1,1,0,0,1,0,0,0
0,53,20,1060,3,5.0,1,0,1,1,0,1,0,0,0,1,0
0,1,51,51,2,17.0,1,0,1,0,0,0,1,0,0,0,0
0,48,100,4800,3,25.0,0,1,1,1,1,0,0,0,1,0,0
0,8,38,304,1,19.0,0,1,0,0,1,0,0,0,0,0,0
0,10,91,910,3,22.75,0,1,1,1,0,0,1,0,0,0,0
0,40,81,3240,2,27.0,1,0,1,0,0,0,1,0,1,0,0
0,32,74,2368,3,18.5,0,1,1,1,1,0,1,0,1,0,0
1,41,95,3895,3,23.75,1,0,1,1,1,0,0,0,1,0,0
0,25,100,2500,2,33.333333333333336,0,0,1,0,0,1,0,0,1,0,1
0,22,89,1958,3,22.25,1,1,1,1,0,0,0,1,0,0,0
0,24,25,600,3,6.25,1,0,1,1,0,1,0,1,0,0,0
0,24,60,1440,2,20.0,1,0,1,0,1,0,0,1,0,0,0
1,64,75,4800,3,18.75,0,0,1,1,1,0,1,0,0,1,0
0,3,108,324,3,27.0,1,0,1,1,1,0,0,0,0,0,0
1,63,109,6867,2,36.333333333333336,1,0,1,0,1,1,0,0,0,1,0
0,13,53,689,2,17.666666666666668,0,1,1,0,1,0,0,1,0,0,0
0,20,55,1100,1,27.5,1,0,0,0,1,0,0,1,0,0,0
0,54,86,4644,3,21.5,0,1,1,1,0,0,0,0,0,1,0
0,38,20,760,2,6.666666666666667,0,1,1,0,0,0,1,0,1,0,0
1,1,70,70,3,17.5,1,0,1,1,1,0,0,0,0,0,1
0,67,44,2948,1,22.0,1,0,0,0,0,1,0,0,0,1,0
0,53,64,3392,2,21.333333333333332,1,1,1,0,0,0,1,0,0,1,0
0,29,26,754,2,8.666666666666666,0,1,1,0,0,0,0,0,1,0,0
0,14,56,784,2,18.666666666666668,0,0,1,0,0,0,0,1,0,0,0
0,48,60,2880,3,15.0,0,0,1,1,1,0,0,0,1,0,1
0,48,70,3360,2,23.333333333333332,0,0,1,0,0,0,0,0,1,0,0
0,1,60,60,2,20.0,1,1,1,0,0,0,1,0,0,0,0
0,44,25,1100,2,8.333333333333334,1,1,1,0,0,0,0,0,1,0,0
0,45,96,4320,3,24.0,1,1,1,1,1,0,0,0,1,0,0
0,56,74,4144,2,24.666666666666668,0,0,1,0,1,0,0,0,0,1,1
0,14,31,434,2,10.333333333333334,1,0,0,1,0,0,1,1,0,0,0
0,2,71,142,3,17.75,1,0,1,1,0,0,0,0,0,0,0
1,36,54,1944,2,18.0,1,0,1,0,1,0,0,0,1,0,0
0,5,40,200,2,13.333333333333334,0,0,0,1,0,1,0,0,0,0,1
0,69,61,4209,3,15.25,0,1,1,1,0,0,0,0,0,1,0
0,62,108,6696,2,36.0,1,1,1,0,0,0,0,0,0,1,0
0,1,20,20,3,5.0,0,0,1,1,1,0,1,0,0,0,0
0,34,65,2210,3,16.25,0,0,1,1,1,0,0,0,1,0,0
0,16,81,1296,3,20.25,1,0,1,1,0,0,0,1,0,0,0
0,14,19,266,2,6.333333333333333,0,1,1,0,0,0,1,1,0,0,0
0,49,98,4802,2,32.666666666666664,1,1,1,0,1,0,0,0,0,1,0
0,2,80,160,2,26.666666666666668,1,0,1,0,1,0,0,0,0,0,1
0,26,19,494,2,6.333333333333333,1,1,1,0,0,0,0,0,1,0,0
0,22,96,2112,3,24.0,1,0,1,1,0,1,0,1,0,0,0
0,33,74,2442,3,18.5,1,1,1,1,1,0,0,0,1,0,1
0,4,20,80,2,6.666666666666667,1,1,1,0,0,1,0,0,0,0,0
0,19,20,380,2,6.666666666666667,1,0,1,0,0,0,1,1,0,0,0
0,57,90,5130,3,22.5,1,1,1,1,0,0,0,0,0,1,0
0,51,86,4386,3,21.5,1,0,1,1,0,0,1,0,0,1,0
0,1,44,44,2,14.666666666666666,1,0,1,0,0,0,1,0,0,0,1
0,3,90,270,2,30.0,1,0,1,0,0,1,0,0,0,0,0
0,15,46,690,2,15.333333333333334,0,0,0,1,1,0,0,1,0,0,0
0,52,80,4160,3,20.0,1,0,1,1,1,0,0,0,0,1,0
0,56,100,5600,3,25.0,1,0,1,1,1,0,0,0,0,1,1
0,3,77,231,3,19.25,1,0,1,1,1,0,0,0,0,0,1
0,26,35,910,1,17.5,0,0,0,0,1,0,0,0,1,0,0
0,68,111,7548,2,37.0,0,0,1,0,1,0,1,0,0,1,0
0,4,51,204,2,17.0,0,0,1,0,0,0,0,0,0,0,0
0,72,26,1872,2,8.666666666666666,1,1,1,0,0,1,0,0,0,1,0
0,40,106,4240,2,35.333333333333336,0,0,1,0,1,0,0,0,1,0,0
1,66,100,6600,2,33.333333333333336,1,1,1,0,1,0,0,0,0,1,1
1,19,105,1995,2,35.0,0,0,1,0,0,0,0,1,0,0,0
0,42,20,840,2,6.666666666666667,1,0,1,0,1,0,0,0,1,0,0
0,34,98,3332,3,24.5,1,1,1,1,0,0,0,0,1,0,0
0,1,81,81,3,20.25,0,0,1,1,0,1,0,0,0,0,1
0,72,89,6408,3,22.25,1,1,1,1,1,0,0,0,0,1,0
0,51,20,1020,3,5.0,0,0,1,1,0,0,0,0,0,1,0
1,55,85,4675,3,21.25,0,0,1,1,1,0,1,0,0,1,1
0,66,102,6732,3,25.5,0,1,1,1,1,0,0,0,0,1,1
1,30,90,2700,2,30.0,0,0,1,0,0,0,0,0,1,0,0
1,34,90,3060,3,22.5,1,0,1,1,1,0,1,0,1,0,0
0,55,78,4290,3,19.5,0,0,1,1,1,0,0,0,0,1,1
0,54,95,5130,2,31.666666666666668,0,0,1,0,1,0,0,0,0,1,0
0,57,39,2223,1,19.5,1,0,0,0,1,0,0,0,0,1,1
0,11,74,814,3,18.5,1,1,1,1,1,0,0,0,0,0,1
0,2,20,40,2,6.666666666666667,1,0,1,0,0,0,0,0,0,0,0
1,4,69,276,2,23.0,1,0,1,0,0,1,0,0,0,0,0
0,72,91,6552,2,30.333333333333332,0,1,1,0,0,0,0,0,0,1,0
0,48,20,960,2,6.666666666666667,1,0,1,0,0,0,0,0,1,0,0
0,26,21,546,2,7.0,1,0,1,0,0,1,0,0,1,0,0
0,15,20,300,3,5.0,0,1,1,1,1,0,1,1,0,0,0
0,15,83,1245,3,20.75,0,0,1,1,0,0,1,1,0,0,0
0,64,102,6528,3,25.5,1,0,1,1,1,0,0,0,0,1,0
0,71,111,7881,3,27.75,0,0,1,1,0,0,1,0,0,1,0
0,63,69,4347,2,23.0,1,0,1,0,0,0,1,0,0,1,0
0,64,104,6656,2,34.666666666666664,0,1,1,0,0,1,0,0,0,1,0
0,45,76,3420,3,19.0,1,0,1,1,1,0,0,0,1,0,0
0,4,20,80,3,5.0,0,0,1,1,1,0,0,0,0,0,0
0,31,90,2790,3,22.5,0,0,1,1,1,0,0,0,1,0,1
0,68,110,7480,3,27.5,1,0,1,1,0,0,1,0,0,1,1
0,25,82,2050,2,27.333333333333332,1,0,1,0,0,0,0,0,1,0,0
0,72,25,1800,2,8.333333333333334,1,1,1,0,0,0,1,0,0,1,0
0,36,56,2016,3,14.0,0,0,1,1,0,0,1,0,1,0,0
0,1,44,44,2,14.666666666666666,1,0,1,0,0,1,0,0,0,0,0
0,0,25,0,2,8.333333333333334,1,1,1,0,0,0,1,0,0,0,0
0,25,20,500,3,5.0,0,0,1,1,1,0,0,0,1,0,0
0,8,19,152,3,4.75,0,0,1,1,1,0,0,0,0,0,0
0,37,75,2775,3,18.75,0,1,1,1,1,1,0,0,1,0,0
1,4,95,380,3,23.75,1,0,1,1,0,1,0,0,0,0,0
0,28,83,2324,3,20.75,0,1,1,1,0,0,0,0,1,0,0
0,37,45,1665,1,22.5,0,0,0,0,0,1,0,0,1,0,0
0,1,49,49,3,12.25,1,1,1,1,0,1,0,0,0,0,0
0,25,20,500,2,6.666666666666667,0,1,1,0,1,1,0,0,1,0,0
0,26,98,2548,3,24.5,1,0,1,1,1,0,0,0,1,0,1
1,9,81,729,2,27.0,0,0,1,0,0,0,0,0,0,0,1
0,21,103,2163,3,25.75,0,1,1,1,0,0,1,1,0,0,1
1,19,80,1520,3,20.0,1,0,1,1,1,0,0,1,0,0,1
0,18,34,612,2,11.333333333333334,1,0,0,1,1,0,0,1,0,0,0
0,32,108,3456,2,36.0,1,0,1,0,1,0,0,0,1,0,1
1,23,35,805,2,11.666666666666666,1,0,0,1,0,1,0,1,0,0,0
0,55,75,4125,2,25.0,0,1,1,0,1,0,0,0,0,1,0
0,43,26,1118,2,8.666666666666666,1,0,1,0,0,0,0,0,1,0,0
1,2,45,90,2,15.0,1,0,1,0,0,0,0,0,0,0,1
0,5,83,415,2,27.666666666666668,0,0,1,0,0,0,0,0,0,0,0
0,14,61,854,3,15.25,1,1,1,1,1,0,1,1,0,0,0
0,4,61,244,2,20.333333333333332,1,0,1,0,0,0,1,0,0,0,0
0,4,45,180,2,15.0,1,0,1,0,0,0,1,0,0,0,0
0,12,20,240,2,6.666666666666667,0,0,1,0,0,0,0,0,0,0,0
0,68,86,5848,3,21.5,0,0,1,1,1,0,0,0,0,1,0
0,10,86,860,3,21.5,1,0,1,1,1,0,0,0,0,0,1
0,53,95,5035,2,31.666666666666668,0,0,1,0,0,0,0,0,0,1,1
0,27,19,513,2,6.333333333333333,1,0,1,0,0,0,0,0,1,0,0
1,34,80,2720,2,26.666666666666668,0,1,1,0,0,1,0,0,1,0,1
1,11,85,935,3,21.25,0,0,1,1,1,1,0,0,0,0,1
0,64,26,1664,2,8.666666666666666,0,0,1,0,0,0,0,0,0,1,0
0,13,82,1066,2,27.333333333333332,0,0,1,0,1,0,1,1,0,0,0
0,3,20,60,3,5.0,1,1,1,1,0,0,1,0,0,0,0
0,24,90,2160,3,22.5,1,0,1,1,1,0,0,1,0,0,0
0,69,61,4209,3,15.25,0,0,1,1,1,0,0,0,0,1,0
0,20,96,1920,3,24.0,0,1,1,1,0,0,0,1,0,0,0
0,48,45,2160,2,15.0,0,0,0,1,0,0,1,0,1,0,0
0,13,54,702,1,27.0,1,0,0,0,0,0,1,1,0,0,1
1,5,86,430,2,28.666666666666668,1,0,1,0,1,0,0,0,0,0,0
0,5,70,350,3,17.5,0,1,1,1,1,1,0,0,0,0,0
1,1,74,74,2,24.666666666666668,1,0,1,0,0,1,0,0,0,0,0
0,30,94,2820,3,23.5,1,1,1,1,1,0,0,0,1,0,1
0,13,101,1313,2,33.666666666666664,1,0,1,0,1,0,0,1,0,0,0
0,61,94,5734,2,31.333333333333332,0,0,1,0,0,0,1,0,0,1,0
0,4,20,80,2,6.666666666666667,0,0,1,0,0,0,0,0,0,0,0
0,10,55,550,3,13.75,0,1,1,1,1,1,0,0,0,0,1
0,40,64,2560,3,16.0,0,0,1,1,1,0,0,0,1,0,0
0,43,66,2838,2,22.0,1,0,1,0,0,1,0,0,1,0,0
0,1,30,30,2,10.0,0,0,0,1,1,0,1,0,0,0,0
1,1,70,70,3,17.5,0,0,1,1,0,1,0,0,0,0,1
0,19,20,380,3,5.0,0,0,1,1,0,0,1,1,0,0,0
0,9,75,675,2,25.0,0,0,1,0,0,0,0,0,0,0,0
0,9,81,729,3,20.25,1,0,1,1,1,0,0,0,0,0,0
0,18,20,360,3,5.0,1,1,1,1,1,0,0,1,0,0,0
0,67,106,7102,3,26.5,0,0,1,1,1,0,0,0,0,1,0
0,13,44,572,3,11.0,0,0,1,1,1,1,0,1,0,0,0
0,5,70,350,2,23.333333333333332,1,0,1,0,1,0,0,0,0,0,1
1,33,110,3630,2,36.666666666666664,1,0,1,0,1,0,0,0,1,0,0
0,62,65,4030,2,21.666666666666668,0,0,1,0,0,1,0,0,0,1,0
0,72,101,7272,3,25.25,1,0,1,1,1,1,0,0,0,1,0
0,8,84,672,3,21.0,1,0,1,1,0,1,0,0,0,0,1
1,1,46,46,2,15.333333333333334,0,0,1,0,0,0,0,0,0,0,1
0,44,95,4180,2,31.666666666666668,0,0,1,0,0,0,0,0,1,0,0
0,17,97,1649,3,24.25,1,0,1,1,1,0,1,1,0,0,0
0,30,100,3000,3,25.0,0,1,1,1,0,0,1,0,1,0,1
0,69,26,1794,2,8.666666666666666,1,1,1,0,0,1,0,0,0,1,0
0,23,50,1150,3,12.5,0,0,1,1,1,0,1,1,0,0,0
0,2,86,172,3,21.5,0,0,1,1,0,1,0,0,0,0,1
1,3,45,135,3,11.25,0,0,1,1,1,0,0,0,0,0,1
0,30,75,2250,2,25.0,0,0,1,0,0,1,0,0,1,0,0
0,1,44,44,3,11.0,1,0,1,1,1,0,1,0,0,0,0
1,8,100,800,2,33.333333333333336,0,0,1,0,0,0,0,0,0,0,0
1,59,83,4897,2,27.666666666666668,1,0,1,0,1,0,0,0,0,1,0
1,7,51,357,2,17.0,0,0,1,0,0,0,0,0,0,0,0
0,37,95,3515,2,31.666666666666668,0,1,1,0,0,0,0,0,1,0,0
0,49,109,5341,2,36.333333333333336,1,1,1,0,1,0,0,0,0,1,0
0,26,82,2132,2,27.333333333333332,0,0,1,0,1,0,0,0,1,0,0
0,1,80,80,3,20.0,0,0,1,1,1,0,1,0,0,0,1
0,62,114,7068,2,38.0,0,0,1,0,0,0,1,0,0,1,0
0,36,95,3420,2,31.666666666666668,1,0,1,0,0,0,0,0,1,0,0
0,32,20,640,3,5.0,1,1,1,1,1,0,1,0,1,0,0
0,30,19,570,2,6.333333333333333,0,1,1,0,0,1,0,0,1,0,0
0,21,106,2226,2,35.333333333333336,1,0,1,0,1,1,0,1,0,0,1
0,66,106,6996,2,35.333333333333336,1,0,1,0,1,0,0,0,0,1,1
0,32,80,2560,2,26.666666666666668,1,0,1,0,1,0,0,0,1,0,1
1,3,80,240,2,26.666666666666668,0,0,1,0,1,0,0,0,0,0,1
0,69,20,1380,3,5.0,0,1,1,1,1,0,0,0,0,1,0
0,10,110,1100,3,27.5,1,0,1,1,1,0,1,0,0,0,1
1,1,69,69,3,17.25,0,0,1,1,0,0,0,0,0,0,1
0,69,91,6279,3,22.75,1,0,1,1,1,0,0,0,0,1,0
1,4,94,376,2,31.333333333333332,0,0,1,0,1,0,0,0,0,0,1
0,66,63,4158,3,15.75,1,1,1,1,1,1,0,0,0,1,0
0,35,24,840,2,8.0,0,0,0,1,0,1,0,0,1,0,0
0,22,105,2310,2,35.0,1,0,1,0,0,0,0,1,0,0,0
0,55,19,1045,2,6.333333333333333,0,1,1,0,0,0,0,0,0,1,0
0,9,81,729,2,27.0,1,0,1,0,1,0,0,0,0,0,1
0,55,90,4950,2,30.0,0,0,1,0,0,1,0,0,0,1,0
0,36,106,3816,3,26.5,0,0,1,1,1,1,0,0,1,0,0
1,27,81,2187,2,27.0,1,0,1,0,0,0,0,0,1,0,1
0,67,107,7169,3,26.75,0,1,1,1,1,0,0,0,0,1,0
1,54,102,5508,2,34.0,0,0,1,0,0,0,0,0,0,1,1
0,62,39,2418,1,19.5,1,0,0,0,0,1,0,0,0,1,0
0,56,52,2912,1,26.0,1,1,0,0,0,0,1,0,0,1,0
0,34,110,3740,2,36.666666666666664,0,0,1,0,0,0,0,0,1,0,1
0,33,86,2838,2,28.666666666666668,0,1,1,0,0,0,0,0,1,0,1
0,5,94,470,2,31.333333333333332,0,0,1,0,0,0,0,0,0,0,1
0,16,20,320,2,6.666666666666667,0,0,1,0,1,0,0,1,0,0,0
0,34,89,3026,2,29.666666666666668,1,0,1,0,0,0,0,0,1,0,0
1,58,106,6148,2,35.333333333333336,0,0,1,0,0,0,0,0,0,1,1
1,66,71,4686,2,23.666666666666668,0,0,1,0,0,0,0,0,0,1,0
0,37,20,740,2,6.666666666666667,1,0,1,0,0,0,0,0,1,0,0
0,6,46,276,2,15.333333333333334,0,1,1,0,0,1,0,0,0,0,0
0,65,74,4810,2,24.666666666666668,1,0,1,0,0,0,0,0,0,1,0
0,51,20,1020,2,6.666666666666667,1,0,1,0,0,0,0,0,0,1,0
0,2,45,90,2,15.0,1,0,1,0,0,0,0,0,0,0,1
0,18,68,1224,2,22.666666666666668,1,0,1,0,1,1,0,1,0,0,0
0,51,60,3060,3,15.0,0,0,1,1,0,0,0,0,0,1,0
0,15,100,1500,3,25.0,1,0,1,1,0,0,1,1,0,0,0
0,72,106,7632,3,26.5,1,1,1,1,1,0,1,0,0,1,0
0,12,19,228,2,6.333333333333333,1,1,1,0,1,0,0,0,0,0,0
0,60,40,2400,2,13.333333333333334,1,0,0,1,1,0,0,0,0,1,0
0,32,19,608,2,6.333333333333333,0,0,1,0,0,0,0,0,1,0,0
0,6,80,480,3,20.0,1,0,1,1,1,0,0,0,0,0,1
0,39,100,3900,3,25.0,1,1,1,1,1,0,1,0,1,0,0
0,2,75,150,3,18.75,1,0,1,1,1,0,0,0,0,0,0
0,71,79,5609,2,26.333333333333332,1,0,1,0,0,1,0,0,0,1,0
0,1,60,60,2,20.0,0,0,1,0,0,0,0,0,0,0,1
0,2,80,160,2,26.666666666666668,1,0,1,0,0,0,0,0,0,0,1
0,72,110,7920,3,27.5,0,1,1,1,1,0,0,0,0,1,0
0,41,69,2829,2,23.0,0,0,1,0,0,0,1,0,1,0,0
1,7,75,525,3,18.75,1,0,1,1,1,0,1,0,0,0,0
1,35,95,3325,3,23.75,1,0,1,1,1,1,0,0,1,0,0
0,31,80,2480,3,20.0,1,0,1,1,1,0,1,0,1,0,0
0,45,24,1080,2,8.0,1,1,1,0,0,1,0,0,1,0,0
0,15,93,1395,2,31.0,1,0,1,0,0,0,1,1,0,0,1
0,27,20,540,2,6.666666666666667,1,1,1,0,1,0,0,0,1,0,0
1,31,91,2821,2,30.333333333333332,0,0,1,0,0,1,0,0,1,0,0
0,41,66,2706,3,16.5,0,1,1,1,0,0,1,0,1,0,1
0,19,19,361,2,6.333333333333333,1,0,1,0,0,0,0,1,0,0,0
0,25,59,1475,1,29.5,0,1,0,0,0,1,0,0,1,0,1
0,15,105,1575,3,26.25,0,1,1,1,0,1,0,1,0,0,0
0,2,72,144,3,18.0,0,1,1,1,1,0,0,0,0,0,0
0,12,50,600,2,16.666666666666668,1,0,1,0,0,0,0,0,0,0,1
1,23,79,1817,2,26.333333333333332,0,0,1,0,1,0,1,1,0,0,0
0,22,20,440,2,6.666666666666667,0,1,1,0,1,0,0,1,0,0,0
0,71,101,7171,3,25.25,1,1,1,1,0,0,1,0,0,1,0
1,30,101,3030,3,25.25,0,1,1,1,1,0,0,0,1,0,0
0,20,19,380,3,4.75,0,0,1,1,0,0,1,1,0,0,0
0,1,56,56,2,18.666666666666668,1,0,1,0,0,0,0,0,0,0,0
0,68,85,5780,3,21.25,0,1,1,1,0,0,1,0,0,1,0
0,14,20,280,2,6.666666666666667,1,0,1,0,0,0,0,1,0,0,0
0,2,20,40,3,5.0,1,1,1,1,1,0,1,0,0,0,1
0,38,70,2660,3,17.5,1,0,1,1,1,0,0,0,1,0,0
0,18,20,360,3,5.0,1,0,1,1,0,1,0,1,0,0,0
0,31,104,3224,2,34.666666666666664,0,0,1,0,0,0,0,0,1,0,0
0,71,64,4544,2,21.333333333333332,0,1,1,0,1,0,0,0,0,1,0
0,67,110,7370,3,27.5,1,0,1,1,1,0,0,0,0,1,0
0,72,92,6624,3,23.0,1,0,1,1,0,0,1,0,0,1,0
1,32,106,3392,3,26.5,1,0,1,1,0,0,1,0,1,0,1
0,4,81,324,3,20.25,1,1,1,1,1,1,0,0,0,0,1
0,23,60,1380,2,20.0,0,0,1,0,1,0,0,1,0,0,0
0,66,67,4422,2,22.333333333333332,0,1,1,0,0,0,1,0,0,1,0
1,57,105,5985,2,35.0,1,0,1,0,0,0,1,0,0,1,0
0,36,90,3240,2,30.0,0,0,1,0,0,0,0,0,1,0,0
0,13,25,325,1,12.5,1,0,0,0,1,0,0,1,0,0,0
0,9,83,747,3,20.75,0,0,1,1,1,0,0,0,0,0,1
0,5,81,405,3,20.25,0,1,1,1,1,0,1,0,0,0,0
0,67,86,5762,3,21.5,0,0,1,1,0,0,1,0,0,1,0
0,4,75,300,3,18.75,1,0,1,1,0,0,1,0,0,0,1
0,1,70,70,3,17.5,0,0,1,1,0,0,0,0,0,0,1
0,31,20,620,2,6.666666666666667,0,1,1,0,0,0,1,0,1,0,1
0,3,43,129,3,10.75,1,0,1,1,0,0,1,0,0,0,1
0,4,79,316,2,26.333333333333332,0,1,1,0,0,1,0,0,0,0,0
0,33,95,3135,2,31.666666666666668,0,0,1,0,0,0,1,0,1,0,0
0,58,25,1450,2,8.333333333333334,0,1,1,0,0,0,0,0,0,1,0
0,25,25,625,2,8.333333333333334,1,1,1,0,0,0,1,0,1,0,0
0,4,76,304,2,25.333333333333332,1,0,1,0,0,0,0,0,0,0,1
1,51,94,4794,3,23.5,1,0,1,1,0,0,0,0,0,1,0
0,19,25,475,2,8.333333333333334,1,0,0,1,1,0,0,1,0,0,0
0,11,44,484,3,11.0,0,0,1,1,0,1,0,0,0,0,1
0,24,56,1344,2,18.666666666666668,0,0,1,0,0,0,0,1,0,0,0
0,18,74,1332,3,18.5,1,0,1,1,0,1,0,1,0,0,0
0,4,24,96,1,12.0,0,0,0,0,0,1,0,0,0,0,1
0,12,78,936,3,19.5,0,0,1,1,1,0,0,0,0,0,1
1,19,88,1672,2,29.333333333333332,1,0,1,0,0,0,1,1,0,0,1
1,31,97,3007,2,32.333333333333336,1,0,1,0,0,0,0,0,1,0,0
1,61,64,3904,2,21.333333333333332,1,0,1,0,0,0,0,0,0,1,0
1,8,70,560,2,23.333333333333332,1,0,1,0,0,1,0,0,0,0,0
0,49,87,4263,2,29.0,0,1,1,0,0,0,0,0,0,1,0
0,5,51,255,1,25.5,1,0,0,0,1,0,0,0,0,0,1
0,35,73,2555,3,18.25,1,1,1,1,1,0,1,0,1,0,0
0,70,116,8120,2,38.666666666666664,1,0,1,0,0,0,0,0,0,1,1
0,1,101,101,2,33.666666666666664,1,0,1,0,1,0,1,0,0,0,1
0,31,88,2728,2,29.333333333333332,0,0,1,0,0,0,1,0,1,0,0
1,13,74,962,2,24.666666666666668,0,0,1,0,0,0,0,1,0,0,1
0,28,51,1428,2,17.0,1,1,0,1,1,0,1,0,1,0,0
1,50,70,3500,3,17.5,1,0,1,1,1,0,0,0,0,1,0
1,22,20,440,2,6.666666666666667,0,0,1,0,0,1,0,1,0,0,0
0,36,61,2196,1,30.5,1,1,0,0,0,0,0,0,1,0,0
0,40,106,4240,3,26.5,1,0,1,1,1,0,0,0,1,0,0
0,19,50,950,2,16.666666666666668,1,1,1,0,0,0,0,1,0,0,0
0,4,81,324,3,20.25,0,1,1,1,0,0,1,0,0,0,1
0,35,86,3010,2,28.666666666666668,0,0,1,0,0,0,1,0,1,0,1
0,20,69,1380,3,17.25,0,0,1,1,1,0,0,1,0,0,0
0,11,20,220,2,6.666666666666667,1,0,1,0,0,1,0,0,0,0,0
0,9,20,180,2,6.666666666666667,0,1,1,0,0,0,1,0,0,0,0
0,71,99,7029,2,33.0,0,1,1,0,0,0,0,0,0,1,0
0,71,20,1420,2,6.666666666666667,0,1,1,0,0,0,1,0,0,1,0
0,71,113,8023,3,28.25,0,0,1,1,0,0,1,0,0,1,0
0,31,79,2449,2,26.333333333333332,0,0,1,0,1,0,0,0,1,0,0
1,1,70,70,3,17.5,0,0,1,1,0,0,0,0,0,0,1
0,31,76,2356,3,19.0,1,0,1,1,1,0,1,0,1,0,0
0,1,71,71,2,23.666666666666668,0,0,1,0,0,0,1,0,0,0,1
0,1,69,69,3,17.25,1,0,1,1,1,1,0,0,0,0,1
0,67,80,5360,3,20.0,1,1,1,1,1,0,0,0,0,1,1
1,43,94,4042,3,23.5,0,0,1,1,1,0,1,0,1,0,0
1,21,87,1827,2,29.0,1,0,1,0,0,0,0,1,0,0,0
0,61,106,6466,3,26.5,0,0,1,1,0,0,0,0,0,1,0
0,6,25,150,2,8.333333333333334,1,1,1,0,0,0,1,0,0,0,0
0,24,20,480,3,5.0,0,0,1,1,0,0,1,1,0,0,0
0,39,81,3159,3,20.25,1,0,1,1,1,0,0,0,1,0,0
0,65,25,1625,2,8.333333333333334,0,1,1,0,0,0,0,0,0,1,0
0,1,86,86,3,21.5,0,0,1,1,0,0,1,0,0,0,1
0,6,88,528,2,29.333333333333332,1,0,1,0,0,0,0,0,0,0,0
1,56,101,5656,2,33.666666666666664,0,0,1,0,1,0,0,0,0,1,1
0,23,69,1587,3,17.25,0,0,1,1,1,0,0,1,0,0,0
0,34,20,680,2,6.666666666666667,1,0,1,0,0,0,0,0,1,0,0
0,21,20,420,2,6.666666666666667,1,0,1,0,0,0,0,1,0,0,0
0,62,69,4278,3,17.25,1,0,1,1,0,1,0,0,0,1,0
0,62,20,1240,2,6.666666666666667,1,0,1,0,0,0,1,0,0,1,0
0,51,112,5712,2,37.333333333333336,0,0,1,0,0,1,0,0,0,1,0
0,18,57,1026,2,19.0,1,0,1,0,1,0,1,1,0,0,0
0,34,74,2516,3,18.5,0,0,1,1,1,0,0,0,1,0,1
0,61,94,5734,2,31.333333333333332,0,0,1,0,0,0,0,0,0,1,0
1,2,50,100,2,16.666666666666668,1,0,1,0,1,0,0,0,0,0,0
0,72,55,3960,2,18.333333333333332,1,1,1,0,0,0,0,0,0,1,0
0,53,110,5830,3,27.5,0,0,1,1,1,0,0,0,0,1,0
0,6,79,474,2,26.333333333333332,1,0,1,0,0,0,0,0,0,0,0
0,24,84,2016,3,21.0,0,0,1,1,1,0,1,1,0,0,0
0,68,71,4828,3,17.75,1,1,1,1,1,0,0,0,0,1,0
0,47,60,2820,1,30.0,0,1,0,0,0,1,0,0,1,0,0
1,47,86,4042,3,21.5,1,0,1,1,1,0,0,0,1,0,1
0,36,19,684,3,4.75,0,1,1,1,0,0,1,0,1,0,0
0,61,101,6161,3,25.25,0,1,1,1,0,1,0,0,0,1,0
0,72,79,5688,3,19.75,1,0,1,1,1,0,0,0,0,1,0
0,35,55,1925,2,18.333333333333332,0,1,1,0,1,0,0,0,1,0,0
0,25,27,675,2,9.0,0,0,1,0,0,1,0,0,1,0,0
1,35,101,3535,3,25.25,1,0,1,1,0,0,1,0,1,0,1
0,24,58,1392,1,29.0,0,1,0,0,0,0,0,1,0,0,0
0,56,25,1400,3,6.25,1,0,1,1,1,0,0,0,0,1,1
1,26,94,2444,3,23.5,1,0,1,1,1,0,0,0,1,0,0
0,72,80,5760,2,26.666666666666668,0,0,1,0,0,0,0,0,0,1,0
0,37,65,2405,3,16.25,0,0,1,1,0,0,0,0,1,0,0
0,7,74,518,3,18.5,1,0,1,1,1,0,0,0,0,0,1
0,69,79,5451,2,26.333333333333332,1,0,1,0,1,0,0,0,0,1,1
0,8,20,160,2,6.666666666666667,1,1,1,0,1,0,0,0,0,0,0
0,12,30,360,1,15.0,0,1,0,0,1,0,0,0,0,0,0
0,44,26,1144,2,8.666666666666666,1,1,1,0,1,0,0,0,1,0,0
0,72,81,5832,2,27.0,1,1,1,0,0,0,0,0,0,1,0
0,56,94,5264,2,31.333333333333332,1,0,1,0,0,0,0,0,0,1,1
0,10,20,200,2,6.666666666666667,0,0,1,0,0,0,1,0,0,0,0
1,1,69,69,2,23.0,1,0,1,0,0,0,0,0,0,0,1
0,47,54,2538,2,18.0,1,1,1,0,0,0,0,0,1,0,0
0,44,20,880,3,5.0,1,0,1,1,1,0,1,0,1,0,0
0,3,78,234,2,26.0,1,0,1,0,0,0,0,0,0,0,1
0,8,71,568,3,17.75,0,0,1,1,1,0,1,0,0,0,1
0,16,21,336,3,5.25,1,0,1,1,1,0,0,1,0,0,0
0,72,82,5904,3,20.5,1,1,1,1,1,0,1,0,0,1,0
0,1,46,46,2,15.333333333333334,0,0,1,0,0,1,0,0,0,0,1
1,71,89,6319,2,29.666666666666668,0,0,1,0,0,0,0,0,0,1,0
1,56,68,3808,2,22.666666666666668,0,0,1,0,0,0,1,0,0,1,0
0,11,65,715,3,16.25,1,1,1,1,1,0,0,0,0,0,0
0,60,81,4860,2,27.0,0,0,1,0,0,1,0,0,0,1,0
1,42,105,4410,2,35.0,0,0,1,0,0,0,1,0,1,0,0
0,2,51,102,3,12.75,0,0,1,1,0,1,0,0,0,0,0
0,9,20,180,2,6.666666666666667,0,0,1,0,0,1,0,0,0,0,0
0,1,75,75,2,25.0,1,0,1,0,1,0,1,0,0,0,0
0,52,50,2600,1,25.0,1,1,0,0,1,0,0,0,0,1,0
1,35,99,3465,2,33.0,1,0,1,0,0,1,0,0,1,0,1
0,20,19,380,2,6.333333333333333,1,1,1,0,1,1,0,1,0,0,1
0,15,75,1125,3,18.75,0,0,1,1,1,0,0,1,0,0,0
0,17,71,1207,2,23.666666666666668,1,0,1,0,0,1,0,1,0,0,0
0,30,90,2700,2,30.0,1,0,1,0,1,0,0,0,1,0,1
0,1,96,96,3,24.0,0,0,1,1,1,0,0,0,0,0,0
0,10,85,850,2,28.333333333333332,1,0,1,0,1,0,0,0,0,0,1
0,13,70,910,2,23.333333333333332,0,0,1,0,0,0,0,1,0,0,0
0,4,100,400,3,25.0,1,0,1,1,0,0,1,0,0,0,1
1,3,70,210,2,23.333333333333332,0,0,1,0,0,0,0,0,0,0,1
0,59,80,4720,2,26.666666666666668,0,0,1,0,1,0,0,0,0,1,0
0,2,70,140,2,23.333333333333332,0,0,1,0,0,0,0,0,0,0,1
0,14,81,1134,2,27.0,0,1,1,0,0,0,0,1,0,0,0
0,1,25,25,1,12.5,1,0,0,0,0,0,0,0,0,0,1
1,43,103,4429,3,25.75,1,0,1,1,1,0,0,0,1,0,1
0,16,75,1200,3,18.75,0,0,1,1,1,0,0,1,0,0,0
1,53,54,2862,2,18.0,1,0,0,1,0,0,1,0,0,1,1
0,4,25,100,2,8.333333333333334,0,1,1,0,0,1,0,0,0,0,0
0,16,75,1200,2,25.0,0,0,1,0,0,0,0,1,0,0,0
0,43,55,2365,2,18.333333333333332,0,0,1,0,1,0,0,0,1,0,0
1,8,81,648,3,20.25,1,0,1,1,1,0,0,0,0,0,1
0,6,49,294,3,12.25,1,1,1,1,1,1,0,0,0,0,0
0,72,112,8064,2,37.333333333333336,0,0,1,0,0,0,0,0,0,1,0
0,60,50,3000,1,25.0,0,1,0,0,0,1,0,0,0,1,0
0,0,20,0,3,5.0,1,1,1,1,1,0,0,0,0,0,0
0,55,90,4950,2,30.0,0,0,1,0,0,0,0,0,0,1,0
0,56,99,5544,3,24.75,0,0,1,1,1,0,0,0,0,1,0
0,2,62,124,2,20.666666666666668,1,0,1,0,0,0,0,0,0,0,1
0,64,105,6720,2,35.0,0,0,1,0,0,0,1,0,0,1,0
0,42,74,3108,2,24.666666666666668,0,0,1,0,1,0,0,0,1,0,1
0,5,49,245,3,12.25,0,1,1,1,0,0,1,0,0,0,0
0,72,117,8424,2,39.0,1,1,1,0,0,1,0,0,0,1,0
1,33,81,2673,3,20.25,0,0,1,1,1,0,0,0,1,0,1
1,32,85,2720,3,21.25,1,0,1,1,1,0,1,0,1,0,1
0,5,20,100,2,6.666666666666667,1,1,1,0,0,0,0,0,0,0,0
0,3,74,222,2,24.666666666666668,0,0,1,0,0,0,0,0,0,0,1
1,6,84,504,3,21.0,0,0,1,1,0,0,1,0,0,0,1
0,69,106,7314,3,26.5,1,0,1,1,1,0,0,0,0,1,1
0,13,80,1040,2,26.666666666666668,0,0,1,0,0,1,0,1,0,0,0
0,22,75,1650,2,25.0,1,1,1,0,0,0,0,1,0,0,0
0,61,70,4270,2,23.333333333333332,1,0,1,0,0,0,1,0,0,1,0
1,33,59,1947,2,19.666666666666668,0,0,0,1,0,1,0,0,1,0,0
0,41,73,2993,3,18.25,1,0,1,1,1,0,1,0,1,0,1
0,45,113,5085,3,28.25,0,0,1,1,1,0,0,0,1,0,0
1,70,90,6300,2,30.0,1,0,1,0,0,1,0,0,0,1,0
0,55,58,3190,3,14.5,1,1,1,1,0,1,0,0,0,1,1
0,52,44,2288,1,22.0,1,1,0,0,0,0,1,0,0,1,0
0,3,40,120,1,20.0,1,0,0,0,1,0,0,0,0,0,1
0,30,100,3000,3,25.0,0,0,1,1,1,0,1,0,1,0,1
1,70,45,3150,1,22.5,1,0,0,0,0,0,0,0,0,1,1
0,9,93,837,2,31.0,0,1,1,0,0,0,0,0,0,0,0
0,21,20,420,3,5.0,1,1,1,1,1,0,0,1,0,0,0
0,55,76,4180,2,25.333333333333332,0,1,1,0,0,0,0,0,0,1,0
0,41,65,2665,2,21.666666666666668,1,0,1,0,0,1,0,0,1,0,0
0,62,26,1612,2,8.666666666666666,0,1,1,0,0,1,0,0,0,1,0
0,1,80,80,2,26.666666666666668,0,0,1,0,0,0,0,0,0,0,1
1,67,55,3685,2,18.333333333333332,0,0,1,0,0,0,1,0,0,1,0
0,63,80,5040,3,20.0,0,0,1,1,1,0,0,0,0,1,0
0,38,69,2622,2,23.0,1,0,1,0,0,0,0,0,1,0,0
0,70,58,4060,2,19.333333333333332,0,0,0,1,1,0,0,0,0,1,0
0,38,20,760,3,5.0,1,1,1,1,1,0,0,0,1,0,0
0,5,30,150,1,15.0,0,1,0,0,0,0,0,0,0,0,0
0,24,50,1200,3,12.5,1,0,1,1,1,0,0,1,0,0,0
0,16,74,1184,2,24.666666666666668,1,0,1,0,0,0,0,1,0,0,1
0,68,39,2652,2,13.0,0,0,0,1,1,0,1,0,0,1,0
0,57,101,5757,2,33.666666666666664,0,1,1,0,0,0,1,0,0,1,0
1,60,104,6240,3,26.0,1,0,1,1,1,0,0,0,0,1,0
0,29,71,2059,3,17.75,0,0,1,1,0,1,0,0,1,0,0
0,9,66,594,3,16.5,0,1,1,1,1,0,0,0,0,0,0
0,71,26,1846,3,6.5,0,0,1,1,1,0,0,0,0,1,0
0,24,54,1296,1,27.0,0,0,0,0,0,1,0,1,0,0,1
1,2,49,98,2,16.333333333333332,1,0,1,0,0,0,0,0,0,0,1
0,66,21,1386,3,5.25,1,1,1,1,0,0,1,0,0,1,0
0,54,104,5616,3,26.0,1,0,1,1,0,0,0,0,0,1,1
0,72,114,8208,3,28.5,0,0,1,1,0,0,1,0,0,1,0
0,52,20,1040,3,5.0,1,0,1,1,1,0,0,0,0,1,0
0,71,77,5467,3,19.25,1,1,1,1,0,0,1,0,0,1,0
1,5,79,395,3,19.75,0,0,1,1,1,1,0,0,0,0,1
0,42,20,840,2,6.666666666666667,1,0,1,0,0,0,1,0,1,0,0
0,2,45,90,2,15.0,0,0,1,0,0,0,1,0,0,0,1
0,11,75,825,2,25.0,1,0,1,0,0,1,0,0,0,0,1
0,41,80,3280,2,26.666666666666668,0,1,1,0,0,1,0,0,1,0,1
0,68,88,5984,2,29.333333333333332,0,1,1,0,1,0,0,0,0,1,0
1,50,95,4750,3,23.75,0,0,1,1,0,0,1,0,0,1,1
0,53,94,4982,3,23.5,1,0,1,1,1,0,1,0,0,1,1
0,8,84,672,2,28.0,0,1,1,0,0,0,0,0,0,0,1
0,50,104,5200,2,34.666666666666664,0,0,1,0,0,1,0,0,0,1,0
0,50,100,5000,2,33.333333333333336,0,0,1,0,0,0,0,0,0,1,0
0,8,60,480,3,15.0,0,0,1,1,0,1,0,0,0,0,0
0,10,30,300,2,10.0,0,0,0,1,1,0,0,0,0,0,0
0,37,24,888,2,8.0,0,1,1,0,1,0,0,0,1,0,0
0,49,62,3038,2,20.666666666666668,0,1,1,0,0,0,0,0,0,1,0
0,17,36,612,2,12.0,0,0,0,1,1,0,0,1,0,0,0
0,12,20,240,3,5.0,1,1,1,1,1,0,1,0,0,0,0
0,23,100,2300,3,25.0,1,1,1,1,0,0,1,1,0,0,1
0,71,59,4189,2,19.666666666666668,0,1,0,1,1,0,0,0,0,1,0
0,71,78,5538,3,19.5,0,1,1,1,0,0,0,0,0,1,0
0,24,89,2136,2,29.666666666666668,1,0,1,0,1,1,0,1,0,0,0
0,45,79,3555,2,26.333333333333332,1,1,1,0,0,1,0,0,1,0,0
0,42,64,2688,2,21.333333333333332,1,1,1,0,0,0,0,0,1,0,0
0,18,96,1728,2,32.0,0,0,1,0,1,1,0,1,0,0,1
0,26,74,1924,2,24.666666666666668,0,0,1,0,1,0,0,0,1,0,0
0,9,55,495,2,18.333333333333332,1,1,1,0,0,0,1,0,0,0,1
0,2,44,88,2,14.666666666666666,0,0,1,0,0,0,0,0,0,0,0
0,5,45,225,3,11.25,0,1,1,1,1,0,0,0,0,0,0
1,6,84,504,2,28.0,1,0,1,0,0,0,1,0,0,0,1
1,52,111,5772,2,37.0,1,0,1,0,1,0,0,0,0,1,0
0,57,74,4218,3,18.5,1,0,1,1,1,0,1,0,0,1,0
0,29,75,2175,2,25.0,1,0,1,0,1,0,0,0,1,0,0
0,67,25,1675,3,6.25,0,1,1,1,0,0,1,0,0,1,0
0,42,105,4410,2,35.0,0,0,1,0,1,0,0,0,1,0,1
0,12,19,228,2,6.333333333333333,0,0,1,0,0,0,1,0,0,0,0
0,7,34,238,1,17.0,1,1,0,0,0,1,0,0,0,0,1
0,12,20,240,3,5.0,0,0,1,1,1,1,0,0,0,0,0
0,13,49,637,1,24.5,0,0,0,0,0,0,0,1,0,0,1
0,31,71,2201,2,23.666666666666668,1,0,1,0,0,0,0,0,1,0,0
0,9,30,270,1,15.0,1,1,0,0,0,1,0,0,0,0,1
0,63,20,1260,2,6.666666666666667,1,0,1,0,0,1,0,0,0,1,0
1,45,99,4455,3,24.75,1,0,1,1,1,0,0,0,1,0,0
1,12,79,948,2,26.333333333333332,0,0,1,0,0,0,0,0,0,0,0
0,41,80,3280,2,26.666666666666668,1,0,1,0,0,0,0,0,1,0,0
0,5,21,105,2,7.0,1,0,1,0,0,0,0,0,0,0,1
1,71,46,3266,1,23.0,1,0,0,0,0,0,1,0,0,1,0
0,72,79,5688,2,26.333333333333332,0,1,1,0,0,0,1,0,0,1,0
0,9,69,621,3,17.25,1,0,1,1,1,0,1,0,0,0,0
0,51,90,4590,2,30.0,0,1,1,0,1,0,1,0,0,1,0
0,35,41,1435,2,13.666666666666666,0,1,0,1,1,0,0,0,1,0,0
0,56,101,5656,2,33.666666666666664,1,0,1,0,0,1,0,0,0,1,0
1,18,75,1350,3,18.75,0,0,1,1,1,1,0,1,0,0,0
0,44,112,4928,2,37.333333333333336,1,0,1,0,0,0,1,0,1,0,0
0,48,30,1440,2,10.0,0,1,0,1,0,0,0,0,1,0,0
0,11,65,715,3,16.25,0,0,1,1,1,0,0,0,0,0,0
0,71,106,7526,3,26.5,1,1,1,1,1,0,0,0,0,1,1
1,35,82,2870,3,20.5,1,0,1,1,0,1,0,0,1,0,0
1,24,34,816,2,11.333333333333334,1,0,0,1,0,0,1,1,0,0,0
0,60,105,6300,2,35.0,0,0,1,0,1,0,0,0,0,1,0
0,6,30,180,2,10.0,1,0,0,1,1,1,0,0,0,0,1
0,15,20,300,2,6.666666666666667,1,1,1,0,0,0,0,1,0,0,1
1,21,104,2184,2,34.666666666666664,1,0,1,0,0,1,0,1,0,0,0
0,33,21,693,2,7.0,1,1,1,0,0,1,0,0,1,0,0
0,58,20,1160,3,5.0,0,1,1,1,1,0,1,0,0,1,0
0,10,65,650,3,16.25,0,0,1,1,1,0,0,0,0,0,0
0,33,24,792,3,6.0,0,1,1,1,1,0,0,0,1,0,0
1,1,25,25,2,8.333333333333334,0,0,0,1,1,1,0,0,0,0,1
0,1,46,46,3,11.5,0,1,1,1,0,0,1,0,0,0,1
0,42,73,3066,2,24.333333333333332,1,1,1,0,1,1,0,0,1,0,0
0,38,20,760,3,5.0,1,0,1,1,0,0,1,0,1,0,0
0,5,51,255,2,17.0,0,0,1,0,0,1,0,0,0,0,1
0,65,110,7150,3,27.5,1,0,1,1,0,0,1,0,0,1,0
1,43,33,1419,2,11.0,0,0,0,1,1,0,0,0,1,0,0
0,72,85,6120,2,28.333333333333332,0,0,1,0,0,1,0,0,0,1,0
0,60,94,5640,3,23.5,1,0,1,1,0,0,0,0,0,1,1
0,55,101,5555,2,33.666666666666664,1,0,1,0,0,0,0,0,0,1,0
0,70,113,7910,2,37.666666666666664,0,1,1,0,0,0,0,0,0,1,0
0,6,74,444,2,24.666666666666668,0,0,1,0,1,1,0,0,0,0,0
0,13,104,1352,3,26.0,0,1,1,1,0,0,0,1,0,0,0
0,8,20,160,2,6.666666666666667,1,1,1,0,0,0,1,0,0,0,0
0,45,100,4500,2,33.333333333333336,1,1,1,0,0,0,0,0,1,0,0
0,54,110,5940,3,27.5,0,0,1,1,1,1,0,0,0,1,1
0,33,83,2739,2,27.666666666666668,0,0,1,0,1,0,0,0,1,0,1
0,21,76,1596,2,25.333333333333332,1,1,1,0,1,0,0,1,0,0,0
1,55,100,5500,3,25.0,0,0,1,1,0,0,1,0,0,1,1
0,1,75,75,3,18.75,0,0,1,1,1,0,0,0,0,0,1
0,44,69,3036,3,17.25,1,0,1,1,1,1,0,0,1,0,0
0,72,87,6264,3,21.75,1,0,1,1,1,0,0,0,0,1,0
0,13,62,806,2,20.666666666666668,1,1,1,0,0,0,1,1,0,0,0
0,36,104,3744,2,34.666666666666664,0,1,1,0,0,0,0,0,1,0,0
0,71,26,1846,3,6.5,1,0,1,1,1,0,1,0,0,1,0
1,9,100,900,3,25.0,1,0,1,1,1,0,0,0,0,0,1
0,46,55,2530,2,18.333333333333332,0,0,1,0,1,0,0,0,1,0,0
1,61,104,6344,2,34.666666666666664,0,0,1,0,1,1,0,0,0,1,1
1,72,77,5544,2,25.666666666666668,1,0,1,0,0,1,0,0,0,1,0
0,11,75,825,3,18.75,1,0,1,1,0,0,0,0,0,0,1
0,2,70,140,3,17.5,0,0,1,1,0,0,1,0,0,0,0
0,2,19,38,2,6.333333333333333,1,0,1,0,0,0,0,0,0,0,0
0,4,79,316,3,19.75,0,0,1,1,0,0,0,0,0,0,1
0,3,49,147,3,12.25,1,0,1,1,0,1,0,0,0,0,1
0,3,35,105,1,17.5,0,0,0,0,0,0,1,0,0,0,0
0,43,65,2795,2,21.666666666666668,0,0,1,0,1,1,0,0,1,0,0
0,61,20,1220,3,5.0,0,1,1,1,0,0,1,0,0,1,0
1,49,91,4459,2,30.333333333333332,0,0,1,0,0,1,0,0,0,1,1
0,34,64,2176,2,21.333333333333332,0,0,1,0,0,0,1,0,1,0,0
0,1,50,50,3,12.5,1,0,1,1,1,0,0,0,0,0,0
0,1,46,46,3,11.5,0,0,1,1,1,0,0,0,0,0,1
0,61,86,5246,2,28.666666666666668,0,0,1,0,1,0,0,0,0,1,0
0,4,74,296,2,24.666666666666668,0,1,1,0,0,0,0,0,0,0,1
0,59,69,4071,2,23.0,1,0,1,0,0,0,1,0,0,1,0
0,4,45,180,2,15.0,1,1,1,0,0,0,0,0,0,0,0
0,0,20,0,2,6.666666666666667,1,1,1,0,0,0,1,0,0,0,0
0,22,20,440,2,6.666666666666667,1,0,1,0,1,0,0,1,0,0,0
0,72,85,6120,3,21.25,0,0,1,1,1,0,0,0,0,1,0
0,15,30,450,1,15.0,1,1,0,0,1,0,0,1,0,0,0
0,1,19,19,3,4.75,0,0,1,1,0,0,1,0,0,0,1
0,57,95,5415,2,31.666666666666668,0,0,1,0,0,1,0,0,0,1,1
0,39,86,3354,2,28.666666666666668,1,1,1,0,0,1,0,0,1,0,1
1,6,20,120,3,5.0,0,0,1,1,1,1,0,0,0,0,0
0,16,63,1008,2,21.0,0,0,1,0,0,1,0,1,0,0,0
0,39,30,1170,2,10.0,0,1,0,1,1,0,0,0,1,0,1
0,59,107,6313,3,26.75,1,0,1,1,1,1,0,0,0,1,1
0,69,84,5796,2,28.0,0,1,1,0,0,0,0,0,0,1,0
0,24,70,1680,2,23.333333333333332,1,1,1,0,0,0,0,1,0,0,0
0,6,20,120,2,6.666666666666667,1,1,1,0,1,0,0,0,0,0,0
0,9,94,846,2,31.333333333333332,1,0,1,0,1,0,0,0,0,0,0
0,8,20,160,3,5.0,0,1,1,1,0,0,0,0,0,0,0
0,30,20,600,3,5.0,0,0,1,1,1,0,0,0,1,0,1
0,62,71,4402,2,23.666666666666668,1,1,1,0,1,0,0,0,0,1,0
0,35,21,735,3,5.25,0,0,1,1,0,0,1,0,1,0,0
0,55,19,1045,3,4.75,0,1,1,1,0,0,1,0,0,1,0
0,2,61,122,3,15.25,0,0,1,1,1,0,0,0,0,0,0
1,29,94,2726,2,31.333333333333332,1,0,1,0,1,0,0,0,1,0,1
0,2,75,150,2,25.0,1,0,1,0,1,0,0,0,0,0,0
1,33,55,1815,2,18.333333333333332,1,0,0,1,1,0,1,0,1,0,0
0,5,76,380,3,19.0,1,0,1,1,1,0,0,0,0,0,1
0,1,69,69,2,23.0,0,0,1,0,0,0,0,0,0,0,1
0,72,106,7632,3,26.5,0,0,1,1,0,1,0,0,0,1,0
1,43,90,3870,2,30.0,1,0,1,0,0,0,0,0,1,0,1
0,10,75,750,2,25.0,0,0,1,0,0,0,0,0,0,0,1
0,70,26,1820,3,6.5,0,0,1,1,0,0,1,0,0,1,0
0,24,96,2304,3,24.0,1,0,1,1,1,0,0,1,0,0,1
0,23,20,460,3,5.0,0,0,1,1,0,0,1,1,0,0,0
0,43,51,2193,1,25.5,0,1,0,0,0,1,0,0,1,0,0
0,1,19,19,3,4.75,0,0,1,1,0,0,0,0,0,0,1
0,24,80,1920,2,26.666666666666668,1,0,1,0,1,0,1,1,0,0,1
1,65,104,6760,2,34.666666666666664,0,1,1,0,0,0,0,0,0,1,0
0,56,110,6160,3,27.5,0,1,1,1,1,0,0,0,0,1,0
1,1,79,79,2,26.333333333333332,1,0,1,0,0,0,0,0,0,0,1
1,28,106,2968,2,35.333333333333336,1,0,1,0,0,0,0,0,1,0,0
0,13,29,377,2,9.666666666666666,0,0,0,1,1,0,0,1,0,0,0
0,8,80,640,2,26.666666666666668,0,0,1,0,1,0,0,0,0,0,1
0,3,70,210,2,23.333333333333332,0,0,1,0,0,0,1,0,0,0,0
0,1,20,20,3,5.0,1,0,1,1,0,0,0,0,0,0,1
1,26,89,2314,2,29.666666666666668,0,0,1,0,0,0,0,0,1,0,1
1,1,76,76,2,25.333333333333332,1,0,1,0,0,0,0,0,0,0,1
0,5,20,100,2,6.666666666666667,0,0,1,0,0,1,0,0,0,0,0
0,28,94,2632,3,23.5,1,0,1,1,1,0,0,0,1,0,1
0,11,59,649,3,14.75,0,0,1,1,1,0,0,0,0,0,0
1,11,104,1144,2,34.666666666666664,0,0,1,0,0,1,0,0,0,0,1
1,66,80,5280,2,26.666666666666668,0,0,1,0,0,1,0,0,0,1,1
0,56,20,1120,3,5.0,1,0,1,1,1,0,0,0,0,1,0
1,53,25,1325,3,6.25,0,0,1,1,0,0,1,0,0,1,0
0,3,31,93,2,10.333333333333334,0,1,0,1,0,0,1,0,0,0,1
1,72,117,8424,3,29.25,0,0,1,1,1,0,0,0,0,1,0
0,6,71,426,2,23.666666666666668,0,0,1,0,0,1,0,0,0,0,0
0,71,115,8165,2,38.333333333333336,0,1,1,0,1,0,0,0,0,1,0
1,57,70,3990,2,23.333333333333332,0,0,1,0,0,1,0,0,0,1,0
0,68,25,1700,3,6.25,1,0,1,1,0,1,0,0,0,1,0
0,13,31,403,1,15.5,0,0,0,0,0,0,0,1,0,0,1
0,71,25,1775,2,8.333333333333334,0,1,1,0,0,1,0,0,0,1,0
0,5,40,200,1,20.0,1,0,0,0,0,0,1,0,0,0,1
0,18,90,1620,3,22.5,1,0,1,1,1,1,0,1,0,0,0
0,36,95,3420,2,31.666666666666668,1,1,1,0,1,1,0,0,1,0,0
0,63,85,5355,2,28.333333333333332,1,0,1,0,1,0,0,0,0,1,0
0,39,55,2145,1,27.5,1,1,0,0,0,1,0,0,1,0,0
0,32,20,640,2,6.666666666666667,1,0,1,0,0,0,1,0,1,0,0
1,4,70,280,3,17.5,1,0,1,1,1,0,0,0,0,0,0
1,32,93,2976,3,23.25,0,0,1,1,0,0,0,0,1,0,1
1,15,74,1110,3,18.5,1,0,1,1,0,1,0,1,0,0,1
1,5,81,405,2,27.0,0,0,1,0,1,0,0,0,0,0,1
0,9,20,180,2,6.666666666666667,0,1,1,0,0,1,0,0,0,0,0
0,31,81,2511,2,27.0,0,1,1,0,0,0,1,0,1,0,0
0,1,81,81,2,27.0,1,1,1,0,0,0,1,0,0,0,0
0,2,100,200,3,25.0,1,0,1,1,1,0,0,0,0,0,0
0,35,23,805,2,7.666666666666667,0,0,1,0,0,0,0,0,1,0,0
0,5,20,100,2,6.666666666666667,0,0,1,0,0,0,0,0,0,0,0
0,3,50,150,2,16.666666666666668,1,1,1,0,0,0,0,0,0,0,1
0,12,49,588,3,12.25,1,0,1,1,1,0,0,0,0,0,0
0,56,24,1344,3,6.0,1,1,1,1,0,0,0,0,0,1,0
0,72,25,1800,3,6.25,1,1,1,1,1,0,0,0,0,1,0
0,1,85,85,3,21.25,1,0,1,1,1,0,1,0,0,0,1
0,26,90,2340,3,22.5,0,0,1,1,0,0,1,0,1,0,0
0,13,49,637,2,16.333333333333332,0,0,0,1,1,0,0,1,0,0,0
0,15,66,990,2,22.0,0,1,1,0,0,0,0,1,0,0,0
1,68,96,6528,3,24.0,1,0,1,1,1,0,0,0,0,1,0
1,27,101,2727,2,33.666666666666664,0,0,1,0,0,0,0,0,1,0,1
1,5,69,345,3,17.25,0,0,1,1,0,0,0,0,0,0,0
0,64,25,1600,2,8.333333333333334,0,0,1,0,1,0,0,0,0,1,0
0,16,65,1040,2,21.666666666666668,0,0,1,0,1,0,0,1,0,0,1
0,2,80,160,3,20.0,0,0,1,1,0,0,0,0,0,0,1
0,52,39,2028,1,19.5,0,0,0,0,0,0,0,0,0,1,0
0,15,25,375,3,6.25,0,0,1,1,0,0,1,1,0,0,0
0,41,109,4469,2,36.333333333333336,0,1,1,0,0,0,1,0,1,0,0
1,20,71,1420,2,23.666666666666668,1,0,1,0,1,0,0,1,0,0,1
0,1,50,50,3,12.5,1,0,1,1,0,1,0,0,0,0,1
0,72,83,5976,2,27.666666666666668,0,1,1,0,1,0,0,0,0,1,0
0,34,85,2890,2,28.333333333333332,0,1,1,0,0,0,0,0,1,0,0
0,44,20,880,3,5.0,1,1,1,1,0,0,1,0,1,0,0
0,72,75,5400,3,18.75,1,0,1,1,0,0,0,0,0,1,0
0,8,95,760,2,31.666666666666668,1,1,1,0,1,0,0,0,0,0,0
0,7,34,238,1,17.0,1,0,0,0,0,1,0,0,0,0,0
0,59,20,1180,2,6.666666666666667,1,1,1,0,0,0,0,0,0,1,0
0,3,97,291,2,32.333333333333336,0,0,1,0,0,1,0,0,0,0,1
0,41,99,4059,3,24.75,0,0,1,1,1,0,0,0,1,0,0
0,61,25,1525,2,8.333333333333334,0,0,1,0,1,1,0,0,0,1,0
0,29,80,2320,2,26.666666666666668,1,0,1,0,0,0,0,0,1,0,1
0,64,25,1600,3,6.25,1,1,1,1,1,1,0,0,0,1,0
0,58,21,1218,2,7.0,1,0,1,0,1,0,1,0,0,1,0
0,29,85,2465,3,21.25,1,0,1,1,1,0,0,0,1,0,0
1,7,95,665,3,23.75,1,0,1,1,0,0,1,0,0,0,1
0,67,111,7437,2,37.0,1,0,1,0,0,0,0,0,0,1,0
0,27,53,1431,2,17.666666666666668,0,0,1,0,0,0,1,0,1,0,0
0,4,49,196,2,16.333333333333332,1,0,0,1,1,0,0,0,0,0,1
0,1,20,20,3,5.0,1,0,1,1,1,0,0,0,0,0,0
0,6,20,120,2,6.666666666666667,1,1,1,0,0,0,0,0,0,0,0
0,1,34,34,2,11.333333333333334,1,1,0,1,1,0,1,0,0,0,0
0,49,84,4116,3,21.0,1,0,1,1,0,0,1,0,0,1,1
0,2,55,110,2,18.333333333333332,0,0,1,0,0,0,1,0,0,0,1
0,16,85,1360,2,28.333333333333332,1,1,1,0,0,0,1,1,0,0,0
0,1,25,25,2,8.333333333333334,0,1,1,0,0,0,1,0,0,0,0
0,25,70,1750,2,23.333333333333332,1,0,1,0,1,0,0,0,1,0,0
0,25,54,1350,2,18.0,1,1,1,0,0,0,0,0,1,0,0
0,72,111,7992,2,37.0,0,0,1,0,0,0,0,0,0,1,0
0,10,20,200,3,5.0,1,0,1,1,1,0,1,0,0,0,0
0,54,84,4536,2,28.0,1,0,1,0,1,0,0,0,0,1,0
1,1,49,49,3,12.25,1,1,1,1,1,0,0,0,0,0,1
0,66,67,4422,3,16.75,0,0,1,1,1,0,0,0,0,1,0
0,4,66,264,3,16.5,1,0,1,1,1,0,1,0,0,0,0
0,7,20,140,3,5.0,0,0,1,1,0,0,0,0,0,0,0
1,69,57,3933,2,19.0,1,0,0,1,1,0,0,0,0,1,0
0,8,96,768,2,32.0,0,0,1,0,0,0,1,0,0,0,1
0,25,56,1400,3,14.0,1,0,1,1,1,0,0,0,1,0,0
1,37,101,3737,2,33.666666666666664,1,0,1,0,0,0,0,0,1,0,1
0,4,24,96,3,6.0,1,1,1,1,0,0,1,0,0,0,0
0,10,34,340,1,17.0,1,0,0,0,1,0,0,0,0,0,1
0,13,35,455,2,11.666666666666666,0,0,0,1,1,0,0,1,0,0,0
0,12,79,948,3,19.75,0,0,1,1,1,0,0,0,0,0,0
0,61,25,1525,2,8.333333333333334,1,0,1,0,1,0,0,0,0,1,0
0,65,99,6435,2,33.0,1,0,1,0,1,0,0,0,0,1,0
0,56,65,3640,3,16.25,1,0,1,1,1,0,0,0,0,1,0
0,51,81,4131,2,27.0,1,0,1,0,1,0,0,0,0,1,0
0,43,91,3913,2,30.333333333333332,1,1,1,0,1,0,0,0,1,0,0
0,1,50,50,2,16.666666666666668,0,0,1,0,0,1,0,0,0,0,0
0,3,54,162,2,18.0,0,0,1,0,1,0,0,0,0,0,0
0,19,40,760,2,13.333333333333334,0,0,0,1,0,1,0,1,0,0,0
0,45,108,4860,3,27.0,1,0,1,1,0,0,0,0,1,0,0
1,68,100,6800,2,33.333333333333336,0,0,1,0,1,1,0,0,0,1,1
0,32,90,2880,3,22.5,0,1,1,1,1,0,0,0,1,0,0
0,59,35,2065,1,17.5,1,1,0,0,1,0,1,0,0,1,0
0,45,20,900,3,5.0,1,1,1,1,1,0,0,0,1,0,0
1,24,104,2496,2,34.666666666666664,1,0,1,0,0,0,1,1,0,0,1
0,63,89,5607,2,29.666666666666668,1,1,1,0,0,0,0,0,0,1,0
1,29,52,1508,2,17.333333333333332,1,0,1,0,0,0,0,0,1,0,0
0,55,86,4730,2,28.666666666666668,1,1,1,0,0,1,0,0,0,1,0
0,8,85,680,2,28.333333333333332,0,0,1,0,0,0,0,0,0,0,1
0,34,25,850,2,8.333333333333334,1,0,0,1,0,0,1,0,1,0,0
0,1,70,70,2,23.333333333333332,0,0,1,0,1,0,0,0,0,0,1
0,10,55,550,2,18.333333333333332,1,0,1,0,0,0,0,0,0,0,0
0,71,73,5183,3,18.25,1,1,1,1,1,0,0,0,0,1,0
0,5,56,280,3,14.0,1,0,1,1,0,0,1,0,0,0,0
0,31,79,2449,2,26.333333333333332,1,0,1,0,1,0,0,0,1,0,0
0,1,75,75,3,18.75,0,0,1,1,0,0,1,0,0,0,1
0,19,20,380,3,5.0,0,1,1,1,0,1,0,1,0,0,0
0,72,113,8136,2,37.666666666666664,1,1,1,0,1,0,0,0,0,1,0
0,11,25,275,3,6.25,0,1,1,1,0,1,0,0,0,0,0
0,4,90,360,3,22.5,1,0,1,1,1,1,0,0,0,0,1
0,25,105,2625,2,35.0,0,0,1,0,0,0,0,0,1,0,1
1,45,25,1125,3,6.25,1,0,1,1,0,0,1,0,1,0,0
1,64,109,6976,3,27.25,0,0,1,1,0,0,1,0,0,1,0
0,4,21,84,2,7.0,1,0,1,0,1,0,0,0,0,0,0
0,34,20,680,2,6.666666666666667,1,0,1,0,1,0,0,0,1,0,0
0,48,70,3360,3,17.5,0,1,1,1,0,0,1,0,1,0,0
0,24,80,1920,2,26.666666666666668,0,0,1,0,1,1,0,1,0,0,0
1,8,61,488,2,20.333333333333332,1,0,1,0,0,1,0,0,0,0,0
0,67,104,6968,3,26.0,0,1,1,1,1,0,0,0,0,1,0
0,14,67,938,2,22.333333333333332,1,0,1,0,1,1,0,1,0,0,0
1,10,30,300,1,15.0,0,0,0,0,0,0,1,0,0,0,1
0,42,97,4074,3,24.25,1,1,1,1,1,0,0,0,1,0,0
0,15,20,300,3,5.0,0,1,1,1,1,0,0,1,0,0,0
0,2,46,92,2,15.333333333333334,0,0,1,0,0,1,0,0,0,0,0
0,45,105,4725,3,26.25,0,1,1,1,0,0,1,0,1,0,0
0,4,84,336,3,21.0,0,1,1,1,0,0,1,0,0,0,1
0,67,109,7303,2,36.333333333333336,0,1,1,0,0,0,0,0,0,1,1
0,12,57,684,2,19.0,1,0,1,0,0,0,0,0,0,0,1
0,60,96,5760,2,32.0,1,0,1,0,1,0,0,0,0,1,1
0,1,51,51,3,12.75,1,1,1,1,0,0,0,0,0,0,1
1,1,71,71,2,23.666666666666668,0,0,1,0,0,1,0,0,0,0,0
0,8,43,344,3,10.75,1,1,1,1,0,0,1,0,0,0,0
1,5,90,450,2,30.0,1,0,1,0,1,0,0,0,0,0,1
0,1,69,69,2,23.0,1,0,1,0,1,0,0,0,0,0,1
0,58,20,1160,3,5.0,0,1,1,1,0,0,1,0,0,1,0
0,72,109,7848,3,27.25,1,0,1,1,1,0,0,0,0,1,0
0,23,25,575,3,6.25,0,1,1,1,1,0,0,1,0,0,0
0,5,96,480,3,24.0,1,0,1,1,1,1,0,0,0,0,1
0,70,39,2730,1,19.5,1,0,0,0,0,0,0,0,0,1,0
0,12,84,1008,2,28.0,0,1,1,0,0,0,0,0,0,0,1
0,7,70,490,2,23.333333333333332,0,0,1,0,0,1,0,0,0,0,0
0,1,46,46,2,15.333333333333334,1,0,1,0,1,0,0,0,0,0,1
0,44,54,2376,2,18.0,1,1,0,1,1,0,0,0,1,0,0
0,46,81,3726,2,27.0,1,1,1,0,1,0,0,0,1,0,0
0,20,20,400,2,6.666666666666667,1,0,1,0,1,0,0,1,0,0,0
1,32,94,3008,2,31.333333333333332,1,1,1,0,1,0,1,0,1,0,0
0,67,85,5695,2,28.333333333333332,0,0,1,0,0,0,0,0,0,1,0
1,29,99,2871,2,33.0,0,0,1,0,0,0,1,0,1,0,1
0,72,23,1656,3,5.75,0,1,1,1,1,0,0,0,0,1,0
1,12,101,1212,3,25.25,1,0,1,1,1,0,0,0,0,0,1
0,27,72,1944,3,18.0,1,1,1,1,1,0,1,0,1,0,0
0,56,116,6496,2,38.666666666666664,1,1,1,0,0,0,0,0,0,1,0
0,62,100,6200,3,25.0,0,1,1,1,1,0,0,0,0,1,1
0,11,35,385,1,17.5,1,0,0,0,1,0,0,0,0,0,0
1,30,75,2250,2,25.0,1,0,1,0,0,0,0,0,1,0,0
0,40,20,800,2,6.666666666666667,0,0,1,0,1,0,0,0,1,0,0
1,38,25,950,2,8.333333333333334,1,0,0,1,0,0,1,0,1,0,0
0,28,30,840,1,15.0,0,0,0,0,0,0,0,0,1,0,0
0,1,94,94,3,23.5,0,0,1,1,0,0,0,0,0,0,1
0,12,45,540,3,11.25,0,0,1,1,1,0,0,0,0,0,0
0,24,78,1872,2,26.0,0,1,1,0,0,1,0,1,0,0,0
1,72,25,1800,2,8.333333333333334,1,0,1,0,1,0,0,0,0,1,0
0,3,82,246,2,27.333333333333332,1,0,1,0,0,0,0,0,0,0,0
0,72,116,8352,3,29.0,0,1,1,1,1,0,0,0,0,1,0
0,4,25,100,3,6.25,1,0,1,1,1,0,0,0,0,0,0
0,3,76,228,2,25.333333333333332,0,0,1,0,1,0,0,0,0,0,0
1,1,50,50,3,12.5,0,0,1,1,1,0,0,0,0,0,1
0,43,78,3354,3,19.5,1,0,1,1,0,0,1,0,1,0,1
0,10,41,410,2,13.666666666666666,0,0,0,1,1,0,0,0,0,0,0
1,2,44,88,2,14.666666666666666,0,0,1,0,0,0,0,0,0,0,0
0,15,19,285,3,4.75,1,0,1,1,1,0,1,1,0,0,0
1,3,75,225,2,25.0,0,0,1,0,1,0,0,0,0,0,0
0,65,60,3900,1,30.0,0,0,0,0,0,0,1,0,0,1,0
1,1,74,74,2,24.666666666666668,1,0,1,0,0,1,0,0,0,0,1
0,35,21,735,3,5.25,1,0,1,1,1,0,0,0,1,0,0
0,2,47,94,2,15.666666666666666,1,0,1,0,0,0,0,0,0,0,0
0,60,100,6000,3,25.0,0,0,1,1,1,1,0,0,0,1,0
0,49,19,931,3,4.75,0,1,1,1,0,0,0,0,0,1,0
0,3,35,105,2,11.666666666666666,1,0,0,1,1,0,1,0,0,0,1
0,24,20,480,3,5.0,0,1,1,1,1,0,0,1,0,0,0
0,62,89,5518,2,29.666666666666668,1,1,1,0,0,0,0,0,0,1,0
0,25,89,2225,2,29.666666666666668,0,1,1,0,0,1,0,0,1,0,1
0,10,89,890,2,29.666666666666668,0,1,1,0,1,1,0,0,0,0,0
0,67,54,3618,3,13.5,1,1,1,1,1,0,0,0,0,1,0
1,7,85,595,2,28.333333333333332,1,0,1,0,1,1,0,0,0,0,1
0,24,81,1944,2,27.0,1,1,1,0,0,0,0,1,0,0,0
1,72,116,8352,2,38.666666666666664,1,0,1,0,0,0,0,0,0,1,0
0,53,74,3922,2,24.666666666666668,1,0,1,0,1,0,0,0,0,1,0
1,2,87,174,3,21.75,1,0,1,1,1,0,0,0,0,0,1
0,5,76,380,2,25.333333333333332,0,0,1,0,0,0,1,0,0,0,1
0,52,35,1820,2,11.666666666666666,0,0,0,1,1,1,0,0,0,1,0
0,72,74,5328,3,18.5,0,1,1,1,0,0,0,0,0,1,0
0,70,79,5530,2,26.333333333333332,1,1,1,0,0,0,0,0,0,1,0
0,9,20,180,3,5.0,1,0,1,1,1,1,0,0,0,0,0
0,28,60,1680,3,15.0,0,0,1,1,1,0,0,0,1,0,0
0,72,86,6192,2,28.666666666666668,1,0,1,0,0,0,1,0,0,1,0
0,42,40,1680,1,20.0,1,0,0,0,0,0,1,0,1,0,0
0,11,102,1122,3,25.5,0,0,1,1,0,0,1,0,0,0,1
0,61,50,3050,3,12.5,0,1,1,1,0,0,1,0,0,1,0
0,63,76,4788,3,19.0,1,1,1,1,0,0,1,0,0,1,0
0,23,48,1104,3,12.0,1,1,1,1,1,0,1,1,0,0,1
0,61,20,1220,2,6.666666666666667,0,0,1,0,1,0,0,0,0,1,0
0,7,20,140,3,5.0,1,0,1,1,1,0,0,0,0,0,0
0,14,20,280,2,6.666666666666667,1,0,1,0,0,0,1,1,0,0,0
1,23,88,2024,3,22.0,0,1,1,1,1,0,1,1,0,0,0
0,9,92,828,2,30.666666666666668,0,0,1,0,0,0,0,0,0,0,1
1,11,100,1100,3,25.0,0,0,1,1,0,1,0,0,0,0,1
0,48,75,3600,2,25.0,0,0,1,0,0,0,0,0,1,0,0
0,63,20,1260,2,6.666666666666667,1,0,1,0,1,0,0,0,0,1,0
0,6,100,600,3,25.0,0,0,1,1,0,0,1,0,0,0,1
0,5,51,255,2,17.0,0,0,0,1,1,1,0,0,0,0,0
0,70,88,6160,2,29.333333333333332,1,0,1,0,1,0,0,0,0,1,0
0,8,66,528,3,16.5,1,0,1,1,0,0,0,0,0,0,0
0,46,25,1150,2,8.333333333333334,0,1,1,0,0,1,0,0,1,0,0
0,68,84,5712,3,21.0,0,1,1,1,1,0,0,0,0,1,0
0,31,21,651,3,5.25,1,1,1,1,0,0,1,0,1,0,0
0,6,84,504,2,28.0,0,0,1,0,1,0,0,0,0,0,1
0,2,79,158,3,19.75,1,0,1,1,0,0,1,0,0,0,0
1,43,94,4042,2,31.333333333333332,1,0,1,0,0,0,0,0,1,0,0
0,46,20,920,3,5.0,1,1,1,1,0,0,1,0,1,0,0
0,49,99,4851,3,24.75,1,0,1,1,0,1,0,0,0,1,0
0,51,95,4845,3,23.75,1,0,1,1,1,1,0,0,0,1,1
0,28,93,2604,3,23.25,1,1,1,1,0,0,1,0,1,0,0
0,65,92,5980,2,30.666666666666668,1,0,1,0,0,0,1,0,0,1,1
0,51,83,4233,3,20.75,1,0,1,1,1,0,0,0,0,1,0
0,1,75,75,3,18.75,1,1,1,1,0,0,1,0,0,0,1
0,24,20,480,2,6.666666666666667,0,0,1,0,0,0,0,1,0,0,0
0,48,35,1680,1,17.5,0,0,0,0,0,0,0,0,1,0,1
1,1,80,80,2,26.666666666666668,1,0,1,0,1,0,0,0,0,0,1
0,27,55,1485,3,13.75,1,0,1,1,1,0,1,0,1,0,0
0,1,50,50,2,16.666666666666668,1,1,1,0,0,0,0,0,0,0,1
0,70,58,4060,1,29.0,0,1,0,0,1,0,0,0,0,1,0
0,35,75,2625,3,18.75,1,0,1,1,1,0,0,0,1,0,1
0,67,49,3283,1,24.5,1,0,0,0,1,0,0,0,0,1,0
0,2,46,92,2,15.333333333333334,1,0,1,0,1,0,0,0,0,0,1
0,15,21,315,3,5.25,0,1,1,1,1,0,0,1,0,0,0
0,1,20,20,3,5.0,0,0,1,1,1,1,0,0,0,0,0
0,62,25,1550,2,8.333333333333334,1,1,1,0,0,0,0,0,0,1,0
0,36,20,720,2,6.666666666666667,0,1,1,0,0,0,0,0,1,0,0
0,72,105,7560,3,26.25,1,0,1,1,1,0,0,0,0,1,0
0,70,79,5530,2,26.333333333333332,1,0,1,0,0,0,0,0,0,1,0
0,1,54,54,3,13.5,1,0,1,1,0,0,1,0,0,0,1
0,24,58,1392,2,19.333333333333332,1,0,1,0,0,0,0,1,0,0,0
1,45,63,2835,2,21.0,1,0,1,0,0,0,1,0,1,0,1
0,29,20,580,2,6.666666666666667,1,0,1,0,0,1,0,0,1,0,0
0,33,89,2937,2,29.666666666666668,0,1,1,0,0,1,0,0,1,0,0
0,7,100,700,3,25.0,0,0,1,1,1,0,0,0,0,0,0
0,7,80,560,3,20.0,0,0,1,1,1,0,0,0,0,0,1
0,18,73,1314,2,24.333333333333332,1,0,1,0,1,0,0,1,0,0,0
0,2,19,38,2,6.333333333333333,1,1,1,0,0,0,0,0,0,0,0
0,66,80,5280,2,26.666666666666668,1,1,1,0,0,0,1,0,0,1,0
0,3,20,60,3,5.0,0,0,1,1,0,0,0,0,0,0,1
0,72,67,4824,3,16.75,0,1,1,1,1,0,0,0,0,1,0
1,13,45,585,1,22.5,0,0,0,0,1,0,0,1,0,0,0
0,24,86,2064,2,28.666666666666668,1,0,1,0,0,0,0,1,0,0,0
0,70,75,5250,2,25.0,1,0,1,0,1,0,0,0,0,1,0
0,71,97,6887,3,24.25,1,1,1,1,1,0,1,0,0,1,0
0,56,60,3360,3,15.0,1,0,1,1,0,0,0,0,0,1,0
0,6,94,564,2,31.333333333333332,0,0,1,0,1,0,0,0,0,0,1
0,1,45,45,2,15.0,0,0,1,0,0,1,0,0,0,0,1
0,21,45,945,2,15.0,0,1,1,0,0,0,0,1,0,0,0
0,14,65,910,2,21.666666666666668,1,1,1,0,0,1,0,1,0,0,1
0,13,66,858,3,16.5,1,0,1,1,0,1,0,1,0,0,0
0,12,94,1128,3,23.5,0,0,1,1,1,0,0,0,0,0,1
0,65,91,5915,2,30.333333333333332,1,0,1,0,0,0,0,0,0,1,0
0,30,84,2520,2,28.0,1,0,1,0,0,0,0,0,1,0,0
0,2,24,48,2,8.0,0,0,0,1,1,0,1,0,0,0,0
0,12,20,240,2,6.666666666666667,0,1,1,0,0,0,0,0,0,0,0
0,56,107,5992,3,26.75,1,0,1,1,0,0,1,0,0,1,0
1,67,92,6164,2,30.666666666666668,0,0,1,0,0,0,0,0,0,1,0
0,4,51,204,3,12.75,1,1,1,1,1,0,0,0,0,0,1
1,65,94,6110,3,23.5,0,0,1,1,1,0,0,0,0,1,0
0,60,101,6060,2,33.666666666666664,1,0,1,0,0,0,1,0,0,1,0
0,37,100,3700,2,33.333333333333336,0,0,1,0,0,0,0,0,1,0,1
0,72,20,1440,2,6.666666666666667,1,0,1,0,0,0,0,0,0,1,0
0,52,100,5200,2,33.333333333333336,0,1,1,0,0,0,0,0,0,1,0
1,13,107,1391,2,35.666666666666664,1,0,1,0,0,0,1,1,0,0,1
1,56,97,5432,2,32.333333333333336,0,0,1,0,0,0,0,0,0,1,0
0,51,21,1071,3,5.25,0,0,1,1,1,0,0,0,0,1,0
0,7,59,413,1,29.5,1,1,0,0,0,0,0,0,0,0,0
1,17,94,1598,3,23.5,0,0,1,1,1,0,0,1,0,0,0
0,18,20,360,2,6.666666666666667,1,0,1,0,0,1,0,1,0,0,0
0,50,99,4950,3,24.75,1,0,1,1,1,1,0,0,0,1,0
1,32,55,1760,2,18.333333333333332,0,0,1,0,0,0,0,0,1,0,0
0,1,75,75,2,25.0,0,0,1,0,1,0,0,0,0,0,1
0,46,95,4370,3,23.75,1,0,1,1,1,0,0,0,1,0,0
0,16,20,320,3,5.0,1,1,1,1,0,0,1,1,0,0,0
0,1,71,71,3,17.75,0,0,1,1,0,0,0,0,0,0,1
0,51,99,5049,3,24.75,0,0,1,1,1,0,0,0,0,1,0
0,25,109,2725,3,27.25,0,0,1,1,1,0,0,0,1,0,0
0,8,44,352,3,11.0,1,0,1,1,1,0,0,0,0,0,0
0,33,54,1782,2,18.0,0,0,1,0,1,1,0,0,1,0,0
0,54,65,3510,3,16.25,1,0,1,1,1,0,1,0,0,1,0
0,18,25,450,3,6.25,0,1,1,1,1,0,1,1,0,0,0
0,27,21,567,2,7.0,0,1,1,0,1,0,0,0,1,0,0
0,68,101,6868,3,25.25,1,1,1,1,1,0,0,0,0,1,0
0,59,25,1475,2,8.333333333333334,0,1,1,0,0,0,0,0,0,1,0
1,56,77,4312,2,25.666666666666668,0,0,1,0,0,0,0,0,0,1,0
1,72,25,1800,3,6.25,1,0,1,1,1,0,0,0,0,1,0
1,54,72,3888,2,24.0,0,0,1,0,1,0,0,0,0,1,0
0,47,21,987,3,5.25,0,0,1,1,0,0,1,0,1,0,0
0,50,43,2150,1,21.5,1,1,0,0,0,0,0,0,0,1,0
0,71,104,7384,2,34.666666666666664,1,0,1,0,0,1,0,0,0,1,0
0,1,45,45,2,15.0,0,0,1,0,1,0,1,0,0,0,0
0,3,76,228,2,25.333333333333332,0,0,1,0,1,0,0,0,0,0,1
0,21,35,735,2,11.666666666666666,0,0,0,1,0,0,1,1,0,0,0
0,66,51,3366,2,17.0,1,1,0,1,1,0,1,0,0,1,0
0,48,96,4608,2,32.0,0,1,1,0,0,0,0,0,1,0,1
1,47,100,4700,3,25.0,1,0,1,1,1,0,0,0,1,0,1
0,60,24,1440,2,8.0,1,1,1,0,0,1,0,0,0,1,0
0,37,91,3367,3,22.75,1,0,1,1,1,0,0,0,1,0,0
0,18,81,1458,3,20.25,1,1,1,1,0,0,0,1,0,0,0
0,72,90,6480,2,30.0,1,1,1,0,1,0,0,0,0,1,0
0,6,91,546,2,30.333333333333332,0,0,1,0,0,0,0,0,0,0,0
1,33,94,3102,3,23.5,1,0,1,1,1,1,0,0,1,0,0
0,35,97,3395,2,32.333333333333336,1,0,1,0,0,0,1,0,1,0,0
0,37,79,2923,3,19.75,0,0,1,1,1,0,0,0,1,0,0
1,1,70,70,2,23.333333333333332,1,0,1,0,0,0,1,0,0,0,1
0,71,24,1704,2,8.0,1,0,1,0,0,1,0,0,0,1,0
1,16,85,1360,3,21.25,1,0,1,1,1,1,0,1,0,0,0
1,54,74,3996,3,18.5,1,0,1,1,1,1,0,0,0,1,0
0,72,85,6120,3,21.25,0,1,1,1,0,0,1,0,0,1,0
0,12,80,960,3,20.0,0,0,1,1,0,0,1,0,0,0,0
0,69,20,1380,3,5.0,0,1,1,1,0,0,1,0,0,1,0
1,24,103,2472,3,25.75,1,0,1,1,1,1,0,1,0,0,1
0,8,20,160,2,6.666666666666667,0,1,1,0,0,1,0,0,0,0,1
1,11,55,605,3,13.75,1,1,1,1,1,0,0,0,0,0,0
0,9,44,396,3,11.0,0,0,1,1,1,1,0,0,0,0,0
0,34,78,2652,2,26.0,1,1,1,0,0,0,0,0,1,0,1
0,66,47,3102,1,23.5,0,0,0,0,0,1,0,0,0,1,0
0,41,21,861,2,7.0,0,0,1,0,1,0,0,0,1,0,0
0,65,105,6825,3,26.25,1,0,1,1,0,0,0,0,0,1,0
0,68,106,7208,2,35.333333333333336,1,1,1,0,0,0,1,0,0,1,0
1,23,106,2438,2,35.333333333333336,1,0,1,0,0,0,1,1,0,0,1
0,33,20,660,2,6.666666666666667,1,0,1,0,0,0,1,0,1,0,0
1,25,90,2250,3,22.5,1,0,1,1,1,0,0,0,1,0,1
0,72,114,8208,2,38.0,1,1,1,0,0,1,0,0,0,1,0
0,53,20,1060,2,6.666666666666667,1,1,1,0,0,1,0,0,0,1,1
0,53,100,5300,3,25.0,0,0,1,1,0,1,0,0,0,1,0
0,18,82,1476,3,20.5,1,0,1,1,0,0,1,1,0,0,1
1,62,89,5518,3,22.25,1,0,1,1,1,0,1,0,0,1,0
0,70,65,4550,3,16.25,0,0,1,1,1,0,0,0,0,1,1
1,27,105,2835,3,26.25,1,0,1,1,1,0,0,0,1,0,0
0,61,103,6283,2,34.333333333333336,0,0,1,0,0,0,0,0,0,1,0
1,53,104,5512,2,34.666666666666664,1,0,1,0,1,0,0,0,0,1,1
0,54,104,5616,2,34.666666666666664,0,0,1,0,0,0,1,0,0,1,1
1,64,112,7168,3,28.0,1,1,1,1,0,0,1,0,0,1,0
1,30,100,3000,2,33.333333333333336,0,0,1,0,0,0,1,0,1,0,1
0,50,21,1050,3,5.25,0,1,1,1,1,0,0,0,0,1,0
0,38,105,3990,3,26.25,1,0,1,1,1,0,0,0,1,0,0
0,72,99,7128,2,33.0,0,1,1,0,0,1,0,0,0,1,0
1,39,106,4134,2,35.333333333333336,1,0,1,0,0,1,0,0,1,0,1
0,30,64,1920,2,21.333333333333332,1,0,1,0,0,0,0,0,1,0,0
1,26,95,2470,2,31.666666666666668,0,0,1,0,0,1,0,0,1,0,1
0,6,86,516,3,21.5,0,0,1,1,0,0,0,0,0,0,0
0,16,54,864,2,18.0,0,0,1,0,0,1,0,1,0,0,1
0,51,56,2856,1,28.0,0,1,0,0,1,0,0,0,0,1,0
0,17,99,1683,3,24.75,0,1,1,1,0,0,1,1,0,0,1
0,1,79,79,2,26.333333333333332,0,0,1,0,1,0,0,0,0,0,1
0,62,20,1240,2,6.666666666666667,1,0,1,0,0,0,0,0,0,1,0
0,13,65,845,3,16.25,1,1,1,1,0,0,0,1,0,0,0
0,64,73,4672,2,24.333333333333332,1,1,1,0,0,0,1,0,0,1,0
0,44,85,3740,2,28.333333333333332,1,0,1,0,1,0,0,0,1,0,0
0,16,113,1808,2,37.666666666666664,0,1,1,0,0,1,0,1,0,0,0
0,15,25,375,3,6.25,1,1,1,1,0,0,1,1,0,0,0
0,36,41,1476,1,20.5,0,1,0,0,1,0,0,0,1,0,0
0,1,91,91,2,30.333333333333332,1,1,1,0,1,0,0,0,0,0,1
1,24,70,1680,2,23.333333333333332,1,0,1,0,0,0,0,1,0,0,0
0,60,20,1200,2,6.666666666666667,0,0,1,0,0,0,1,0,0,1,0
0,3,92,276,3,23.0,0,0,1,1,1,0,1,0,0,0,1
0,16,91,1456,2,30.333333333333332,1,1,1,0,0,1,0,1,0,0,0
0,66,86,5676,2,28.666666666666668,1,0,1,0,0,0,1,0,0,1,0
0,66,104,6864,2,34.666666666666664,1,0,1,0,0,1,0,0,0,1,0
0,45,20,900,2,6.666666666666667,1,0,1,0,0,1,0,0,1,0,1
1,43,111,4773,2,37.0,1,1,1,0,1,0,0,0,1,0,1
1,71,20,1420,2,6.666666666666667,1,1,1,0,0,1,0,0,0,1,0
0,1,45,45,2,15.0,1,0,1,0,0,1,0,0,0,0,1
0,1,71,71,3,17.75,1,1,1,1,1,1,0,0,0,0,1
1,20,81,1620,2,27.0,0,0,1,0,1,0,0,1,0,0,0
1,65,54,3510,1,27.0,0,0,0,0,1,0,0,0,0,1,0
0,19,20,380,2,6.666666666666667,1,1,1,0,0,0,0,1,0,0,0
0,71,109,7739,2,36.333333333333336,1,0,1,0,1,0,0,0,0,1,1
1,1,25,25,1,12.5,0,0,0,0,1,0,0,0,0,0,1
0,33,68,2244,2,22.666666666666668,1,0,1,0,0,0,1,0,1,0,1
0,71,54,3834,2,18.0,1,0,1,0,1,0,0,0,0,1,0
0,13,68,884,3,17.0,0,0,1,1,0,1,0,1,0,0,0
0,29,19,551,2,6.333333333333333,0,0,1,0,0,0,0,0,1,0,0
0,13,72,936,3,18.0,0,0,1,1,1,0,0,1,0,0,0
0,22,57,1254,2,19.0,1,0,0,1,1,0,1,1,0,0,0
1,7,99,693,2,33.0,1,0,1,0,0,0,0,0,0,0,1
0,47,25,1175,3,6.25,1,0,1,1,0,0,1,0,1,0,0
0,26,20,520,2,6.666666666666667,1,0,1,0,1,0,0,0,1,0,0
1,13,60,780,3,15.0,1,0,1,1,1,0,0,1,0,0,0
0,26,90,2340,2,30.0,1,0,1,0,0,0,0,0,1,0,1
0,2,20,40,3,5.0,1,1,1,1,1,1,0,0,0,0,0
0,4,24,96,1,12.0,0,0,0,0,1,1,0,0,0,0,1
0,52,81,4212,2,27.0,0,0,1,0,0,0,0,0,0,1,0
1,3,91,273,2,30.333333333333332,1,0,1,0,0,1,0,0,0,0,1
1,62,111,6882,2,37.0,1,0,1,0,1,1,0,0,0,1,0
0,70,94,6580,3,23.5,0,1,1,1,1,0,1,0,0,1,1
0,71,104,7384,3,26.0,0,0,1,1,1,0,0,0,0,1,0
0,69,36,2484,1,18.0,1,0,0,0,0,0,0,0,0,1,0
0,35,26,910,3,6.5,1,0,1,1,1,0,0,0,1,0,0
0,63,103,6489,3,25.75,1,0,1,1,0,0,1,0,0,1,0
1,69,105,7245,2,35.0,0,0,1,0,0,0,0,0,0,1,0
0,72,100,7200,3,25.0,0,1,1,1,1,0,0,0,0,1,0
0,36,80,2880,3,20.0,0,0,1,1,1,1,0,0,1,0,0
0,33,73,2409,3,18.25,1,0,1,1,0,0,1,0,1,0,0
0,28,90,2520,2,30.0,0,0,1,0,0,1,0,0,1,0,0
0,27,20,540,3,5.0,0,0,1,1,1,0,1,0,1,0,0
0,1,74,74,2,24.666666666666668,0,0,1,0,0,0,1,0,0,0,0
0,72,38,2736,1,19.0,1,1,0,0,0,0,0,0,0,1,0
0,63,98,6174,3,24.5,0,0,1,1,1,0,0,0,0,1,0
0,12,70,840,2,23.333333333333332,1,1,1,0,0,0,0,0,0,0,0
0,12,25,300,2,8.333333333333334,1,1,1,0,0,0,0,0,0,0,0
1,70,113,7910,2,37.666666666666664,0,0,1,0,1,0,0,0,0,1,0
0,1,45,45,3,11.25,0,0,1,1,1,0,0,0,0,0,0
0,20,89,1780,2,29.666666666666668,0,0,1,0,1,1,0,1,0,0,0
0,72,25,1800,3,6.25,0,0,1,1,0,1,0,0,0,1,0
0,5,76,380,2,25.333333333333332,0,0,1,0,0,0,0,0,0,0,0
0,39,25,975,1,12.5,1,1,0,0,1,1,0,0,1,0,0
0,1,54,54,2,18.0,1,0,1,0,0,0,1,0,0,0,0
0,15,55,825,3,13.75,1,1,1,1,0,0,1,1,0,0,0
0,72,25,1800,2,8.333333333333334,0,0,1,0,0,1,0,0,0,1,0
0,24,36,864,1,18.0,1,1,0,0,1,0,1,1,0,0,0
0,34,104,3536,2,34.666666666666664,1,1,1,0,0,0,0,0,1,0,0
0,9,80,720,3,20.0,0,0,1,1,1,1,0,0,0,0,1
1,72,88,6336,3,22.0,0,1,1,1,1,0,0,0,0,1,0
0,8,21,168,3,5.25,0,1,1,1,1,0,0,0,0,0,0
0,6,19,114,2,6.333333333333333,0,1,1,0,1,0,0,0,0,0,0
0,36,88,3168,2,29.333333333333332,0,0,1,0,0,0,0,0,1,0,1
0,72,25,1800,2,8.333333333333334,1,0,1,0,0,0,0,0,0,1,0
0,8,50,400,2,16.666666666666668,0,0,1,0,0,0,1,0,0,0,1
0,44,20,880,2,6.666666666666667,1,0,1,0,0,1,0,0,1,0,0
0,18,70,1260,2,23.333333333333332,0,0,1,0,0,1,0,1,0,0,0
0,39,100,3900,2,33.333333333333336,0,1,1,0,0,1,0,0,1,0,0
0,60,95,5700,3,23.75,1,1,1,1,0,0,1,0,0,1,0
0,21,20,420,3,5.0,1,0,1,1,0,0,0,1,0,0,0
0,60,85,5100,2,28.333333333333332,1,1,1,0,1,0,0,0,0,1,0
0,62,71,4402,3,17.75,0,1,1,1,1,1,0,0,0,1,0
0,8,20,160,3,5.0,0,1,1,1,1,0,0,0,0,0,0
0,65,25,1625,2,8.333333333333334,1,0,1,0,0,0,0,0,0,1,0
0,17,21,357,2,7.0,0,1,1,0,1,0,0,1,0,0,0
0,60,61,3660,3,15.25,1,0,1,1,0,0,0,0,0,1,0
0,11,19,209,2,6.333333333333333,0,1,1,0,0,0,1,0,0,0,1
0,2,20,40,2,6.666666666666667,0,0,1,0,0,1,0,0,0,0,0
0,21,104,2184,2,34.666666666666664,0,0,1,0,0,0,1,1,0,0,1
0,66,103,6798,2,34.333333333333336,0,0,1,0,1,0,0,0,0,1,0
0,16,19,304,3,4.75,1,0,1,1,1,0,0,1,0,0,0
0,66,75,4950,3,18.75,1,1,1,1,1,0,0,0,0,1,0
0,46,79,3634,2,26.333333333333332,0,0,1,0,0,1,0,0,1,0,0
0,70,90,6300,2,30.0,0,0,1,0,1,1,0,0,0,1,0
0,72,20,1440,2,6.666666666666667,1,1,1,0,1,0,0,0,0,1,0
0,1,45,45,2,15.0,1,0,1,0,0,0,1,0,0,0,0
0,1,24,24,2,8.0,0,1,1,0,1,1,0,0,0,0,0
1,8,101,808,2,33.666666666666664,1,0,1,0,0,1,0,0,0,0,1
0,2,49,98,2,16.333333333333332,0,0,1,0,1,0,1,0,0,0,0
0,1,19,19,3,4.75,1,1,1,1,1,0,0,0,0,0,0
0,17,20,340,2,6.666666666666667,1,0,1,0,0,0,0,1,0,0,0
0,58,50,2900,1,25.0,1,1,0,0,0,1,0,0,0,1,0
0,59,87,5133,3,21.75,1,1,1,1,1,0,1,0,0,1,0
0,12,89,1068,2,29.666666666666668,0,0,1,0,0,0,1,0,0,0,1
0,3,64,192,2,21.333333333333332,0,0,1,0,0,1,0,0,0,0,1
0,32,51,1632,1,25.5,1,1,0,0,1,0,0,0,1,0,0
0,7,25,175,1,12.5,0,1,0,0,0,0,1,0,0,0,0
0,8,20,160,3,5.0,1,1,1,1,1,1,0,0,0,0,0
0,22,85,1870,3,21.25,1,0,1,1,0,0,0,1,0,0,1
0,66,97,6402,3,24.25,1,0,1,1,0,0,0,0,0,1,0
1,23,75,1725,3,18.75,0,0,1,1,1,0,0,1,0,0,0
1,1,86,86,3,21.5,0,0,1,1,1,0,0,0,0,0,1
0,21,65,1365,3,16.25,1,0,1,1,1,0,0,1,0,0,0
0,9,75,675,3,18.75,0,0,1,1,0,1,0,0,0,0,1
0,44,56,2464,2,18.666666666666668,0,1,1,0,0,1,0,0,1,0,0
1,15,79,1185,3,19.75,1,0,1,1,0,0,1,1,0,0,1
0,67,74,4958,2,24.666666666666668,0,1,1,0,0,0,0,0,0,1,0
0,56,98,5488,2,32.666666666666664,0,0,1,0,1,0,0,0,0,1,1
0,4,29,116,2,9.666666666666666,0,0,0,1,1,0,0,0,0,0,0
0,43,79,3397,2,26.333333333333332,1,1,1,0,1,0,0,0,1,0,0
1,61,82,5002,2,27.333333333333332,1,0,1,0,0,1,0,0,0,1,0
0,44,65,2860,3,16.25,1,0,1,1,0,0,0,0,1,0,0
0,9,76,684,3,19.0,0,1,1,1,0,1,0,0,0,0,0
0,72,116,8352,2,38.666666666666664,0,1,1,0,0,0,1,0,0,1,0
0,7,95,665,2,31.666666666666668,0,0,1,0,1,0,0,0,0,0,1
0,9,44,396,2,14.666666666666666,1,0,1,0,0,0,1,0,0,0,0
0,51,20,1020,2,6.666666666666667,0,1,1,0,0,0,0,0,0,1,0
0,66,29,1914,1,14.5,1,0,0,0,1,0,0,0,0,1,0
0,14,25,350,3,6.25,1,0,1,1,1,0,1,1,0,0,0
0,10,20,200,2,6.666666666666667,0,1,1,0,0,1,0,0,0,0,0
0,17,19,323,2,6.333333333333333,0,0,1,0,0,0,0,1,0,0,0
0,48,95,4560,2,31.666666666666668,1,0,1,0,1,1,0,0,1,0,0
0,19,20,380,3,5.0,1,0,1,1,1,1,0,1,0,0,0
0,63,20,1260,3,5.0,1,1,1,1,0,0,0,0,0,1,0
1,67,105,7035,3,26.25,1,0,1,1,1,0,0,0,0,1,0
0,63,64,4032,2,21.333333333333332,0,1,1,0,0,0,0,0,0,1,0
1,71,69,4899,3,17.25,0,1,1,1,0,1,0,0,0,1,0
0,36,54,1944,2,18.0,1,1,1,0,1,0,0,0,1,0,0
1,16,92,1472,2,30.666666666666668,1,0,1,0,0,0,0,1,0,0,0
0,2,21,42,2,7.0,0,0,1,0,0,0,0,0,0,0,0
0,72,105,7560,2,35.0,1,0,1,0,0,0,0,0,0,1,0
0,24,55,1320,3,13.75,0,1,1,1,1,0,0,1,0,0,0
0,42,102,4284,3,25.5,1,0,1,1,1,0,0,0,1,0,1
0,45,21,945,2,7.0,0,1,1,0,1,0,0,0,1,0,0
0,59,100,5900,2,33.333333333333336,1,0,1,0,0,0,0,0,0,1,1
0,63,96,6048,3,24.0,0,0,1,1,1,0,0,0,0,1,0
0,43,60,2580,2,20.0,1,0,1,0,0,0,1,0,1,0,0
0,71,87,6177,3,21.75,0,1,1,1,1,0,1,0,0,1,0
0,12,44,528,3,11.0,0,0,1,1,0,0,1,0,0,0,0
0,25,19,475,3,4.75,1,1,1,1,1,0,0,0,1,0,0
0,72,84,6048,2,28.0,1,1,1,0,0,0,1,0,0,1,0
0,6,55,330,2,18.333333333333332,0,0,1,0,0,1,0,0,0,0,0
0,30,25,750,2,8.333333333333334,1,1,1,0,1,0,1,0,1,0,0
1,46,100,4600,3,25.0,0,0,1,1,1,0,0,0,1,0,0
0,2,73,146,2,24.333333333333332,1,0,1,0,0,0,1,0,0,0,1
0,47,106,4982,3,26.5,0,0,1,1,0,0,1,0,1,0,0
0,51,34,1734,1,17.0,0,1,0,0,0,0,0,0,0,1,0
0,42,21,882,3,5.25,0,0,1,1,1,0,0,0,1,0,0
0,62,101,6262,2,33.666666666666664,0,0,1,0,0,0,0,0,0,1,0
0,5,21,105,2,7.0,0,0,1,0,0,0,1,0,0,0,0
0,53,72,3816,2,24.0,1,1,1,0,0,0,1,0,0,1,0
0,10,99,990,2,33.0,0,0,1,0,0,0,1,0,0,0,1
0,18,57,1026,3,14.25,1,1,1,1,1,0,0,1,0,0,1
0,51,86,4386,2,28.666666666666668,0,1,1,0,0,0,0,0,0,1,0
1,61,86,5246,2,28.666666666666668,1,0,1,0,0,0,0,0,0,1,0
0,7,45,315,3,11.25,1,0,1,1,1,1,0,0,0,0,0
0,50,104,5200,2,34.666666666666664,1,1,1,0,0,0,1,0,0,1,1
0,4,80,320,2,26.666666666666668,1,0,1,0,0,0,1,0,0,0,0
1,47,85,3995,2,28.333333333333332,0,0,1,0,0,0,0,0,1,0,1
0,32,62,1984,2,20.666666666666668,0,1,1,0,0,1,0,0,1,0,0
0,2,45,90,1,22.5,0,0,0,0,0,0,0,0,0,0,1
1,27,36,972,2,12.0,1,0,0,1,1,0,0,0,1,0,1
0,10,56,560,2,18.666666666666668,0,1,1,0,1,1,0,0,0,0,0
0,21,74,1554,3,18.5,0,1,1,1,1,0,1,1,0,0,1
0,12,21,252,3,5.25,1,1,1,1,0,1,0,0,0,0,0
1,51,20,1020,2,6.666666666666667,0,0,1,0,0,1,0,0,0,1,0
0,3,59,177,2,19.666666666666668,0,1,1,0,1,0,0,0,0,0,0
0,72,107,7704,2,35.666666666666664,0,1,1,0,0,0,0,0,0,1,0
0,1,44,44,3,11.0,0,0,1,1,1,0,0,0,0,0,1
0,5,85,425,2,28.333333333333332,1,0,1,0,0,0,0,0,0,0,1
1,1,85,85,3,21.25,0,0,1,1,0,0,0,0,0,0,1
0,66,25,1650,2,8.333333333333334,1,0,1,0,0,0,1,0,0,1,0
0,61,75,4575,3,18.75,1,0,1,1,0,0,0,0,0,1,0
0,32,100,3200,2,33.333333333333336,1,1,1,0,0,0,1,0,1,0,1
0,65,19,1235,2,6.333333333333333,0,0,1,0,1,0,0,0,0,1,0
1,41,101,4141,3,25.25,0,0,1,1,1,0,0,0,1,0,0
0,14,90,1260,2,30.0,0,0,1,0,0,0,0,1,0,0,1
0,2,90,180,2,30.0,1,1,1,0,0,0,0,0,0,0,1
0,29,58,1682,3,14.5,0,0,1,1,1,0,0,0,1,0,0
0,10,51,510,3,12.75,0,0,1,1,1,0,0,0,0,0,0
0,32,70,2240,2,23.333333333333332,1,1,1,0,1,0,0,0,1,0,1
0,7,20,140,2,6.666666666666667,1,0,1,0,0,0,1,0,0,0,0
0,71,77,5467,2,25.666666666666668,0,0,1,0,1,0,0,0,0,1,0
0,11,20,220,2,6.666666666666667,1,0,1,0,1,0,0,0,0,0,0
0,2,21,42,2,7.0,1,0,1,0,1,0,0,0,0,0,0
0,1,21,21,2,7.0,1,1,1,0,0,0,0,0,0,0,0
0,62,101,6262,2,33.666666666666664,0,1,1,0,0,0,0,0,0,1,0
0,7,79,553,3,19.75,0,0,1,1,1,0,0,0,0,0,0
0,71,114,8094,2,38.0,0,1,1,0,0,0,0,0,0,1,0
0,2,87,174,2,29.0,0,0,1,0,0,0,0,0,0,0,1
0,72,69,4968,2,23.0,0,1,1,0,0,0,1,0,0,1,0
1,12,80,960,2,26.666666666666668,1,0,1,0,0,0,0,0,0,0,1
0,3,44,132,3,11.0,0,1,1,1,0,0,0,0,0,0,1
0,21,99,2079,3,24.75,0,0,1,1,0,0,0,1,0,0,0
0,8,20,160,2,6.666666666666667,1,0,1,0,0,0,1,0,0,0,0
0,3,50,150,2,16.666666666666668,1,0,1,0,0,1,0,0,0,0,1
0,52,84,4368,2,28.0,1,0,1,0,0,0,0,0,0,1,1
0,58,19,1102,3,4.75,1,0,1,1,0,0,1,0,0,1,0
0,36,76,2736,3,19.0,0,0,1,1,1,0,0,0,1,0,0
0,61,81,4941,2,27.0,1,0,1,0,0,0,0,0,0,1,0
0,62,20,1240,3,5.0,1,1,1,1,1,0,1,0,0,1,0
1,72,115,8280,2,38.333333333333336,0,0,1,0,0,0,1,0,0,1,0
0,59,93,5487,2,31.0,0,0,1,0,0,1,0,0,0,1,0
0,34,90,3060,3,22.5,1,1,1,1,0,0,1,0,1,0,0
0,1,46,46,3,11.5,0,1,1,1,0,1,0,0,0,0,1
0,22,54,1188,2,18.0,1,0,1,0,0,0,0,1,0,0,1
1,49,90,4410,2,30.0,1,0,1,0,0,0,0,0,0,1,1
1,9,90,810,2,30.0,0,0,1,0,0,0,0,0,0,0,0
0,4,78,312,3,19.5,1,0,1,1,0,0,1,0,0,0,1
0,25,100,2500,3,25.0,0,0,1,1,0,0,1,0,1,0,1
1,1,25,25,1,12.5,1,0,0,0,0,1,0,0,0,0,1
0,42,20,840,2,6.666666666666667,1,0,1,0,0,0,0,0,1,0,0
1,35,99,3465,2,33.0,0,0,1,0,0,0,0,0,1,0,0
0,1,25,25,1,12.5,0,1,0,0,1,1,0,0,0,0,0
0,3,19,57,2,6.333333333333333,0,0,1,0,0,0,0,0,0,0,0
0,44,60,2640,2,20.0,1,0,1,0,0,0,1,0,1,0,0
0,45,95,4275,2,31.666666666666668,1,1,1,0,1,0,0,0,1,0,0
0,1,30,30,2,10.0,1,1,0,1,1,0,0,0,0,0,1
0,71,91,6461,3,22.75,1,0,1,1,0,0,1,0,0,1,0
0,18,96,1728,2,32.0,0,0,1,0,0,0,0,1,0,0,0
0,2,75,150,3,18.75,0,0,1,1,1,1,0,0,0,0,0
0,1,50,50,2,16.666666666666668,0,1,1,0,0,0,1,0,0,0,1
0,33,100,3300,2,33.333333333333336,0,0,1,0,0,0,0,0,1,0,0
0,72,89,6408,2,29.666666666666668,1,0,1,0,0,0,0,0,0,1,0
1,71,56,3976,1,28.0,1,0,0,0,0,0,1,0,0,1,0
0,2,74,148,3,18.5,0,1,1,1,1,0,0,0,0,0,1
0,57,20,1140,3,5.0,0,1,1,1,1,0,0,0,0,1,0
0,52,51,2652,2,17.0,0,1,1,0,1,1,0,0,0,1,0
0,49,104,5096,3,26.0,1,0,1,1,0,0,0,0,0,1,1
0,1,21,21,2,7.0,0,0,1,0,0,0,1,0,0,0,1
0,7,21,147,3,5.25,0,1,1,1,1,1,0,0,0,0,0
1,18,94,1692,3,23.5,1,0,1,1,0,0,1,1,0,0,0
0,2,70,140,3,17.5,1,0,1,1,1,0,0,0,0,0,0
0,37,55,2035,2,18.333333333333332,1,0,1,0,0,0,0,0,1,0,0
0,1,24,24,2,8.0,1,0,1,0,0,0,0,0,0,0,1
0,48,45,2160,1,22.5,0,1,0,0,0,0,0,0,1,0,0
0,37,96,3552,3,24.0,1,0,1,1,0,0,0,0,1,0,0
0,3,74,222,2,24.666666666666668,1,0,1,0,0,0,0,0,0,0,0
0,35,55,1925,2,18.333333333333332,1,0,1,0,0,1,0,0,1,0,1
0,15,20,300,2,6.666666666666667,0,0,1,0,0,0,1,1,0,0,0
0,72,21,1512,2,7.0,1,1,1,0,0,0,1,0,0,1,0
0,18,19,342,3,4.75,1,0,1,1,1,1,0,1,0,0,0
0,2,86,172,2,28.666666666666668,0,0,1,0,1,0,1,0,0,0,1
0,35,55,1925,2,18.333333333333332,1,0,1,0,1,0,0,0,1,0,0
0,11,49,539,3,12.25,0,0,1,1,0,0,1,0,0,0,1
1,26,79,2054,2,26.333333333333332,0,0,1,0,1,0,0,0,1,0,0
1,37,72,2664,2,24.0,1,0,1,0,0,1,0,0,1,0,0
1,56,100,5600,3,25.0,0,0,1,1,1,0,0,0,0,1,0
0,69,60,4140,2,20.0,1,1,1,0,1,0,1,0,0,1,0
0,62,116,7192,2,38.666666666666664,1,1,1,0,1,0,0,0,0,1,0
0,50,35,1750,1,17.5,1,0,0,0,1,0,0,0,0,1,0
0,62,111,6882,3,27.75,0,1,1,1,1,0,0,0,0,1,0
0,54,100,5400,2,33.333333333333336,0,0,1,0,0,0,0,0,0,1,0
0,63,87,5481,2,29.0,1,0,1,0,0,1,0,0,0,1,0
0,22,58,1276,2,19.333333333333332,1,1,1,0,1,0,0,1,0,0,0
0,30,19,570,3,4.75,0,0,1,1,1,0,0,0,1,0,0
1,57,54,3078,2,18.0,1,0,1,0,1,0,0,0,0,1,0
1,58,98,5684,2,32.666666666666664,0,0,1,0,0,1,0,0,0,1,0
1,55,45,2475,1,22.5,1,0,0,0,1,0,0,0,0,1,0
0,37,102,3774,3,25.5,0,0,1,1,1,0,0,0,1,0,1
0,2,54,108,2,18.0,1,0,1,0,0,1,0,0,0,0,0
1,49,88,4312,2,29.333333333333332,1,0,1,0,0,1,0,0,0,1,0
1,24,79,1896,3,19.75,1,0,1,1,1,0,0,1,0,0,1
0,29,55,1595,2,18.333333333333332,0,0,1,0,1,0,0,0,1,0,0
0,1,45,45,3,11.25,1,0,1,1,1,0,0,0,0,0,1
0,72,110,7920,2,36.666666666666664,1,0,1,0,0,0,0,0,0,1,0
0,11,64,704,3,16.0,0,0,1,1,1,0,0,0,0,0,0
0,7,69,483,2,23.0,0,1,1,0,1,1,0,0,0,0,1
0,59,21,1239,2,7.0,0,1,1,0,0,0,0,0,0,1,0
0,68,56,3808,3,14.0,0,0,1,1,1,0,1,0,0,1,0
0,67,94,6298,3,23.5,0,1,1,1,1,0,0,0,0,1,0
1,2,79,158,2,26.333333333333332,0,0,1,0,0,0,0,0,0,0,1
1,31,91,2821,3,22.75,1,0,1,1,1,0,0,0,1,0,0
0,16,64,1024,2,21.333333333333332,1,1,1,0,0,1,0,1,0,0,0
0,17,94,1598,3,23.5,1,0,1,1,0,0,1,1,0,0,1
1,7,89,623,3,22.25,0,0,1,1,1,0,0,0,0,0,0
0,10,36,360,2,12.0,0,0,0,1,1,0,0,0,0,0,0
0,2,90,180,2,30.0,0,0,1,0,0,0,0,0,0,0,0
0,59,90,5310,3,22.5,0,1,1,1,0,1,0,0,0,1,0
1,3,75,225,2,25.0,0,0,1,0,0,0,0,0,0,0,1
0,22,89,1958,2,29.666666666666668,0,0,1,0,0,0,0,1,0,0,0
0,13,51,663,3,12.75,1,0,1,1,0,1,0,1,0,0,0
0,10,45,450,2,15.0,0,0,1,0,0,0,1,0,0,0,0
0,35,46,1610,1,23.0,0,1,0,0,0,0,0,0,1,0,0
1,32,75,2400,3,18.75,1,0,1,1,1,0,0,0,1,0,1
0,5,56,280,2,18.666666666666668,1,0,1,0,1,1,0,0,0,0,0
1,31,85,2635,2,28.333333333333332,0,0,1,0,1,0,0,0,1,0,0
0,46,45,2070,3,11.25,1,0,1,1,1,0,0,0,1,0,0
1,20,79,1580,2,26.333333333333332,0,0,1,0,0,1,0,1,0,0,1
0,10,80,800,2,26.666666666666668,1,0,1,0,0,1,0,0,0,0,0
0,47,107,5029,2,35.666666666666664,1,1,1,0,1,0,0,0,1,0,1
0,23,90,2070,2,30.0,0,0,1,0,1,1,0,1,0,0,0
0,21,94,1974,2,31.333333333333332,0,0,1,0,0,0,1,1,0,0,0
0,63,90,5670,3,22.5,0,0,1,1,1,1,0,0,0,1,0
1,2,50,100,3,12.5,0,0,1,1,1,0,0,0,0,0,1
0,5,20,100,3,5.0,0,0,1,1,1,0,1,0,0,0,0
1,4,80,320,2,26.666666666666668,0,0,1,0,0,0,1,0,0,0,0
0,52,66,3432,1,33.0,0,0,0,0,0,1,0,0,0,1,0
0,26,20,520,2,6.666666666666667,1,0,1,0,0,0,0,0,1,0,0
1,2,70,140,2,23.333333333333332,0,0,1,0,0,1,0,0,0,0,1
0,44,54,2376,1,27.0,1,0,0,0,0,1,0,0,1,0,0
0,2,25,50,1,12.5,1,0,0,0,0,0,0,0,0,0,1
0,2,20,40,2,6.666666666666667,0,0,1,0,0,0,1,0,0,0,0
0,33,108,3564,2,36.0,0,0,1,0,0,0,0,0,1,0,0
0,30,95,2850,3,23.75,1,0,1,1,1,0,0,0,1,0,0
1,14,100,1400,2,33.333333333333336,0,0,1,0,0,0,0,1,0,0,1
0,12,95,1140,3,23.75,1,0,1,1,0,0,1,0,0,0,0
0,41,89,3649,3,22.25,1,0,1,1,1,1,0,0,1,0,0
0,9,103,927,2,34.333333333333336,1,1,1,0,0,1,0,0,0,0,0
1,69,110,7590,3,27.5,0,0,1,1,0,0,1,0,0,1,0
0,2,49,98,2,16.333333333333332,0,0,1,0,0,0,0,0,0,0,1
0,30,56,1680,2,18.666666666666668,1,0,1,0,1,0,0,0,1,0,0
0,51,94,4794,3,23.5,0,0,1,1,1,0,0,0,0,1,0
1,50,101,5050,3,25.25,0,0,1,1,1,0,1,0,0,1,0
0,69,24,1656,2,8.0,0,0,1,0,1,1,0,0,0,1,0
0,70,110,7700,2,36.666666666666664,0,0,1,0,0,0,1,0,0,1,0
0,52,61,3172,2,20.333333333333332,1,0,1,0,1,1,0,0,0,1,0
0,18,49,882,2,16.333333333333332,1,0,1,0,0,0,0,1,0,0,1
0,46,89,4094,2,29.666666666666668,1,0,1,0,0,0,0,0,1,0,0
0,55,19,1045,2,6.333333333333333,1,1,1,0,0,0,0,0,0,1,0
1,5,76,380,2,25.333333333333332,0,0,1,0,0,0,1,0,0,0,1
1,3,87,261,3,21.75,0,0,1,1,1,0,0,0,0,0,1
0,6,19,114,2,6.333333333333333,1,0,1,0,1,0,0,0,0,0,0
0,70,84,5880,2,28.0,1,1,1,0,0,0,0,0,0,1,0
0,59,72,4248,3,18.0,0,1,1,1,1,0,1,0,0,1,0
0,40,55,2200,2,18.333333333333332,0,0,0,1,1,0,0,0,1,0,0
0,71,20,1420,2,6.666666666666667,1,0,1,0,0,0,1,0,0,1,0
0,5,80,400,2,26.666666666666668,1,0,1,0,1,0,0,0,0,0,0
0,10,86,860,2,28.666666666666668,0,1,1,0,0,0,1,0,0,0,0
1,65,107,6955,3,26.75,0,1,1,1,1,0,0,0,0,1,0
0,5,24,120,1,12.0,1,0,0,0,1,0,0,0,0,0,0
0,1,50,50,2,16.666666666666668,1,1,1,0,0,1,0,0,0,0,0
0,57,19,1083,3,4.75,1,1,1,1,0,1,0,0,0,1,0
0,62,81,5022,2,27.0,0,0,1,0,0,0,0,0,0,1,0
1,30,69,2070,2,23.0,1,0,1,0,1,0,0,0,1,0,0
0,29,34,986,1,17.0,1,0,0,0,0,0,1,0,1,0,0
0,56,25,1400,3,6.25,0,1,1,1,1,0,0,0,0,1,0
0,58,45,2610,2,15.0,1,0,0,1,1,0,0,0,0,1,0
1,35,73,2555,3,18.25,1,0,1,1,1,1,0,0,1,0,0
0,67,105,7035,3,26.25,1,1,1,1,1,0,0,0,0,1,0
0,70,85,5950,2,28.333333333333332,0,0,1,0,1,0,0,0,0,1,0
0,24,56,1344,2,18.666666666666668,1,1,1,0,0,0,0,1,0,0,0
0,34,57,1938,3,14.25,1,0,1,1,1,0,0,0,1,0,0
1,71,100,7100,3,25.0,0,0,1,1,0,1,0,0,0,1,0
1,4,83,332,3,20.75,0,0,1,1,1,0,0,0,0,0,0
0,12,81,972,3,20.25,1,0,1,1,1,0,0,0,0,0,1
0,15,52,780,2,17.333333333333332,1,0,1,0,0,0,0,1,0,0,1
0,46,25,1150,3,6.25,1,1,1,1,1,0,0,0,1,0,0
0,44,62,2728,3,15.5,1,1,1,1,1,0,0,0,1,0,0
0,40,103,4120,3,25.75,1,0,1,1,1,0,1,0,1,0,0
1,14,105,1470,3,26.25,0,0,1,1,0,0,1,1,0,0,1
1,68,61,4148,2,20.333333333333332,0,0,1,0,1,0,0,0,0,1,0
0,33,61,2013,2,20.333333333333332,1,0,1,0,0,0,0,0,1,0,0
0,29,20,580,3,5.0,0,1,1,1,1,1,0,0,1,0,0
0,59,107,6313,2,35.666666666666664,0,0,1,0,0,1,0,0,0,1,0
0,25,74,1850,2,24.666666666666668,1,0,1,0,0,0,0,0,1,0,0
0,7,69,483,3,17.25,0,0,1,1,0,1,0,0,0,0,0
1,16,70,1120,3,17.5,1,0,1,1,1,0,0,1,0,0,0
0,38,74,2812,2,24.666666666666668,1,1,1,0,0,0,0,0,1,0,0
0,10,68,680,3,17.0,0,0,1,1,1,0,1,0,0,0,0
0,69,20,1380,2,6.666666666666667,1,0,1,0,0,0,1,0,0,1,0
1,54,55,2970,1,27.5,1,0,0,0,0,0,0,0,0,1,0
0,53,85,4505,2,28.333333333333332,0,1,1,0,0,0,0,0,0,1,0
0,1,20,20,3,5.0,1,1,1,1,0,0,1,0,0,0,1
0,41,75,3075,2,25.0,0,0,1,0,1,0,0,0,1,0,0
0,31,20,620,3,5.0,0,1,1,1,1,0,0,0,1,0,0
1,20,107,2140,2,35.666666666666664,1,0,1,0,1,1,0,1,0,0,0
0,19,25,475,1,12.5,1,1,0,0,0,1,0,1,0,0,0
0,50,76,3800,2,25.333333333333332,0,0,1,0,0,0,1,0,0,1,0
0,27,20,540,3,5.0,1,1,1,1,0,0,1,0,1,0,0
0,54,110,5940,3,27.5,1,0,1,1,1,0,0,0,0,1,1
1,42,95,3990,2,31.666666666666668,0,0,1,0,1,0,0,0,1,0,0
0,12,19,228,2,6.333333333333333,1,1,1,0,0,0,0,0,0,0,0
0,49,101,4949,2,33.666666666666664,1,1,1,0,0,0,0,0,0,1,1
0,27,69,1863,3,17.25,1,0,1,1,0,0,0,0,1,0,0
0,24,20,480,2,6.666666666666667,0,0,1,0,1,0,0,1,0,0,0
0,67,105,7035,3,26.25,1,1,1,1,1,1,0,0,0,1,0
0,2,45,90,2,15.0,0,0,1,0,0,0,1,0,0,0,0
0,72,114,8208,2,38.0,1,0,1,0,1,0,0,0,0,1,0
1,52,106,5512,2,35.333333333333336,0,0,1,0,0,1,0,0,0,1,0
0,10,74,740,2,24.666666666666668,1,0,1,0,0,0,0,0,0,0,1
1,72,74,5328,2,24.666666666666668,1,0,1,0,0,0,0,0,0,1,0
1,72,116,8352,2,38.666666666666664,1,1,1,0,0,0,0,0,0,1,0
0,51,81,4131,2,27.0,0,1,1,0,1,0,0,0,0,1,0
1,26,98,2548,2,32.666666666666664,0,0,1,0,0,1,0,0,1,0,0
1,52,109,5668,2,36.333333333333336,0,0,1,0,0,0,0,0,0,1,0
0,47,21,987,3,5.25,1,1,1,1,1,0,0,0,1,0,0
0,36,19,684,3,4.75,1,0,1,1,1,1,0,0,1,0,0
0,3,20,60,2,6.666666666666667,0,0,1,0,0,0,0,0,0,0,1
1,1,71,71,2,23.666666666666668,0,0,1,0,0,0,1,0,0,0,0
1,12,44,528,2,14.666666666666666,1,0,0,1,0,0,1,0,0,0,1
0,72,112,8064,3,28.0,1,0,1,1,0,1,0,0,0,1,0
0,12,20,240,3,5.0,1,0,1,1,1,0,0,0,0,0,0
1,1,95,95,3,23.75,1,0,1,1,1,0,1,0,0,0,1
0,30,70,2100,2,23.333333333333332,1,0,1,0,0,1,0,0,1,0,0
0,42,50,2100,2,16.666666666666668,0,0,1,0,0,0,0,0,1,0,0
0,3,69,207,3,17.25,1,0,1,1,1,0,0,0,0,0,1
1,13,89,1157,3,22.25,1,0,1,1,1,0,0,1,0,0,1
0,12,100,1200,3,25.0,0,0,1,1,0,0,0,0,0,0,1
1,57,101,5757,3,25.25,1,0,1,1,1,0,0,0,0,1,1
1,32,85,2720,3,21.25,1,0,1,1,0,0,1,0,1,0,1
0,68,77,5236,2,25.666666666666668,1,0,1,0,0,0,1,0,0,1,0
0,8,20,160,3,5.0,0,1,1,1,0,0,1,0,0,0,0
0,1,20,20,2,6.666666666666667,0,0,1,0,1,0,0,0,0,0,1
0,46,20,920,2,6.666666666666667,1,1,1,0,0,0,1,0,1,0,0
0,10,95,950,3,23.75,1,0,1,1,1,1,0,0,0,0,0
1,4,30,120,2,10.0,1,0,0,1,1,0,1,0,0,0,0
1,1,46,46,3,11.5,1,0,1,1,1,0,0,0,0,0,0
1,4,85,340,3,21.25,0,0,1,1,1,1,0,0,0,0,1
0,68,20,1360,3,5.0,0,0,1,1,1,1,0,0,0,1,0
0,58,94,5452,2,31.333333333333332,1,1,1,0,0,1,0,0,0,1,0
0,1,24,24,2,8.0,1,0,0,1,1,0,1,0,0,0,0
1,12,73,876,2,24.333333333333332,1,0,1,0,0,0,0,0,0,0,0
0,5,100,500,3,25.0,0,0,1,1,1,0,0,0,0,0,1
0,20,20,400,2,6.666666666666667,0,1,1,0,0,0,1,1,0,0,0
0,27,19,513,2,6.333333333333333,1,1,1,0,0,0,0,0,1,0,0
0,31,85,2635,2,28.333333333333332,0,0,1,0,0,0,0,0,1,0,0
0,70,98,6860,3,24.5,0,0,1,1,1,0,1,0,0,1,0
0,67,69,4623,2,23.0,1,1,1,0,0,1,0,0,0,1,0
0,3,50,150,3,12.5,1,0,1,1,1,0,0,0,0,0,0
0,28,54,1512,3,13.5,1,1,1,1,1,0,0,0,1,0,0
0,29,20,580,2,6.666666666666667,1,1,1,0,1,0,0,0,1,0,0
0,4,75,300,2,25.0,0,0,1,0,0,0,0,0,0,0,1
0,50,80,4000,2,26.666666666666668,0,0,1,0,0,1,0,0,0,1,0
1,34,64,2176,3,16.0,0,0,1,1,0,0,0,0,1,0,0
0,67,90,6030,2,30.0,1,1,1,0,0,1,0,0,0,1,0
0,72,104,7488,2,34.666666666666664,1,1,1,0,0,0,0,0,0,1,0
1,4,100,400,2,33.333333333333336,0,0,1,0,0,1,0,0,0,0,1
1,7,84,588,3,21.0,0,0,1,1,1,1,0,0,0,0,0
0,47,104,4888,3,26.0,0,0,1,1,0,0,0,0,1,0,0
0,11,51,561,3,12.75,0,1,1,1,0,0,1,0,0,0,0
0,40,105,4200,3,26.25,1,0,1,1,1,1,0,0,1,0,1
1,40,102,4080,3,25.5,1,0,1,1,1,1,0,0,1,0,1
0,31,94,2914,3,23.5,1,0,1,1,1,0,0,0,1,0,0
0,62,23,1426,2,7.666666666666667,1,0,1,0,0,0,0,0,0,1,0
0,61,104,6344,3,26.0,0,0,1,1,1,1,0,0,0,1,0
0,67,36,2412,2,12.0,0,1,0,1,1,0,1,0,0,1,0
1,72,24,1728,3,6.0,0,0,1,1,1,0,0,0,0,1,0
0,62,39,2418,1,19.5,1,0,0,0,0,0,0,0,0,1,0
1,2,70,140,2,23.333333333333332,0,0,1,0,1,0,0,0,0,0,1
0,59,100,5900,3,25.0,0,0,1,1,1,1,0,0,0,1,0
0,4,56,224,3,14.0,1,0,1,1,1,0,0,0,0,0,0
0,72,90,6480,2,30.0,1,0,1,0,1,1,0,0,0,1,0
0,70,65,4550,2,21.666666666666668,1,1,1,0,0,0,0,0,0,1,0
0,38,99,3762,2,33.0,1,1,1,0,1,1,0,0,1,0,1
1,19,91,1729,2,30.333333333333332,1,0,1,0,1,0,1,1,0,0,1
0,3,70,210,2,23.333333333333332,1,0,1,0,0,1,0,0,0,0,1
0,4,58,232,3,14.5,0,1,1,1,1,0,0,0,0,0,0
0,4,46,184,2,15.333333333333334,0,0,1,0,1,1,0,0,0,0,1
0,18,95,1710,3,23.75,1,1,1,1,1,0,0,1,0,0,1
0,51,25,1275,2,8.333333333333334,1,0,1,0,0,0,1,0,0,1,0
0,13,85,1105,2,28.333333333333332,0,0,1,0,1,0,0,1,0,0,1
0,3,80,240,3,20.0,1,0,1,1,1,0,0,0,0,0,0
1,10,85,850,2,28.333333333333332,0,0,1,0,0,0,1,0,0,0,1
0,61,99,6039,2,33.0,1,0,1,0,0,0,1,0,0,1,0
0,31,35,1085,1,17.5,1,1,0,0,1,0,0,0,1,0,1
0,72,66,4752,1,33.0,1,0,0,0,0,1,0,0,0,1,0
1,14,90,1260,3,22.5,1,0,1,1,1,0,1,1,0,0,1
0,11,80,880,3,20.0,1,0,1,1,1,0,0,0,0,0,1
1,56,95,5320,3,23.75,1,1,1,1,1,0,1,0,0,1,0
0,31,81,2511,3,20.25,1,0,1,1,1,0,0,0,1,0,0
0,4,20,80,3,5.0,1,0,1,1,1,1,0,0,0,0,0
1,21,65,1365,3,16.25,1,0,1,1,1,0,0,1,0,0,0
0,22,21,462,3,5.25,0,1,1,1,1,0,0,1,0,0,0
1,23,90,2070,3,22.5,1,0,1,1,0,1,0,1,0,0,0
0,29,40,1160,1,20.0,0,0,0,0,0,0,0,0,1,0,0
1,47,60,2820,2,20.0,1,0,1,0,0,1,0,0,1,0,0
1,65,109,7085,3,27.25,0,0,1,1,1,1,0,0,0,1,0
0,1,30,30,1,15.0,0,0,0,0,0,1,0,0,0,0,0
0,8,54,432,2,18.0,1,1,1,0,0,1,0,0,0,0,0
0,24,83,1992,3,20.75,0,1,1,1,0,0,1,1,0,0,0
1,5,50,250,2,16.666666666666668,1,0,1,0,0,0,0,0,0,0,1
1,25,90,2250,2,30.0,0,0,1,0,0,0,0,0,1,0,1
0,2,69,138,3,17.25,0,0,1,1,1,0,0,0,0,0,1
0,6,20,120,2,6.666666666666667,0,1,1,0,0,0,1,0,0,0,0
0,41,20,820,3,5.0,1,1,1,1,1,1,0,0,1,0,0
0,11,45,495,3,11.25,0,0,1,1,0,0,0,0,0,0,0
1,29,99,2871,2,33.0,0,0,1,0,0,1,0,0,1,0,1
0,30,20,600,2,6.666666666666667,0,1,1,0,1,0,0,0,1,0,0
0,70,98,6860,3,24.5,1,1,1,1,0,0,1,0,0,1,0
0,25,54,1350,3,13.5,0,0,1,1,0,1,0,0,1,0,0
0,12,29,348,2,9.666666666666666,0,1,0,1,0,0,1,0,0,0,1
0,12,20,240,3,5.0,0,0,1,1,1,0,0,0,0,0,0
0,63,108,6804,2,36.0,0,0,1,0,0,0,0,0,0,1,1
0,47,99,4653,2,33.0,0,0,1,0,0,0,0,0,1,0,1
0,72,99,7128,2,33.0,1,0,1,0,0,0,1,0,0,1,0
0,18,50,900,2,16.666666666666668,0,0,1,0,1,0,0,1,0,0,0
0,71,85,6035,2,28.333333333333332,0,0,1,0,0,0,0,0,0,1,0
0,1,75,75,2,25.0,1,0,1,0,1,0,0,0,0,0,1
0,42,54,2268,3,13.5,1,1,1,1,1,1,0,0,1,0,0
0,19,89,1691,2,29.666666666666668,0,0,1,0,0,0,1,1,0,0,0
0,72,105,7560,3,26.25,1,1,1,1,1,1,0,0,0,1,0
0,70,114,7980,2,38.0,0,0,1,0,0,1,0,0,0,1,0
1,56,73,4088,3,18.25,0,1,1,1,1,1,0,0,0,1,0
0,46,46,2116,2,15.333333333333334,0,0,0,1,1,0,1,0,1,0,0
0,72,108,7776,2,36.0,0,1,1,0,0,1,0,0,0,1,0
1,69,85,5865,2,28.333333333333332,1,0,1,0,0,0,1,0,0,1,0
0,53,21,1113,3,5.25,0,0,1,1,1,0,0,0,0,1,1
0,35,49,1715,2,16.333333333333332,1,0,0,1,1,0,0,0,1,0,0
0,9,88,792,2,29.333333333333332,1,0,1,0,0,0,0,0,0,0,0
0,19,89,1691,2,29.666666666666668,1,0,1,0,0,0,0,1,0,0,0
0,61,115,7015,2,38.333333333333336,0,0,1,0,1,0,0,0,0,1,0
0,8,55,440,2,18.333333333333332,1,0,1,0,0,0,1,0,0,0,0
0,29,101,2929,3,25.25,0,0,1,1,1,0,0,0,1,0,0
0,72,108,7776,2,36.0,1,0,1,0,1,0,0,0,0,1,0
0,1,100,100,2,33.333333333333336,1,1,1,0,0,0,1,0,0,0,1
0,7,67,469,2,22.333333333333332,0,0,1,0,0,0,1,0,0,0,0
0,16,49,784,3,12.25,1,0,1,1,0,0,0,1,0,0,0
0,21,26,546,1,13.0,1,1,0,0,0,0,0,1,0,0,0
0,7,40,280,1,20.0,0,0,0,0,0,0,0,0,0,0,1
1,7,90,630,2,30.0,1,0,1,0,1,0,0,0,0,0,1
0,32,91,2912,2,30.333333333333332,1,1,1,0,0,0,1,0,1,0,0
0,67,116,7772,2,38.666666666666664,1,0,1,0,0,0,0,0,0,1,1
0,67,109,7303,3,27.25,0,1,1,1,1,1,0,0,0,1,0
0,24,55,1320,2,18.333333333333332,1,0,1,0,0,0,0,1,0,0,0
0,17,21,357,2,7.0,1,0,1,0,0,0,1,1,0,0,0
0,24,50,1200,3,12.5,1,0,1,1,1,0,1,1,0,0,0
0,28,97,2716,2,32.333333333333336,1,0,1,0,0,0,1,0,1,0,0
1,38,95,3610,2,31.666666666666668,0,0,1,0,1,1,0,0,1,0,0
0,38,80,3040,2,26.666666666666668,0,1,1,0,0,0,0,0,1,0,1
0,1,79,79,3,19.75,1,0,1,1,1,1,0,0,0,0,1
0,72,103,7416,3,25.75,1,1,1,1,0,1,0,0,0,1,1
0,8,101,808,2,33.666666666666664,0,0,1,0,0,1,0,0,0,0,1
1,62,90,5580,2,30.0,1,0,1,0,0,0,0,0,0,1,0
0,67,88,5896,2,29.333333333333332,1,0,1,0,0,0,1,0,0,1,0
0,18,20,360,3,5.0,0,1,1,1,0,1,0,1,0,0,0
0,2,64,128,2,21.333333333333332,1,0,1,0,0,0,0,0,0,0,0
0,33,34,1122,1,17.0,1,1,0,0,1,0,0,0,1,0,0
0,71,24,1704,2,8.0,0,0,1,0,0,0,1,0,0,1,0
0,7,21,147,2,7.0,0,0,1,0,0,1,0,0,0,0,0
0,17,93,1581,3,23.25,0,1,1,1,1,0,1,1,0,0,0
0,12,20,240,2,6.666666666666667,1,0,1,0,1,1,0,0,0,0,0
1,50,109,5450,2,36.333333333333336,0,0,1,0,0,0,0,0,0,1,0
0,45,51,2295,2,17.0,1,0,1,0,0,0,0,0,1,0,0
0,56,99,5544,2,33.0,1,0,1,0,0,0,1,0,0,1,0
0,59,76,4484,3,19.0,0,1,1,1,1,0,0,0,0,1,0
0,1,87,87,3,21.75,1,0,1,1,0,1,0,0,0,0,1
0,1,81,81,3,20.25,1,0,1,1,1,0,0,0,0,0,1
0,67,90,6030,2,30.0,1,1,1,0,0,0,0,0,0,1,0
0,39,45,1755,1,22.5,1,1,0,0,0,0,1,0,1,0,0
0,36,93,3348,2,31.0,0,1,1,0,0,0,1,0,1,0,0
0,72,70,5040,2,23.333333333333332,0,1,1,0,1,0,0,0,0,1,0
1,66,100,6600,3,25.0,1,0,1,1,0,0,1,0,0,1,1
0,9,20,180,3,5.0,0,0,1,1,1,0,1,0,0,0,0
0,68,26,1768,2,8.666666666666666,0,0,1,0,0,1,0,0,0,1,0
0,7,24,168,3,6.0,1,0,1,1,1,0,1,0,0,0,0
0,4,50,200,2,16.666666666666668,1,0,1,0,1,1,0,0,0,0,1
0,39,73,2847,2,24.333333333333332,1,0,1,0,1,0,0,0,1,0,0
0,7,21,147,2,7.0,0,1,1,0,0,0,0,0,0,0,0
1,46,101,4646,3,25.25,1,0,1,1,1,0,0,0,1,0,1
0,61,98,5978,2,32.666666666666664,1,1,1,0,0,1,0,0,0,1,0
0,20,20,400,2,6.666666666666667,1,0,1,0,0,0,1,1,0,0,0
0,43,100,4300,2,33.333333333333336,1,0,1,0,0,0,0,0,1,0,1
0,62,21,1302,2,7.0,1,1,1,0,0,0,0,0,0,1,0
0,69,46,3174,2,15.333333333333334,0,1,0,1,1,0,0,0,0,1,0
0,2,61,122,2,20.333333333333332,1,1,1,0,0,1,0,0,0,0,0
1,32,81,2592,3,20.25,1,0,1,1,0,0,1,0,1,0,0
0,10,104,1040,3,26.0,1,0,1,1,0,0,1,0,0,0,1
0,68,100,6800,3,25.0,1,1,1,1,1,0,0,0,0,1,0
0,13,75,975,2,25.0,1,0,1,0,0,0,1,1,0,0,1
0,2,54,108,2,18.0,1,0,1,0,0,0,1,0,0,0,1
0,34,26,884,3,6.5,1,0,1,1,0,0,1,0,1,0,0
0,72,90,6480,2,30.0,0,1,1,0,1,0,0,0,0,1,0
0,64,105,6720,2,35.0,1,0,1,0,0,0,0,0,0,1,0
0,60,21,1260,3,5.25,1,1,1,1,1,0,0,0,0,1,0
0,3,65,195,3,16.25,0,0,1,1,1,1,0,0,0,0,0
0,65,96,6240,2,32.0,0,0,1,0,1,0,1,0,0,1,0
0,50,25,1250,3,6.25,1,1,1,1,1,0,0,0,0,1,0
0,63,81,5103,2,27.0,0,0,1,0,0,0,0,0,0,1,0
1,60,89,5340,3,22.25,0,0,1,1,0,1,0,0,0,1,0
0,22,26,572,2,8.666666666666666,0,0,1,0,0,0,0,1,0,0,0
1,8,81,648,3,20.25,0,0,1,1,0,0,1,0,0,0,1
0,23,74,1702,3,18.5,0,0,1,1,1,1,0,1,0,0,0
0,4,74,296,2,24.666666666666668,1,0,1,0,1,0,0,0,0,0,1
1,2,19,38,3,4.75,1,0,1,1,1,0,0,0,0,0,0
0,0,81,0,3,20.25,0,1,1,1,1,0,0,0,0,0,0
0,2,20,40,3,5.0,0,1,1,1,0,0,0,0,0,0,1
0,62,26,1612,3,6.5,0,0,1,1,1,0,0,0,0,1,0
1,14,80,1120,2,26.666666666666668,0,0,1,0,0,0,0,1,0,0,0
0,56,20,1120,2,6.666666666666667,0,0,1,0,0,0,0,0,0,1,0
1,34,94,3196,2,31.333333333333332,0,0,1,0,0,0,0,0,1,0,1
0,63,90,5670,2,30.0,1,0,1,0,1,0,0,0,0,1,0
0,49,36,1764,2,12.0,0,1,0,1,1,0,0,0,0,1,0
0,34,101,3434,2,33.666666666666664,1,0,1,0,0,1,0,0,1,0,0
0,1,44,44,2,14.666666666666666,1,0,1,0,0,0,1,0,0,0,0
0,72,91,6552,2,30.333333333333332,1,1,1,0,1,0,0,0,0,1,0
0,13,50,650,3,12.5,1,1,1,1,1,0,0,1,0,0,0
0,68,83,5644,2,27.666666666666668,0,1,1,0,1,0,0,0,0,1,1
0,18,55,990,2,18.333333333333332,1,0,1,0,1,0,0,1,0,0,0
0,19,100,1900,2,33.333333333333336,1,0,1,0,0,0,0,1,0,0,1
1,40,79,3160,2,26.333333333333332,0,0,1,0,0,1,0,0,1,0,1
0,14,20,280,2,6.666666666666667,0,1,1,0,1,0,0,1,0,0,0
0,46,45,2070,2,15.0,0,0,1,0,0,0,1,0,1,0,0
0,1,85,85,2,28.333333333333332,1,0,1,0,0,0,1,0,0,0,1
0,8,65,520,3,16.25,0,0,1,1,0,0,0,0,0,0,0
0,23,60,1380,2,20.0,1,1,1,0,1,1,0,1,0,0,0
1,56,73,4088,3,18.25,0,0,1,1,1,1,0,0,0,1,0
0,3,84,252,3,21.0,1,0,1,1,1,0,1,0,0,0,0
0,55,65,3575,2,21.666666666666668,0,0,1,0,0,0,1,0,0,1,0
0,4,49,196,3,12.25,1,0,1,1,0,0,1,0,0,0,0
0,72,65,4680,2,21.666666666666668,0,1,0,1,1,0,0,0,0,1,0
0,17,19,323,2,6.333333333333333,0,0,1,0,1,0,1,1,0,0,0
0,65,99,6435,2,33.0,0,1,1,0,0,0,0,0,0,1,0
0,1,20,20,3,5.0,1,0,1,1,1,1,0,0,0,0,1
0,52,80,4160,2,26.666666666666668,0,0,1,0,1,0,0,0,0,1,0
0,25,20,500,3,5.0,1,0,1,1,1,1,0,0,1,0,0
0,58,94,5452,3,23.5,0,0,1,1,0,0,0,0,0,1,0
0,71,48,3408,1,24.0,0,0,0,0,1,1,0,0,0,1,0
0,3,74,222,2,24.666666666666668,1,0,1,0,0,0,1,0,0,0,0
0,17,67,1139,3,16.75,1,1,1,1,1,0,0,1,0,0,0
0,1,70,70,3,17.5,1,0,1,1,1,0,1,0,0,0,0
0,17,80,1360,3,20.0,1,0,1,1,1,0,1,1,0,0,0
0,13,54,702,2,18.0,0,1,1,0,0,0,1,1,0,0,0
1,1,70,70,2,23.333333333333332,0,0,1,0,0,0,1,0,0,0,1
0,29,59,1711,2,19.666666666666668,1,0,1,0,1,0,0,0,1,0,0
0,57,113,6441,3,28.25,0,0,1,1,1,0,1,0,0,1,1
0,12,51,612,3,12.75,0,0,1,1,1,0,0,0,0,0,0
1,13,90,1170,3,22.5,1,0,1,1,0,0,1,1,0,0,1
0,53,25,1325,3,6.25,1,0,1,1,1,0,0,0,0,1,0
0,57,60,3420,2,20.0,1,0,1,0,1,0,0,0,0,1,0
1,65,106,6890,3,26.5,0,0,1,1,0,0,1,0,0,1,1
0,4,60,240,3,15.0,0,0,1,1,0,0,0,0,0,0,1
1,13,55,715,2,18.333333333333332,0,0,1,0,0,1,0,1,0,0,0
0,8,19,152,2,6.333333333333333,0,1,1,0,0,0,0,0,0,0,0
0,60,106,6360,2,35.333333333333336,0,0,1,0,1,1,0,0,0,1,0
0,15,88,1320,3,22.0,0,0,1,1,1,0,0,1,0,0,1
0,1,70,70,2,23.333333333333332,0,0,1,0,1,1,0,0,0,0,1
0,34,30,1020,2,10.0,1,1,0,1,0,0,0,0,1,0,0
0,1,45,45,2,15.0,1,1,1,0,1,0,0,0,0,0,0
1,35,108,3780,3,27.0,0,0,1,1,1,0,0,0,1,0,0
0,2,55,110,2,18.333333333333332,1,1,1,0,0,0,0,0,0,0,0
0,34,21,714,3,5.25,0,1,1,1,0,0,1,0,1,0,0
0,15,20,300,3,5.0,1,0,1,1,0,0,1,1,0,0,0
0,42,66,2772,2,22.0,0,0,1,0,0,0,0,0,1,0,0
0,70,20,1400,3,5.0,0,0,1,1,1,0,0,0,0,1,0
0,34,79,2686,3,19.75,1,1,1,1,1,0,1,0,1,0,0
1,42,79,3318,2,26.333333333333332,1,0,1,0,0,0,0,0,1,0,0
0,1,19,19,3,4.75,0,0,1,1,1,1,0,0,0,0,0
0,57,53,3021,2,17.666666666666668,0,1,1,0,1,0,1,0,0,1,0
0,14,65,910,3,16.25,0,0,1,1,1,0,0,1,0,0,1
0,10,57,570,3,14.25,1,0,1,1,1,1,0,0,0,0,0
0,22,65,1430,2,21.666666666666668,0,0,1,0,0,1,0,1,0,0,0
0,15,20,300,2,6.666666666666667,0,0,1,0,0,0,1,1,0,0,1
0,60,24,1440,2,8.0,1,0,1,0,1,0,0,0,0,1,0
1,9,99,891,2,33.0,1,0,1,0,0,0,0,0,0,0,1
0,59,61,3599,2,20.333333333333332,1,0,1,0,0,0,0,0,0,1,0
0,34,106,3604,2,35.333333333333336,1,0,1,0,0,0,0,0,1,0,1
0,1,100,100,2,33.333333333333336,0,0,1,0,0,0,0,0,0,0,1
0,48,97,4656,2,32.333333333333336,0,0,1,0,1,0,0,0,1,0,0
0,71,90,6390,2,30.0,1,1,1,0,0,0,1,0,0,1,0
0,71,60,4260,1,30.0,0,1,0,0,0,0,1,0,0,1,0
0,9,44,396,3,11.0,0,0,1,1,0,1,0,0,0,0,1
0,10,24,240,2,8.0,0,0,1,0,0,0,0,0,0,0,0
0,72,115,8280,2,38.333333333333336,0,0,1,0,0,0,1,0,0,1,0
0,3,30,90,1,15.0,1,0,0,0,0,1,0,0,0,0,0
0,57,54,3078,1,27.0,1,0,0,0,0,1,0,0,0,1,0
0,35,57,1995,3,14.25,0,0,1,1,1,1,0,0,1,0,0
0,50,70,3500,2,23.333333333333332,1,0,1,0,1,0,0,0,0,1,0
0,9,86,774,2,28.666666666666668,1,0,1,0,1,0,0,0,0,0,0
0,12,49,588,2,16.333333333333332,1,1,1,0,1,0,1,0,0,0,0
1,60,98,5880,3,24.5,1,0,1,1,1,0,0,0,0,1,0
0,46,30,1380,2,10.0,1,0,0,1,0,0,0,0,1,0,1
0,12,34,408,1,17.0,0,0,0,0,0,0,0,0,0,0,0
0,11,54,594,3,13.5,0,0,1,1,1,0,0,0,0,0,0
0,39,41,1599,2,13.666666666666666,1,0,0,1,0,0,0,0,1,0,0
0,50,104,5200,2,34.666666666666664,1,1,1,0,1,0,0,0,0,1,1
0,19,87,1653,3,21.75,0,0,1,1,0,0,1,1,0,0,0
0,72,105,7560,2,35.0,1,1,1,0,1,0,1,0,0,1,0
1,7,96,672,2,32.0,1,0,1,0,1,0,0,0,0,0,1
0,37,67,2479,2,22.333333333333332,1,0,1,0,0,0,0,0,1,0,0
0,31,26,806,3,6.5,1,1,1,1,1,0,0,0,1,0,0
0,1,70,70,2,23.333333333333332,0,0,1,0,0,1,0,0,0,0,1
1,72,112,8064,3,28.0,0,0,1,1,1,0,0,0,0,1,0
0,32,61,1952,3,15.25,0,1,1,1,1,0,1,0,1,0,0
0,46,73,3358,2,24.333333333333332,1,0,1,0,0,0,0,0,1,0,0
0,27,96,2592,3,24.0,0,0,1,1,0,0,1,0,1,0,0
0,69,21,1449,2,7.0,1,1,1,0,0,1,0,0,0,1,0
0,14,93,1302,2,31.0,1,0,1,0,0,0,0,1,0,0,0
0,32,20,640,2,6.666666666666667,0,0,1,0,0,0,0,0,1,0,0
0,67,19,1273,2,6.333333333333333,1,0,1,0,0,0,0,0,0,1,0
0,1,20,20,3,5.0,0,0,1,1,0,0,1,0,0,0,0
0,43,91,3913,3,22.75,1,0,1,1,1,0,0,0,1,0,0
0,2,49,98,2,16.333333333333332,1,0,1,0,1,0,0,0,0,0,0
0,12,50,600,2,16.666666666666668,0,0,0,1,0,0,1,0,0,0,0
0,28,36,1008,1,18.0,0,0,0,0,0,1,0,0,1,0,0
1,30,104,3120,2,34.666666666666664,0,0,1,0,0,0,0,0,1,0,0
0,16,89,1424,2,29.666666666666668,1,0,1,0,1,0,0,1,0,0,1
0,31,79,2449,2,26.333333333333332,1,1,1,0,0,0,1,0,1,0,1
0,14,59,826,2,19.666666666666668,0,1,1,0,0,0,0,1,0,0,0
1,72,110,7920,2,36.666666666666664,0,0,1,0,1,0,0,0,0,1,0
0,53,21,1113,2,7.0,0,1,1,0,0,1,0,0,0,1,0
0,68,40,2720,2,13.333333333333334,1,0,0,1,1,1,0,0,0,1,0
0,50,90,4500,2,30.0,0,0,1,0,0,1,0,0,0,1,0
1,70,106,7420,2,35.333333333333336,0,0,1,0,0,0,0,0,0,1,0
0,36,95,3420,2,31.666666666666668,0,0,1,0,0,0,0,0,1,0,0
0,57,59,3363,1,29.5,0,0,0,0,1,0,0,0,0,1,0
0,9,88,792,3,22.0,0,0,1,1,0,0,1,0,0,0,0
0,3,55,165,3,13.75,1,1,1,1,0,0,0,0,0,0,1
0,19,25,475,2,8.333333333333334,0,1,1,0,1,0,1,1,0,0,0
0,68,119,8092,2,39.666666666666664,0,0,1,0,0,0,0,0,0,1,0
1,29,96,2784,2,32.0,1,0,1,0,0,0,1,0,1,0,1
1,17,83,1411,3,20.75,0,0,1,1,0,0,0,1,0,0,0
1,71,115,8165,2,38.333333333333336,1,0,1,0,1,1,0,0,0,1,0
0,1,89,89,3,22.25,1,1,1,1,1,0,0,0,0,0,1
0,49,79,3871,2,26.333333333333332,0,1,1,0,0,0,0,0,0,1,0
0,13,84,1092,3,21.0,0,0,1,1,1,1,0,1,0,0,1
0,39,100,3900,2,33.333333333333336,1,0,1,0,0,0,0,0,1,0,0
0,49,20,980,2,6.666666666666667,0,1,1,0,1,0,0,0,0,1,0
0,22,85,1870,2,28.333333333333332,0,1,1,0,1,0,0,1,0,0,0
0,61,68,4148,2,22.666666666666668,1,1,1,0,0,0,1,0,0,1,0
0,1,21,21,3,5.25,1,0,1,1,0,1,0,0,0,0,1
0,2,104,208,3,26.0,0,0,1,1,0,1,0,0,0,0,1
0,7,20,140,3,5.0,0,1,1,1,1,1,0,0,0,0,0
1,71,25,1775,2,8.333333333333334,1,0,1,0,0,1,0,0,0,1,0
0,3,76,228,3,19.0,0,0,1,1,1,1,0,0,0,0,1
0,72,25,1800,2,8.333333333333334,1,0,1,0,0,1,0,0,0,1,0
1,40,56,2240,2,18.666666666666668,1,0,1,0,0,0,1,0,1,0,0
0,14,20,280,3,5.0,1,0,1,1,1,0,0,1,0,0,0
0,65,108,7020,3,27.0,0,0,1,1,1,0,0,0,0,1,0
0,47,100,4700,3,25.0,0,0,1,1,0,0,1,0,1,0,0
0,25,20,500,2,6.666666666666667,1,0,1,0,0,0,0,0,1,0,0
1,2,73,146,3,18.25,1,0,1,1,1,0,1,0,0,0,0
1,46,60,2760,1,30.0,1,0,0,0,1,0,0,0,1,0,1
0,55,21,1155,2,7.0,0,1,1,0,0,1,0,0,0,1,0
0,63,110,6930,2,36.666666666666664,0,0,1,0,0,0,0,0,0,1,0
0,62,86,5332,3,21.5,1,1,1,1,1,0,1,0,0,1,0
0,48,45,2160,2,15.0,0,0,0,1,0,0,1,0,1,0,1
0,18,78,1404,2,26.0,1,0,1,0,1,0,0,1,0,0,0
0,71,86,6106,3,21.5,1,0,1,1,1,0,0,0,0,1,0
0,35,90,3150,2,30.0,1,1,1,0,1,0,0,0,1,0,0
0,27,57,1539,2,19.0,0,0,1,0,0,0,0,0,1,0,0
0,68,92,6256,2,30.666666666666668,1,1,1,0,1,0,0,0,0,1,0
0,3,20,60,3,5.0,0,0,1,1,0,0,1,0,0,0,0
0,39,21,819,2,7.0,0,0,1,0,1,0,0,0,1,0,0
0,53,94,4982,2,31.333333333333332,0,0,1,0,0,1,0,0,0,1,0
0,28,90,2520,2,30.0,0,1,1,0,0,0,0,0,1,0,1
0,5,75,375,2,25.0,1,0,1,0,0,1,0,0,0,0,0
0,50,35,1750,1,17.5,1,0,0,0,0,0,1,0,0,1,0
0,19,79,1501,2,26.333333333333332,1,0,1,0,0,0,1,1,0,0,0
0,17,70,1190,2,23.333333333333332,1,1,1,0,1,0,0,1,0,0,0
0,20,52,1040,2,17.333333333333332,1,0,1,0,1,0,0,1,0,0,0
0,63,20,1260,3,5.0,0,1,1,1,1,0,1,0,0,1,0
0,72,87,6264,2,29.0,1,0,1,0,0,0,0,0,0,1,0
0,52,92,4784,2,30.666666666666668,1,0,1,0,1,0,0,0,0,1,0
0,59,20,1180,2,6.666666666666667,0,1,1,0,0,0,0,0,0,1,0
0,30,64,1920,3,16.0,1,1,1,1,1,0,0,0,1,0,0
1,19,95,1805,2,31.666666666666668,0,0,1,0,0,0,0,1,0,0,0
0,47,113,5311,3,28.25,1,1,1,1,0,0,1,0,1,0,0
0,43,44,1892,1,22.0,1,0,0,0,0,0,0,0,1,0,0
0,57,58,3306,2,19.333333333333332,1,0,0,1,0,0,1,0,0,1,0
0,59,54,3186,3,13.5,1,0,1,1,1,1,0,0,0,1,0
0,12,85,1020,3,21.25,0,0,1,1,1,0,0,0,0,0,0
0,43,56,2408,2,18.666666666666668,1,0,1,0,1,0,0,0,1,0,0
0,64,87,5568,3,21.75,1,0,1,1,1,0,0,0,0,1,0
0,6,20,120,3,5.0,1,1,1,1,0,1,0,0,0,0,0
1,1,70,70,3,17.5,1,0,1,1,0,0,1,0,0,0,1
0,17,25,425,2,8.333333333333334,1,1,1,0,1,0,0,1,0,0,0
1,60,106,6360,2,35.333333333333336,0,0,1,0,0,0,0,0,0,1,1
0,72,114,8208,3,28.5,1,1,1,1,0,1,0,0,0,1,0
0,5,43,215,1,21.5,1,0,0,0,0,0,0,0,0,0,1
0,65,109,7085,2,36.333333333333336,0,1,1,0,0,1,0,0,0,1,0
0,6,59,354,2,19.666666666666668,1,0,1,0,0,0,1,0,0,0,0
0,4,74,296,3,18.5,1,0,1,1,1,0,1,0,0,0,1
0,20,106,2120,2,35.333333333333336,0,1,1,0,0,1,0,1,0,0,1
0,61,24,1464,3,6.0,0,0,1,1,1,0,1,0,0,1,0
1,65,105,6825,3,26.25,0,0,1,1,0,0,1,0,0,1,1
0,72,116,8352,2,38.666666666666664,0,0,1,0,1,0,0,0,0,1,0
1,8,106,848,3,26.5,0,0,1,1,1,0,0,0,0,0,1
0,12,74,888,2,24.666666666666668,0,0,1,0,0,0,0,0,0,0,1
1,43,108,4644,2,36.0,0,0,1,0,0,1,0,0,1,0,1
1,30,40,1200,1,20.0,0,0,0,0,1,1,0,0,1,0,1
0,58,81,4698,2,27.0,1,0,1,0,0,0,0,0,0,1,0
0,46,71,3266,2,23.666666666666668,0,0,1,0,0,0,1,0,1,0,0
0,24,94,2256,2,31.333333333333332,1,0,1,0,0,0,0,1,0,0,0
0,49,52,2548,1,26.0,1,1,0,0,1,0,0,0,0,1,1
1,4,71,284,2,23.666666666666668,1,0,1,0,0,0,1,0,0,0,0
0,10,50,500,2,16.666666666666668,1,1,1,0,0,1,0,0,0,0,0
0,54,55,2970,3,13.75,1,1,1,1,1,0,0,0,0,1,1
0,50,40,2000,1,20.0,0,0,0,0,0,0,0,0,0,1,0
0,48,82,3936,3,20.5,0,1,1,1,0,0,1,0,1,0,1
0,30,85,2550,3,21.25,0,0,1,1,1,0,0,0,1,0,1
0,3,64,192,2,21.333333333333332,0,1,1,0,0,1,0,0,0,0,0
0,1,20,20,2,6.666666666666667,0,1,1,0,1,0,0,0,0,0,1
0,48,46,2208,1,23.0,0,1,0,0,1,0,0,0,1,0,0
0,29,66,1914,2,22.0,0,0,1,0,0,1,0,0,1,0,0
0,14,59,826,2,19.666666666666668,0,0,1,0,0,0,0,1,0,0,0
1,49,102,4998,2,34.0,0,0,1,0,1,0,0,0,0,1,0
0,69,19,1311,2,6.333333333333333,0,1,1,0,0,0,0,0,0,1,0
0,72,54,3888,1,27.0,0,1,0,0,0,1,0,0,0,1,0
0,66,58,3828,2,19.333333333333332,0,1,1,0,0,0,0,0,0,1,0
0,53,96,5088,2,32.0,1,1,1,0,0,1,0,0,0,1,0
1,15,86,1290,3,21.5,1,0,1,1,1,0,0,1,0,0,1
0,27,50,1350,3,12.5,1,0,1,1,1,0,0,0,1,0,0
0,72,73,5256,2,24.333333333333332,0,0,1,0,0,1,0,0,0,1,0
0,21,55,1155,3,13.75,1,0,1,1,0,0,1,1,0,0,0
0,55,59,3245,2,19.666666666666668,1,0,1,0,0,0,0,0,0,1,0
1,6,74,444,2,24.666666666666668,0,0,1,0,0,0,0,0,0,0,1
0,18,40,720,1,20.0,0,0,0,0,1,1,0,1,0,0,0
0,3,70,210,3,17.5,1,0,1,1,1,0,1,0,0,0,0
0,55,59,3245,3,14.75,1,1,1,1,1,0,0,0,0,1,0
0,4,75,300,3,18.75,1,0,1,1,1,0,0,0,0,0,1
1,10,35,350,1,17.5,0,0,0,0,0,0,0,0,0,0,1
1,70,91,6370,3,22.75,0,0,1,1,1,0,0,0,0,1,0
0,50,20,1000,2,6.666666666666667,0,0,1,0,0,0,0,0,0,1,0
0,72,24,1728,2,8.0,1,1,1,0,0,0,0,0,0,1,0
0,44,78,3432,2,26.0,0,1,1,0,0,0,0,0,1,0,0
0,6,50,300,2,16.666666666666668,1,0,1,0,0,0,0,0,0,0,0
0,25,21,525,2,7.0,1,0,1,0,0,0,1,0,1,0,0
0,6,21,126,3,5.25,1,0,1,1,0,0,0,0,0,0,0
0,1,45,45,2,15.0,1,0,1,0,0,0,0,0,0,0,1
0,53,106,5618,2,35.333333333333336,0,0,1,0,0,0,0,0,0,1,1
0,14,106,1484,2,35.333333333333336,0,0,1,0,0,0,0,1,0,0,1
0,66,55,3630,2,18.333333333333332,1,1,0,1,1,1,0,0,0,1,0
0,68,100,6800,2,33.333333333333336,1,0,1,0,0,0,0,0,0,1,0
0,28,55,1540,2,18.333333333333332,0,0,1,0,0,0,0,0,1,0,0
0,3,30,90,1,15.0,0,1,0,0,1,0,0,0,0,0,1
0,24,95,2280,3,23.75,0,0,1,1,0,1,0,1,0,0,0
0,9,41,369,1,20.5,0,0,0,0,0,1,0,0,0,0,0
0,56,105,5880,2,35.0,0,0,1,0,1,0,0,0,0,1,0
0,21,46,966,3,11.5,1,1,1,1,0,1,0,1,0,0,0
1,16,87,1392,2,29.0,1,0,1,0,0,0,0,1,0,0,1
0,72,25,1800,2,8.333333333333334,1,1,1,0,0,0,0,0,0,1,0
0,1,45,45,2,15.0,1,0,1,0,0,1,0,0,0,0,0
0,32,99,3168,2,33.0,0,1,1,0,0,0,0,0,1,0,0
0,1,20,20,2,6.666666666666667,0,0,1,0,0,1,0,0,0,0,0
0,25,19,475,3,4.75,0,0,1,1,1,0,0,0,1,0,0
0,17,62,1054,2,20.666666666666668,0,1,1,0,0,0,0,1,0,0,0
0,33,96,3168,2,32.0,1,0,1,0,1,0,0,0,1,0,1
0,14,69,966,2,23.0,1,1,1,0,1,0,1,1,0,0,0
0,72,66,4752,2,22.0,0,0,0,1,0,0,1,0,0,1,0
0,47,103,4841,2,34.333333333333336,1,0,1,0,0,0,0,0,1,0,0
0,39,105,4095,3,26.25,0,0,1,1,1,0,0,0,1,0,1
0,6,21,126,3,5.25,0,0,1,1,1,0,0,0,0,0,0
0,11,21,231,3,5.25,0,1,1,1,0,0,1,0,0,0,0
1,20,91,1820,3,22.75,0,0,1,1,0,1,0,1,0,0,0
0,62,106,6572,2,35.333333333333336,1,1,1,0,0,0,0,0,0,1,0
0,1,24,24,1,12.0,1,0,0,0,1,0,0,0,0,0,1
0,34,41,1394,2,13.666666666666666,1,1,0,1,1,0,0,0,1,0,0
0,28,85,2380,2,28.333333333333332,1,1,1,0,1,0,0,0,1,0,0
0,42,45,1890,1,22.5,1,1,0,0,0,0,0,0,1,0,0
1,24,41,984,1,20.5,0,0,0,0,0,1,0,1,0,0,1
0,55,73,4015,2,24.333333333333332,0,0,1,0,0,0,0,0,0,1,0
0,36,85,3060,3,21.25,1,0,1,1,1,0,0,0,1,0,1
0,24,56,1344,2,18.666666666666668,1,0,1,0,1,1,0,1,0,0,1
0,25,66,1650,3,16.5,0,0,1,1,0,0,0,0,1,0,0
0,33,20,660,3,5.0,0,1,1,1,0,0,1,0,1,0,0
1,1,78,78,3,19.5,0,0,1,1,0,1,0,0,0,0,1
0,39,101,3939,2,33.666666666666664,1,1,1,0,0,0,1,0,1,0,0
0,55,55,3025,1,27.5,1,0,0,0,1,0,0,0,0,1,1
0,70,74,5180,2,24.666666666666668,0,1,1,0,1,1,0,0,0,1,0
0,4,69,276,2,23.0,0,0,1,0,0,0,0,0,0,0,1
0,7,85,595,3,21.25,1,0,1,1,1,0,0,0,0,0,1
0,54,20,1080,2,6.666666666666667,0,1,1,0,0,0,0,0,0,1,0
0,31,104,3224,2,34.666666666666664,0,1,1,0,0,1,0,0,1,0,1
1,60,75,4500,2,25.0,0,1,1,0,0,0,0,0,0,1,0
1,65,71,4615,2,23.666666666666668,1,0,1,0,1,1,0,0,0,1,0
0,12,20,240,2,6.666666666666667,0,0,1,0,0,0,1,0,0,0,0
0,7,19,133,2,6.333333333333333,0,0,1,0,1,1,0,0,0,0,0
1,44,85,3740,2,28.333333333333332,0,0,1,0,0,0,1,0,1,0,0
1,7,89,623,2,29.666666666666668,1,0,1,0,1,0,0,0,0,0,0
0,12,25,300,2,8.333333333333334,1,0,1,0,0,0,1,0,0,0,0
0,62,60,3720,2,20.0,1,0,1,0,0,1,0,0,0,1,0
0,4,20,80,2,6.666666666666667,1,1,1,0,0,0,0,0,0,0,0
0,5,64,320,3,16.0,0,0,1,1,0,0,1,0,0,0,0
0,2,76,152,2,25.333333333333332,0,0,1,0,0,1,0,0,0,0,1
0,1,70,70,3,17.5,1,0,1,1,1,0,1,0,0,0,1
0,40,71,2840,2,23.666666666666668,0,1,1,0,0,0,0,0,1,0,0
0,1,36,36,2,12.0,0,0,0,1,1,1,0,0,0,0,0
0,25,20,500,3,5.0,1,1,1,1,1,0,0,0,1,0,0
0,6,56,336,2,18.666666666666668,1,0,1,0,1,0,0,0,0,0,0
0,41,74,3034,3,18.5,1,0,1,1,1,0,0,0,1,0,0
0,9,50,450,2,16.666666666666668,1,1,1,0,0,0,0,0,0,0,0
1,1,75,75,3,18.75,1,0,1,1,1,0,0,0,0,0,1
0,22,76,1672,3,19.0,0,0,1,1,0,0,1,1,0,0,0
0,38,89,3382,3,22.25,0,0,1,1,1,0,0,0,1,0,0
0,23,99,2277,2,33.0,1,0,1,0,0,0,0,1,0,0,1
0,60,77,4620,2,25.666666666666668,1,1,1,0,1,0,0,0,0,1,0
0,47,66,3102,2,22.0,0,0,1,0,0,0,0,0,1,0,0
0,72,93,6696,3,23.25,0,1,1,1,1,0,0,0,0,1,0
0,70,106,7420,2,35.333333333333336,1,1,1,0,0,1,0,0,0,1,0
0,1,71,71,3,17.75,1,0,1,1,1,0,1,0,0,0,0
0,4,86,344,3,21.5,0,1,1,1,1,0,0,0,0,0,1
0,8,76,608,2,25.333333333333332,0,0,1,0,0,0,0,0,0,0,0
0,71,114,8094,3,28.5,1,1,1,1,0,0,1,0,0,1,0
0,2,80,160,3,20.0,0,0,1,1,1,0,0,0,0,0,1
0,34,20,680,3,5.0,1,1,1,1,1,0,0,0,1,0,0
0,40,80,3200,2,26.666666666666668,1,0,1,0,0,0,0,0,1,0,0
0,20,19,380,2,6.333333333333333,1,0,1,0,0,0,1,1,0,0,0
0,27,89,2403,2,29.666666666666668,0,0,1,0,1,0,0,0,1,0,0
0,30,97,2910,2,32.333333333333336,1,0,1,0,0,0,1,0,1,0,0
0,9,69,621,3,17.25,0,0,1,1,1,1,0,0,0,0,0
0,3,95,285,2,31.666666666666668,0,0,1,0,0,0,1,0,0,0,0
0,12,25,300,3,6.25,1,0,1,1,1,0,0,0,0,0,0
0,71,86,6106,3,21.5,0,0,1,1,1,0,0,0,0,1,0
0,27,24,648,2,8.0,0,1,1,0,1,0,0,0,1,0,0
0,40,64,2560,3,16.0,0,1,1,1,0,0,1,0,1,0,0
0,52,30,1560,1,15.0,1,0,0,0,0,0,1,0,0,1,0
0,70,95,6650,3,23.75,0,0,1,1,1,0,1,0,0,1,0
0,3,71,213,3,17.75,1,1,1,1,1,0,0,0,0,0,0
0,10,24,240,2,8.0,1,1,1,0,0,0,0,0,0,0,0
0,7,19,133,2,6.333333333333333,1,0,1,0,0,0,1,0,0,0,1
0,61,96,5856,2,32.0,1,0,1,0,0,0,0,0,0,1,0
0,7,63,441,2,21.0,0,0,1,0,1,0,0,0,0,0,0
0,72,105,7560,2,35.0,1,1,1,0,0,0,1,0,0,1,0
0,1,60,60,2,20.0,1,0,1,0,0,0,1,0,0,0,1
1,3,77,231,2,25.666666666666668,1,0,1,0,0,0,0,0,0,0,1
0,25,26,650,2,8.666666666666666,1,1,1,0,0,0,0,0,1,0,0
0,1,30,30,1,15.0,0,1,0,0,0,0,0,0,0,0,1
0,33,79,2607,3,19.75,0,1,1,1,1,0,1,0,1,0,0
1,32,80,2560,2,26.666666666666668,0,0,1,0,0,0,1,0,1,0,0
0,52,25,1300,3,6.25,1,1,1,1,1,0,0,0,0,1,0
1,28,101,2828,3,25.25,0,0,1,1,1,0,1,0,1,0,1
1,16,85,1360,2,28.333333333333332,0,0,1,0,0,0,1,1,0,0,1
0,26,79,2054,2,26.333333333333332,1,1,1,0,0,1,0,0,1,0,0
0,1,79,79,3,19.75,1,0,1,1,0,0,1,0,0,0,1
0,58,82,4756,3,20.5,1,1,1,1,1,0,0,0,0,1,0
1,60,106,6360,3,26.5,0,0,1,1,0,1,0,0,0,1,0
0,32,91,2912,3,22.75,1,0,1,1,1,0,0,0,1,0,0
0,18,20,360,3,5.0,0,0,1,1,1,1,0,1,0,0,0
0,1,95,95,2,31.666666666666668,1,0,1,0,1,0,0,0,0,0,1
1,48,30,1440,1,15.0,0,1,0,0,0,0,1,0,1,0,0
1,51,84,4284,3,21.0,1,1,1,1,0,0,1,0,0,1,1
0,72,54,3888,1,27.0,0,0,0,0,0,0,0,0,0,1,1
0,23,81,1863,2,27.0,1,0,1,0,0,0,0,1,0,0,1
1,11,20,220,2,6.666666666666667,1,0,1,0,0,0,1,0,0,0,1
1,52,104,5408,3,26.0,1,0,1,1,0,0,0,0,0,1,1
0,41,50,2050,2,16.666666666666668,0,0,1,0,0,1,0,0,1,0,0
0,63,82,5166,2,27.333333333333332,0,0,1,0,1,0,0,0,0,1,0
0,61,106,6466,2,35.333333333333336,1,0,1,0,1,0,0,0,0,1,0
0,12,89,1068,2,29.666666666666668,0,0,1,0,0,0,1,0,0,0,0
0,1,91,91,3,22.75,0,0,1,1,1,0,0,0,0,0,1
0,14,80,1120,3,20.0,0,0,1,1,1,0,1,1,0,0,0
0,69,24,1656,3,6.0,1,0,1,1,1,1,0,0,0,1,0
1,13,101,1313,2,33.666666666666664,0,0,1,0,0,0,1,1,0,0,1
0,9,102,918,2,34.0,1,1,1,0,1,1,0,0,0,0,0
0,22,20,440,3,5.0,1,1,1,1,1,0,1,1,0,0,0
0,1,20,20,3,5.0,0,1,1,1,0,1,0,0,0,0,1
1,1,43,43,1,21.5,1,0,0,0,0,0,0,0,0,0,1
0,71,94,6674,3,23.5,0,0,1,1,0,0,1,0,0,1,1
0,42,23,966,2,7.666666666666667,0,1,1,0,0,0,0,0,1,0,0
0,1,75,75,3,18.75,1,0,1,1,1,0,1,0,0,0,1
1,42,85,3570,3,21.25,0,0,1,1,0,0,1,0,1,0,1
0,8,56,448,3,14.0,0,1,1,1,0,0,1,0,0,0,0
1,65,101,6565,2,33.666666666666664,1,0,1,0,0,0,0,0,0,1,0
0,20,69,1380,2,23.0,1,0,1,0,1,1,0,1,0,0,0
0,1,82,82,2,27.333333333333332,0,0,1,0,0,1,0,0,0,0,1
0,42,69,2898,2,23.0,1,1,1,0,1,0,0,0,1,0,0
0,51,24,1224,2,8.0,1,1,1,0,1,0,0,0,0,1,0
0,43,80,3440,2,26.666666666666668,1,0,1,0,1,0,0,0,1,0,0
0,46,94,4324,2,31.333333333333332,0,0,1,0,1,0,0,0,1,0,0
0,52,89,4628,2,29.666666666666668,1,0,1,0,0,0,1,0,0,1,0
0,10,20,200,3,5.0,0,0,1,1,0,0,1,0,0,0,0
1,35,91,3185,2,30.333333333333332,1,0,1,0,1,0,0,0,1,0,0
0,66,66,4356,2,22.0,1,1,1,0,0,0,0,0,0,1,0
0,52,96,4992,2,32.0,0,1,1,0,0,0,1,0,0,1,0
0,46,109,5014,2,36.333333333333336,1,0,1,0,0,0,0,0,1,0,0
0,50,70,3500,3,17.5,1,1,1,1,1,0,0,0,0,1,0
0,13,102,1326,2,34.0,1,0,1,0,1,0,0,1,0,0,1
1,27,78,2106,3,19.5,0,0,1,1,0,0,0,0,1,0,1
0,22,101,2222,3,25.25,1,0,1,1,1,0,1,1,0,0,0
0,26,45,1170,2,15.0,1,0,1,0,0,0,1,0,1,0,0
1,45,94,4230,3,23.5,1,0,1,1,1,0,0,0,1,0,0
0,16,19,304,3,4.75,0,0,1,1,1,0,0,1,0,0,0
0,49,107,5243,2,35.666666666666664,1,0,1,0,0,0,0,0,0,1,0
0,14,26,364,3,6.5,0,1,1,1,1,0,0,1,0,0,0
1,17,45,765,3,11.25,1,0,1,1,1,0,0,1,0,0,1
0,72,24,1728,2,8.0,0,1,1,0,0,0,0,0,0,1,0
0,49,95,4655,3,23.75,1,0,1,1,1,0,0,0,0,1,0
0,67,21,1407,3,5.25,0,0,1,1,0,0,1,0,0,1,0
0,29,31,899,1,15.5,0,0,0,0,0,0,0,0,1,0,0
0,13,97,1261,2,32.333333333333336,1,1,1,0,0,0,0,1,0,0,0
0,72,110,7920,2,36.666666666666664,0,1,1,0,0,0,1,0,0,1,0
0,58,50,2900,3,12.5,1,0,1,1,1,0,1,0,0,1,0
1,1,72,72,3,18.0,0,0,1,1,1,0,0,0,0,0,0
1,5,20,100,3,5.0,1,0,1,1,0,0,1,0,0,0,0
0,34,116,3944,2,38.666666666666664,0,1,1,0,1,0,0,0,1,0,0
0,72,118,8496,3,29.5,0,1,1,1,1,0,1,0,0,1,0
1,51,94,4794,2,31.333333333333332,1,0,1,0,0,0,0,0,0,1,0
0,4,56,224,3,14.0,0,1,1,1,1,0,0,0,0,0,1
0,4,86,344,2,28.666666666666668,1,0,1,0,0,0,0,0,0,0,1
1,24,94,2256,2,31.333333333333332,0,0,1,0,0,0,0,1,0,0,1
1,31,50,1550,2,16.666666666666668,0,0,0,1,1,0,1,0,1,0,0
0,1,54,54,3,13.5,1,0,1,1,1,0,1,0,0,0,1
1,1,45,45,2,15.0,1,0,1,0,0,1,0,0,0,0,1
0,34,68,2312,3,17.0,0,1,1,1,0,1,0,0,1,0,0
1,22,74,1628,2,24.666666666666668,0,0,1,0,1,0,0,1,0,0,1
1,4,20,80,2,6.666666666666667,0,0,1,0,0,0,0,0,0,0,0
0,72,101,7272,3,25.25,1,0,1,1,0,0,1,0,0,1,0
0,8,20,160,2,6.666666666666667,1,0,1,0,1,0,0,0,0,0,0
0,1,80,80,3,20.0,0,0,1,1,1,0,0,0,0,0,1
0,1,26,26,3,6.5,0,0,1,1,0,0,1,0,0,0,0
0,9,91,819,2,30.333333333333332,0,0,1,0,0,1,0,0,0,0,1
1,33,101,3333,3,25.25,1,0,1,1,0,1,0,0,1,0,0
0,53,105,5565,2,35.0,1,1,1,0,1,0,0,0,0,1,0
0,57,87,4959,2,29.0,1,0,1,0,1,0,0,0,0,1,0
0,60,79,4740,2,26.333333333333332,0,0,1,0,0,0,0,0,0,1,0
0,72,65,4680,2,21.666666666666668,1,0,0,1,1,0,0,0,0,1,0
1,32,94,3008,2,31.333333333333332,1,0,1,0,0,0,1,0,1,0,0
1,48,99,4752,2,33.0,1,0,1,0,0,1,0,0,1,0,0
0,22,19,418,2,6.333333333333333,0,1,1,0,0,0,0,1,0,0,0
0,65,45,2925,2,15.0,0,1,0,1,0,0,0,0,0,1,0
0,65,59,3835,3,14.75,0,0,1,1,1,0,0,0,0,1,0
1,66,101,6666,2,33.666666666666664,0,0,1,0,0,1,0,0,0,1,0
0,71,105,7455,3,26.25,1,0,1,1,0,0,0,0,0,1,0
0,17,70,1190,3,17.5,1,0,1,1,1,1,0,1,0,0,1
1,2,45,90,2,15.0,1,0,1,0,1,0,0,0,0,0,1
0,51,96,4896,3,24.0,1,0,1,1,1,0,0,0,0,1,0
0,20,71,1420,3,17.75,1,0,1,1,1,0,0,1,0,0,0
0,71,110,7810,3,27.5,1,0,1,1,1,1,0,0,0,1,0
0,67,111,7437,3,27.75,1,1,1,1,1,0,1,0,0,1,1
1,1,75,75,2,25.0,0,0,1,0,0,0,1,0,0,0,1
0,16,75,1200,2,25.0,1,0,1,0,1,0,0,1,0,0,0
1,55,89,4895,3,22.25,0,0,1,1,1,1,0,0,0,1,0
0,7,76,532,2,25.333333333333332,0,1,1,0,1,0,0,0,0,0,0
0,43,64,2752,3,16.0,0,1,1,1,1,1,0,0,1,0,0
0,1,55,55,3,13.75,0,0,1,1,0,0,0,0,0,0,1
0,4,25,100,1,12.5,0,0,0,0,0,0,0,0,0,0,0
1,72,114,8208,2,38.0,1,0,1,0,0,0,0,0,0,1,0
1,49,103,5047,3,25.75,0,0,1,1,1,0,0,0,0,1,0
0,53,94,4982,2,31.333333333333332,1,0,1,0,0,1,0,0,0,1,1
0,60,50,3000,2,16.666666666666668,0,0,0,1,0,0,1,0,0,1,0
1,68,97,6596,2,32.333333333333336,0,0,1,0,1,0,0,0,0,1,1
1,57,80,4560,2,26.666666666666668,1,0,1,0,0,0,1,0,0,1,0
0,7,81,567,2,27.0,0,0,1,0,1,0,0,0,0,0,1
0,7,69,483,2,23.0,0,1,1,0,0,0,1,0,0,0,0
0,68,24,1632,2,8.0,1,0,1,0,0,0,0,0,0,1,0
0,19,100,1900,2,33.333333333333336,1,1,1,0,0,0,0,1,0,0,1
0,67,106,7102,2,35.333333333333336,0,1,1,0,0,0,0,0,0,1,0
0,67,60,4020,3,15.0,1,1,1,1,1,1,0,0,0,1,0
0,35,69,2415,3,17.25,1,0,1,1,0,0,0,0,1,0,0
0,67,107,7169,3,26.75,0,1,1,1,0,0,0,0,0,1,0
0,11,90,990,2,30.0,0,0,1,0,1,0,0,0,0,0,1
1,56,86,4816,2,28.666666666666668,1,0,1,0,1,0,0,0,0,1,0
0,8,29,232,2,9.666666666666666,1,0,0,1,1,0,0,0,0,0,0
0,22,25,550,2,8.333333333333334,0,1,1,0,0,0,1,1,0,0,0
0,71,84,5964,2,28.0,1,0,1,0,1,0,0,0,0,1,0
0,46,35,1610,2,11.666666666666666,0,1,0,1,1,1,0,0,1,0,0
0,66,105,6930,2,35.0,0,0,1,0,0,1,0,0,0,1,0
0,15,49,735,2,16.333333333333332,1,0,1,0,0,0,1,1,0,0,0
0,25,96,2400,2,32.0,1,0,1,0,0,0,0,0,1,0,0
0,32,20,640,2,6.666666666666667,1,0,1,0,0,1,0,0,1,0,0
0,8,67,536,2,22.333333333333332,1,0,1,0,0,0,1,0,0,0,0
0,6,25,150,2,8.333333333333334,1,0,1,0,0,0,0,0,0,0,0
0,3,46,138,2,15.333333333333334,0,0,1,0,0,1,0,0,0,0,0
0,11,60,660,3,15.0,1,1,1,1,0,1,0,0,0,0,0
0,15,91,1365,2,30.333333333333332,1,1,1,0,0,0,1,1,0,0,0
0,23,90,2070,2,30.0,0,0,1,0,0,0,0,1,0,0,1
0,1,44,44,3,11.0,0,0,1,1,1,0,0,0,0,0,0
0,37,40,1480,1,20.0,1,1,0,0,0,0,0,0,1,0,0
0,69,81,5589,3,20.25,1,1,1,1,0,0,1,0,0,1,0
0,8,55,440,2,18.333333333333332,0,1,1,0,0,0,0,0,0,0,0
0,6,63,378,2,21.0,0,0,0,1,0,0,1,0,0,0,0
0,58,84,4872,3,21.0,0,0,1,1,1,0,0,0,0,1,0
0,39,90,3510,2,30.0,0,1,1,0,0,0,0,0,1,0,1
1,23,90,2070,3,22.5,1,0,1,1,0,0,1,1,0,0,0
0,66,20,1320,3,5.0,1,1,1,1,0,0,1,0,0,1,0
0,51,83,4233,3,20.75,1,0,1,1,0,1,0,0,0,1,0
0,15,20,300,2,6.666666666666667,1,1,1,0,0,0,0,1,0,0,0
0,51,80,4080,3,20.0,1,0,1,1,1,0,0,0,0,1,1
0,4,19,76,2,6.333333333333333,1,0,1,0,0,0,0,0,0,0,0
0,18,50,900,3,12.5,0,0,1,1,1,0,1,1,0,0,0
0,46,94,4324,3,23.5,1,0,1,1,1,1,0,0,1,0,1
1,3,106,318,2,35.333333333333336,1,0,1,0,1,0,0,0,0,0,1
0,63,25,1575,3,6.25,1,0,1,1,1,0,0,0,0,1,0
0,52,96,4992,2,32.0,1,1,1,0,0,0,0,0,0,1,1
0,17,69,1173,2,23.0,0,0,1,0,0,0,0,1,0,0,0
0,43,85,3655,3,21.25,0,0,1,1,1,1,0,0,1,0,0
0,69,20,1380,2,6.666666666666667,1,0,1,0,0,0,0,0,0,1,0
0,70,80,5600,2,26.666666666666668,0,1,1,0,0,0,0,0,0,1,0
0,4,24,96,3,6.0,0,0,1,1,1,0,0,0,0,0,0
0,60,21,1260,2,7.0,1,1,1,0,1,1,0,0,0,1,0
0,20,24,480,1,12.0,0,0,0,0,0,0,0,1,0,0,1
0,69,96,6624,2,32.0,1,1,1,0,0,0,1,0,0,1,0
0,48,105,5040,3,26.25,0,1,1,1,1,0,1,0,1,0,0
0,1,31,31,1,15.5,0,0,0,0,0,0,0,0,0,0,0
0,8,51,408,2,17.0,1,1,1,0,0,0,1,0,0,0,1
1,1,46,46,2,15.333333333333334,1,0,1,0,0,0,1,0,0,0,0
0,22,20,440,2,6.666666666666667,1,0,1,0,0,1,0,1,0,0,0
1,16,39,624,2,13.0,1,0,0,1,1,0,1,1,0,0,1
0,72,118,8496,2,39.333333333333336,1,0,1,0,1,0,0,0,0,1,0
0,11,61,671,2,20.333333333333332,1,0,1,0,0,0,1,0,0,0,0
0,4,91,364,3,22.75,1,0,1,1,0,1,0,0,0,0,0
0,8,20,160,2,6.666666666666667,0,0,1,0,0,0,0,0,0,0,0
1,54,82,4428,3,20.5,0,0,1,1,0,0,1,0,0,1,1
0,69,82,5658,2,27.333333333333332,1,0,1,0,0,0,1,0,0,1,0
1,46,80,3680,3,20.0,1,0,1,1,1,0,0,0,1,0,1
0,67,51,3417,3,12.75,0,1,1,1,1,0,1,0,0,1,0
1,20,90,1800,2,30.0,1,0,1,0,1,0,0,1,0,0,0
0,41,114,4674,3,28.5,0,0,1,1,1,0,0,0,1,0,1
1,3,41,123,2,13.666666666666666,1,0,0,1,1,0,0,0,0,0,1
0,15,51,765,1,25.5,1,0,0,0,0,0,0,1,0,0,0
0,22,79,1738,2,26.333333333333332,1,0,1,0,0,0,1,1,0,0,1
0,18,81,1458,3,20.25,1,0,1,1,1,0,0,1,0,0,1
0,9,98,882,3,24.5,0,0,1,1,1,0,0,0,0,0,1
0,26,76,1976,2,25.333333333333332,1,0,1,0,0,0,0,0,1,0,0
1,71,106,7526,2,35.333333333333336,1,0,1,0,1,1,0,0,0,1,0
0,16,19,304,2,6.333333333333333,0,0,1,0,0,0,0,1,0,0,0
1,72,89,6408,2,29.666666666666668,0,0,1,0,0,0,0,0,0,1,0
0,42,25,1050,2,8.333333333333334,1,0,1,0,1,0,0,0,1,0,0
0,47,96,4512,2,32.0,1,1,1,0,0,0,0,0,1,0,0
0,66,66,4356,2,22.0,1,0,1,0,1,0,0,0,0,1,0
0,5,49,245,2,16.333333333333332,1,0,1,0,0,1,0,0,0,0,1
0,4,30,120,2,10.0,1,0,0,1,0,0,1,0,0,0,1
0,42,19,798,2,6.333333333333333,0,1,1,0,1,0,1,0,1,0,0
0,69,61,4209,1,30.5,1,0,0,0,0,0,0,0,0,1,0
0,60,117,7020,2,39.0,1,0,1,0,0,0,0,0,0,1,0
0,12,19,228,3,4.75,0,0,1,1,1,0,0,0,0,0,0
0,3,45,135,3,11.25,1,0,1,1,0,0,0,0,0,0,1
0,54,105,5670,2,35.0,1,0,1,0,0,0,0,0,0,1,1
0,2,20,40,2,6.666666666666667,1,0,1,0,0,0,1,0,0,0,0
1,57,94,5358,3,23.5,1,0,1,1,1,0,0,0,0,1,0
0,63,21,1323,2,7.0,0,0,1,0,1,0,0,0,0,1,0
0,41,94,3854,2,31.333333333333332,0,1,1,0,0,0,0,0,1,0,0
0,25,99,2475,2,33.0,1,0,1,0,0,0,1,0,1,0,0
0,65,85,5525,3,21.25,0,0,1,1,1,1,0,0,0,1,0
0,54,20,1080,2,6.666666666666667,0,0,1,0,0,0,0,0,0,1,0
0,61,94,5734,2,31.333333333333332,1,0,1,0,1,0,0,0,0,1,0
0,19,20,380,3,5.0,1,1,1,1,0,1,0,1,0,0,0
0,18,25,450,2,8.333333333333334,0,1,1,0,0,1,0,1,0,0,0
0,68,95,6460,3,23.75,1,1,1,1,1,0,0,0,0,1,0
0,10,100,1000,2,33.333333333333336,0,1,1,0,0,0,0,0,0,0,1
1,20,95,1900,3,23.75,1,0,1,1,0,1,0,1,0,0,1
0,42,99,4158,2,33.0,1,0,1,0,1,0,0,0,1,0,1
0,45,42,1890,2,14.0,1,0,0,1,1,0,0,0,1,0,0
0,72,115,8280,2,38.333333333333336,1,0,1,0,0,0,1,0,0,1,0
1,35,111,3885,3,27.75,0,0,1,1,0,0,0,0,1,0,0
0,72,90,6480,3,22.5,1,1,1,1,1,0,1,0,0,1,0
0,8,100,800,2,33.333333333333336,0,0,1,0,0,0,0,0,0,0,1
0,37,65,2405,2,21.666666666666668,0,0,1,0,1,0,0,0,1,0,1
0,21,105,2205,2,35.0,0,0,1,0,0,0,0,1,0,0,0
0,71,80,5680,2,26.666666666666668,0,0,1,0,0,0,1,0,0,1,0
0,40,67,2680,3,16.75,1,0,1,1,1,0,0,0,1,0,0
0,10,62,620,2,20.666666666666668,1,0,1,0,0,0,1,0,0,0,0
1,25,88,2200,2,29.333333333333332,0,0,1,0,0,1,0,0,1,0,0
0,41,75,3075,2,25.0,0,1,1,0,0,0,1,0,1,0,0
1,19,96,1824,2,32.0,1,0,1,0,0,1,0,1,0,0,1
1,23,95,2185,2,31.666666666666668,0,0,1,0,0,0,0,1,0,0,0
0,57,108,6156,3,27.0,1,0,1,1,1,0,0,0,0,1,0
0,2,84,168,3,21.0,0,0,1,1,0,1,0,0,0,0,0
0,70,80,5600,2,26.666666666666668,0,0,1,0,1,0,0,0,0,1,0
0,1,88,88,2,29.333333333333332,1,0,1,0,0,0,1,0,0,0,1
0,70,110,7700,2,36.666666666666664,1,0,1,0,0,0,1,0,0,1,1
0,72,97,6984,3,24.25,0,0,1,1,1,0,0,0,0,1,0
1,25,106,2650,2,35.333333333333336,1,0,1,0,1,0,0,0,1,0,1
0,23,104,2392,2,34.666666666666664,1,0,1,0,1,0,0,1,0,0,1
0,65,20,1300,3,5.0,1,0,1,1,0,1,0,0,0,1,0
0,25,21,525,2,7.0,1,1,1,0,1,0,0,0,1,0,0
1,15,83,1245,3,20.75,0,0,1,1,1,0,0,1,0,0,1
1,41,54,2214,1,27.0,1,0,0,0,1,0,1,0,1,0,0
0,1,55,55,2,18.333333333333332,0,0,1,0,0,0,1,0,0,0,0
0,48,71,3408,3,17.75,1,0,1,1,1,0,0,0,1,0,0
0,4,61,244,2,20.333333333333332,1,1,1,0,0,0,1,0,0,0,1
0,17,20,340,3,5.0,1,0,1,1,1,0,1,1,0,0,0
1,42,105,4410,2,35.0,0,0,1,0,0,1,0,0,1,0,1
0,49,39,1911,1,19.5,1,1,0,0,0,0,0,0,0,1,0
0,21,20,420,3,5.0,1,0,1,1,1,0,0,1,0,0,0
0,60,111,6660,3,27.75,1,1,1,1,0,0,1,0,0,1,0
0,58,24,1392,2,8.0,1,0,1,0,1,1,0,0,0,1,0
0,31,20,620,3,5.0,1,0,1,1,0,1,0,0,1,0,0
0,61,101,6161,2,33.666666666666664,0,0,1,0,0,0,0,0,0,1,0
0,64,90,5760,2,30.0,1,1,1,0,0,1,0,0,0,1,0
0,61,61,3721,1,30.5,0,1,0,0,0,1,0,0,0,1,0
0,67,71,4757,3,17.75,1,0,1,1,1,0,0,0,0,1,0
0,55,26,1430,3,6.5,1,0,1,1,0,0,1,0,0,1,0
0,20,20,400,2,6.666666666666667,0,0,1,0,0,0,0,1,0,0,0
0,11,80,880,2,26.666666666666668,1,0,1,0,1,0,0,0,0,0,0
0,72,117,8424,3,29.25,0,1,1,1,1,1,0,0,0,1,0
0,57,84,4788,2,28.0,0,1,1,0,1,1,0,0,0,1,0
1,70,44,3080,1,22.0,1,0,0,0,1,0,0,0,0,1,0
0,68,110,7480,3,27.5,0,0,1,1,1,1,0,0,0,1,0
0,1,85,85,2,28.333333333333332,1,0,1,0,0,0,0,0,0,0,1
0,47,79,3713,2,26.333333333333332,1,0,1,0,0,0,1,0,1,0,0
0,15,65,975,3,16.25,0,0,1,1,0,1,0,1,0,0,1
0,69,20,1380,2,6.666666666666667,0,1,1,0,0,1,0,0,0,1,0
0,3,55,165,2,18.333333333333332,0,0,1,0,0,0,0,0,0,0,1
0,1,19,19,2,6.333333333333333,0,1,1,0,0,0,0,0,0,0,1
0,33,89,2937,2,29.666666666666668,1,0,1,0,0,0,1,0,1,0,0
0,53,70,3710,3,17.5,1,1,1,1,1,0,0,0,0,1,0
1,20,81,1620,2,27.0,0,0,1,0,0,0,0,1,0,0,0
1,1,94,94,2,31.333333333333332,1,0,1,0,0,0,0,0,0,0,1
0,10,99,990,3,24.75,1,0,1,1,0,0,1,0,0,0,0
0,32,20,640,2,6.666666666666667,0,0,1,0,1,0,0,0,1,0,0
1,56,101,5656,2,33.666666666666664,1,0,1,0,1,0,0,0,0,1,0
0,71,19,1349,2,6.333333333333333,0,0,1,0,0,0,0,0,0,1,0
1,13,70,910,2,23.333333333333332,0,0,1,0,0,0,0,1,0,0,1
0,17,96,1632,3,24.0,1,0,1,1,1,0,0,1,0,0,0
0,2,55,110,2,18.333333333333332,1,0,1,0,0,1,0,0,0,0,1
0,72,101,7272,3,25.25,0,0,1,1,1,1,0,0,0,1,0
0,26,55,1430,1,27.5,1,0,0,0,1,1,0,0,1,0,0
0,5,26,130,3,6.5,1,1,1,1,1,0,0,0,0,0,1
0,3,101,303,3,25.25,1,0,1,1,1,0,1,0,0,0,1
0,26,81,2106,2,27.0,0,0,1,0,0,0,0,0,1,0,0
0,59,66,3894,2,22.0,0,1,1,0,1,0,0,0,0,1,0
0,27,50,1350,2,16.666666666666668,0,1,1,0,0,0,0,0,1,0,0
0,57,103,5871,2,34.333333333333336,1,0,1,0,0,1,0,0,0,1,0
0,37,20,740,3,5.0,0,0,1,1,1,0,0,0,1,0,0
0,6,49,294,2,16.333333333333332,0,0,1,0,0,1,0,0,0,0,0
0,18,76,1368,2,25.333333333333332,1,0,1,0,1,0,0,1,0,0,0
0,19,101,1919,3,25.25,1,1,1,1,0,0,0,1,0,0,1
0,67,76,5092,3,19.0,0,1,1,1,1,0,0,0,0,1,0
1,34,72,2448,2,24.0,1,0,1,0,0,0,1,0,1,0,0
0,22,49,1078,3,12.25,0,0,1,1,1,0,0,1,0,0,1
0,52,91,4732,2,30.333333333333332,1,0,1,0,0,0,0,0,0,1,0
0,56,54,3024,1,27.0,1,0,0,0,0,0,1,0,0,1,0
1,18,95,1710,3,23.75,1,0,1,1,0,0,1,1,0,0,1
1,56,105,5880,3,26.25,1,1,1,1,1,0,0,0,0,1,1
0,4,90,360,2,30.0,1,0,1,0,0,0,0,0,0,0,0
1,71,99,7029,2,33.0,0,0,1,0,0,0,0,0,0,1,0
0,2,70,140,2,23.333333333333332,1,0,1,0,0,1,0,0,0,0,1
1,64,102,6528,2,34.0,1,0,1,0,1,0,0,0,0,1,0
0,18,24,432,2,8.0,1,0,1,0,1,0,0,1,0,0,0
0,66,26,1716,2,8.666666666666666,1,1,1,0,0,0,1,0,0,1,0
0,37,41,1517,1,20.5,1,0,0,0,0,0,0,0,1,0,0
0,39,25,975,3,6.25,1,1,1,1,0,0,1,0,1,0,0
0,25,85,2125,2,28.333333333333332,1,0,1,0,1,0,0,0,1,0,1
0,22,87,1914,2,29.0,1,0,1,0,0,1,0,1,0,0,0
0,20,20,400,2,6.666666666666667,0,0,1,0,0,1,0,1,0,0,0
1,8,64,512,3,16.0,1,0,1,1,0,0,1,0,0,0,0
0,49,52,2548,3,13.0,0,0,1,1,1,0,1,0,0,1,0
1,65,106,6890,2,35.333333333333336,0,0,1,0,0,0,0,0,0,1,0
1,1,45,45,3,11.25,1,0,1,1,0,1,0,0,0,0,0
0,5,94,470,2,31.333333333333332,1,0,1,0,0,0,0,0,0,0,1
1,72,97,6984,2,32.333333333333336,0,0,1,0,0,1,0,0,0,1,0
0,72,110,7920,2,36.666666666666664,0,0,1,0,0,1,0,0,0,1,0
0,53,100,5300,3,25.0,0,0,1,1,1,0,1,0,0,1,0
0,21,75,1575,3,18.75,1,0,1,1,0,1,0,1,0,0,0
1,70,108,7560,3,27.0,0,1,1,1,0,0,0,0,0,1,0
0,33,104,3432,2,34.666666666666664,0,1,1,0,0,0,0,0,1,0,1
0,23,76,1748,2,25.333333333333332,0,0,1,0,0,0,0,1,0,0,1
0,45,55,2475,3,13.75,1,1,1,1,1,0,0,0,1,0,0
0,16,20,320,3,5.0,1,0,1,1,1,0,0,1,0,0,1
0,49,107,5243,3,26.75,0,0,1,1,0,0,0,0,0,1,0
0,1,19,19,3,4.75,1,0,1,1,0,0,1,0,0,0,1
0,61,81,4941,2,27.0,1,0,1,0,0,1,0,0,0,1,0
1,68,20,1360,2,6.666666666666667,1,1,1,0,0,0,0,0,0,1,0
0,60,54,3240,1,27.0,0,0,0,0,1,0,1,0,0,1,0
0,53,26,1378,3,6.5,1,1,1,1,1,0,0,0,0,1,0
1,28,103,2884,3,25.75,0,0,1,1,1,0,1,0,1,0,1
0,2,70,140,2,23.333333333333332,0,0,1,0,0,0,1,0,0,0,1
1,1,70,70,2,23.333333333333332,0,0,1,0,0,0,1,0,0,0,0
0,16,73,1168,2,24.333333333333332,0,0,1,0,0,0,0,1,0,0,1
0,6,55,330,3,13.75,0,0,1,1,0,0,1,0,0,0,0
0,3,108,324,3,27.0,1,0,1,1,0,1,0,0,0,0,0
0,49,90,4410,3,22.5,1,1,1,1,0,0,1,0,0,1,0
0,1,50,50,3,12.5,0,0,1,1,1,0,0,0,0,0,1
0,50,94,4700,3,23.5,1,0,1,1,1,0,1,0,0,1,0
1,12,29,348,2,9.666666666666666,0,1,0,1,0,0,1,0,0,0,0
1,32,80,2560,2,26.666666666666668,1,0,1,0,0,0,0,0,1,0,1
0,68,103,7004,3,25.75,1,1,1,1,0,1,0,0,0,1,0
0,40,36,1440,1,18.0,1,0,0,0,0,0,0,0,1,0,0
0,5,51,255,2,17.0,1,0,1,0,0,0,0,0,0,0,0
0,72,79,5688,2,26.333333333333332,1,0,1,0,0,0,0,0,0,1,0
0,1,85,85,3,21.25,0,0,1,1,0,0,0,0,0,0,1
0,58,109,6322,2,36.333333333333336,0,0,1,0,0,0,0,0,0,1,0
0,24,25,600,3,6.25,0,0,1,1,1,0,0,1,0,0,0
1,3,84,252,3,21.0,0,0,1,1,1,1,0,0,0,0,1
0,62,20,1240,3,5.0,0,1,1,1,1,0,0,0,0,1,0
0,72,111,7992,2,37.0,1,1,1,0,0,0,0,0,0,1,0
1,50,71,3550,2,23.666666666666668,0,0,1,0,1,0,1,0,0,1,1
0,66,20,1320,3,5.0,1,1,1,1,0,1,0,0,0,1,0
0,40,81,3240,2,27.0,1,1,1,0,0,0,1,0,1,0,0
0,40,71,2840,3,17.75,1,0,1,1,1,0,1,0,1,0,0
0,67,103,6901,2,34.333333333333336,1,1,1,0,0,1,0,0,0,1,0
1,56,105,5880,2,35.0,0,0,1,0,0,0,0,0,0,1,0
0,64,20,1280,2,6.666666666666667,0,1,1,0,0,0,1,0,0,1,0
1,20,84,1680,2,28.0,1,0,1,0,0,1,0,1,0,0,0
1,71,96,6816,3,24.0,1,0,1,1,1,1,0,0,0,1,0
0,41,75,3075,2,25.0,1,1,1,0,0,1,0,0,1,0,0
0,72,49,3528,2,16.333333333333332,1,1,0,1,1,0,0,0,0,1,0
0,18,46,828,1,23.0,1,1,0,0,1,0,0,1,0,0,0
1,71,71,5041,3,17.75,1,0,1,1,1,1,0,0,0,1,0
0,46,66,3036,2,22.0,1,0,1,0,1,0,0,0,1,0,0
0,46,20,920,2,6.666666666666667,0,1,1,0,0,0,0,0,1,0,0
0,57,55,3135,2,18.333333333333332,1,0,1,0,0,0,1,0,0,1,0
0,68,81,5508,3,20.25,0,0,1,1,1,0,0,0,0,1,0
0,1,25,25,1,12.5,0,0,0,0,0,0,0,0,0,0,0
0,38,20,760,2,6.666666666666667,1,0,1,0,0,0,0,0,1,0,0
1,32,79,2528,2,26.333333333333332,0,0,1,0,0,0,0,0,1,0,0
0,2,45,90,3,11.25,0,0,1,1,1,0,1,0,0,0,0
0,10,70,700,2,23.333333333333332,1,0,1,0,0,0,1,0,0,0,0
0,72,19,1368,2,6.333333333333333,0,0,1,0,0,0,0,0,0,1,0
0,65,111,7215,3,27.75,0,1,1,1,1,0,0,0,0,1,0
0,21,84,1764,2,28.0,1,0,1,0,0,0,0,1,0,0,0
0,67,20,1340,2,6.666666666666667,0,0,1,0,0,0,0,0,0,1,0
0,12,76,912,3,19.0,0,0,1,1,1,0,0,0,0,0,0
1,25,103,2575,3,25.75,0,0,1,1,0,0,0,0,1,0,1
1,8,85,680,2,28.333333333333332,0,0,1,0,0,1,0,0,0,0,0
0,1,19,19,2,6.333333333333333,1,0,1,0,1,0,0,0,0,0,0
0,65,79,5135,2,26.333333333333332,0,1,1,0,0,0,1,0,0,1,0
1,2,55,110,2,18.333333333333332,0,0,1,0,1,0,0,0,0,0,1
0,62,49,3038,1,24.5,0,1,0,0,1,1,0,0,0,1,0
0,36,85,3060,3,21.25,1,0,1,1,0,0,1,0,1,0,1
0,38,19,722,2,6.333333333333333,0,0,1,0,0,1,0,0,1,0,0
0,57,60,3420,2,20.0,1,1,1,0,1,0,0,0,0,1,0
0,32,20,640,2,6.666666666666667,1,0,1,0,1,0,0,0,1,0,0
0,44,90,3960,2,30.0,1,0,1,0,1,0,0,0,1,0,0
0,41,114,4674,3,28.5,0,0,1,1,1,0,1,0,1,0,1
0,14,91,1274,2,30.333333333333332,0,1,1,0,0,0,0,1,0,0,1
0,56,86,4816,2,28.666666666666668,0,0,1,0,1,0,0,0,0,1,0
1,7,85,595,2,28.333333333333332,0,0,1,0,0,0,0,0,0,0,1
0,71,105,7455,3,26.25,0,0,1,1,0,1,0,0,0,1,0
0,22,25,550,2,8.333333333333334,1,0,1,0,1,0,0,1,0,0,0
0,42,99,4158,2,33.0,1,0,1,0,0,0,1,0,1,0,0
0,69,92,6348,3,23.0,1,1,1,1,0,0,1,0,0,1,0
0,23,75,1725,2,25.0,0,1,1,0,1,0,0,1,0,0,0
0,19,74,1406,3,18.5,1,0,1,1,1,0,0,1,0,0,1
0,63,51,3213,2,17.0,0,1,1,0,1,0,0,0,0,1,0
0,68,73,4964,2,24.333333333333332,1,1,1,0,1,0,0,0,0,1,0
0,1,81,81,2,27.0,1,0,1,0,0,0,0,0,0,0,1
0,18,39,702,1,19.5,0,0,0,0,0,0,0,1,0,0,1
0,71,58,4118,2,19.333333333333332,0,0,0,1,1,0,0,0,0,1,0
0,15,20,300,2,6.666666666666667,0,1,1,0,1,0,0,1,0,0,0
1,21,97,2037,2,32.333333333333336,1,0,1,0,0,0,0,1,0,0,1
0,6,90,540,2,30.0,0,0,1,0,1,1,0,0,0,0,0
1,69,30,2070,2,10.0,1,0,0,1,1,0,0,0,0,1,0
0,68,56,3808,1,28.0,1,1,0,0,0,0,0,0,0,1,0
0,62,20,1240,3,5.0,1,1,1,1,1,0,0,0,0,1,0
0,38,79,3002,3,19.75,1,1,1,1,1,0,1,0,1,0,0
0,5,85,425,3,21.25,1,0,1,1,1,1,0,0,0,0,1
1,3,95,285,3,23.75,1,0,1,1,0,0,1,0,0,0,1
0,45,116,5220,2,38.666666666666664,0,0,1,0,0,1,0,0,1,0,0
0,1,21,21,3,5.25,0,0,1,1,0,0,0,0,0,0,1
1,9,76,684,3,19.0,0,0,1,1,1,1,0,0,0,0,0
0,20,70,1400,3,17.5,0,0,1,1,1,1,0,1,0,0,0
1,54,80,4320,2,26.666666666666668,0,0,1,0,0,0,1,0,0,1,1
0,20,20,400,2,6.666666666666667,1,0,1,0,0,0,0,1,0,0,0
0,48,108,5184,3,27.0,1,0,1,1,0,0,1,0,1,0,0
1,54,25,1350,1,12.5,1,0,0,0,1,0,0,0,0,1,0
0,1,50,50,3,12.5,0,0,1,1,0,0,0,0,0,0,0
0,48,20,960,3,5.0,1,0,1,1,1,1,0,0,1,0,0
0,37,72,2664,3,18.0,0,0,1,1,1,0,1,0,1,0,0
0,1,19,19,2,6.333333333333333,1,0,1,0,0,0,0,0,0,0,0
0,4,56,224,2,18.666666666666668,0,0,1,0,1,0,0,0,0,0,0
0,33,24,792,2,8.0,0,1,1,0,0,0,1,0,1,0,0
0,18,19,342,2,6.333333333333333,1,0,1,0,1,0,0,1,0,0,0
0,4,50,200,3,12.5,1,0,1,1,0,1,0,0,0,0,1
0,56,21,1176,3,5.25,1,1,1,1,1,1,0,0,0,1,0
0,17,70,1190,2,23.333333333333332,0,0,1,0,0,0,0,1,0,0,1
0,50,90,4500,3,22.5,1,0,1,1,1,0,0,0,0,1,0
0,72,20,1440,3,5.0,1,1,1,1,1,0,0,0,0,1,0
0,10,75,750,2,25.0,1,0,1,0,1,0,0,0,0,0,0
0,25,20,500,3,5.0,0,1,1,1,0,0,1,0,1,0,0
0,20,26,520,2,8.666666666666666,0,1,1,0,0,1,0,1,0,0,0
0,14,86,1204,2,28.666666666666668,1,0,1,0,1,0,0,1,0,0,1
0,62,56,3472,2,18.666666666666668,1,1,1,0,0,1,0,0,0,1,0
0,8,26,208,1,13.0,1,1,0,0,0,0,1,0,0,0,1
1,54,90,4860,2,30.0,1,0,1,0,0,0,1,0,0,1,0
0,61,119,7259,3,29.75,0,0,1,1,1,0,0,0,0,1,0
0,67,60,4020,2,20.0,0,1,0,1,0,0,1,0,0,1,0
1,49,81,3969,2,27.0,1,0,1,0,1,1,0,0,0,1,0
0,66,92,6072,2,30.666666666666668,1,0,1,0,0,1,0,0,0,1,0
0,47,104,4888,2,34.666666666666664,1,0,1,0,0,0,0,0,1,0,0
0,21,36,756,1,18.0,1,0,0,0,0,0,1,1,0,0,0
0,51,99,5049,2,33.0,1,0,1,0,0,1,0,0,0,1,0
1,22,82,1804,3,20.5,0,0,1,1,1,0,0,1,0,0,0
0,3,21,63,2,7.0,1,0,1,0,1,0,0,0,0,0,0
0,64,110,7040,3,27.5,0,0,1,1,1,1,0,0,0,1,0
0,67,53,3551,2,17.666666666666668,0,0,0,1,1,0,1,0,0,1,0
0,72,25,1800,3,6.25,1,0,1,1,0,0,1,0,0,1,0
0,37,61,2257,2,20.333333333333332,1,1,1,0,0,0,0,0,1,0,0
1,37,20,740,3,5.0,0,0,1,1,0,1,0,0,1,0,0
1,41,98,4018,3,24.5,1,0,1,1,0,0,1,0,1,0,1
0,65,104,6760,2,34.666666666666664,1,0,1,0,0,0,0,0,0,1,0
0,47,20,940,2,6.666666666666667,1,0,1,0,1,0,0,0,1,0,0
0,26,75,1950,3,18.75,0,0,1,1,1,0,0,0,1,0,1
0,9,85,765,2,28.333333333333332,1,0,1,0,0,0,0,0,0,0,1
0,60,81,4860,3,20.25,0,1,1,1,0,0,1,0,0,1,0
1,1,86,86,2,28.666666666666668,1,0,1,0,0,0,0,0,0,0,1
0,62,44,2728,2,14.666666666666666,0,0,0,1,1,0,0,0,0,1,0
0,6,69,414,2,23.0,0,0,1,0,1,0,0,0,0,0,1
0,53,99,5247,3,24.75,0,0,1,1,1,0,0,0,0,1,0
0,32,76,2432,3,19.0,0,0,1,1,1,0,1,0,1,0,0
0,67,118,7906,3,29.5,1,0,1,1,1,0,0,0,0,1,1
0,15,25,375,2,8.333333333333334,0,0,1,0,0,0,0,1,0,0,1
0,49,30,1470,2,10.0,1,0,0,1,1,0,1,0,0,1,0
0,22,55,1210,3,13.75,0,1,1,1,0,0,1,1,0,0,1
0,64,105,6720,3,26.25,1,0,1,1,1,0,0,0,0,1,0
0,21,82,1722,3,20.5,1,0,1,1,0,1,0,1,0,0,1
1,12,98,1176,2,32.666666666666664,0,0,1,0,0,0,1,0,0,0,1
0,43,94,4042,3,23.5,0,0,1,1,1,0,1,0,1,0,0
0,66,20,1320,2,6.666666666666667,1,1,1,0,0,0,1,0,0,1,0
0,44,96,4224,3,24.0,0,0,1,1,1,0,0,0,1,0,1
1,17,21,357,3,5.25,0,0,1,1,1,0,1,1,0,0,0
0,1,50,50,2,16.666666666666668,0,0,1,0,0,0,0,0,0,0,1
1,51,98,4998,2,32.666666666666664,1,0,1,0,0,0,0,0,0,1,1
0,9,20,180,2,6.666666666666667,1,0,1,0,0,0,0,0,0,0,1
0,64,100,6400,2,33.333333333333336,0,0,1,0,1,0,1,0,0,1,1
0,8,75,600,3,18.75,1,0,1,1,1,1,0,0,0,0,0
0,57,74,4218,2,24.666666666666668,1,1,1,0,0,0,0,0,0,1,0
0,59,69,4071,2,23.0,0,0,1,0,1,0,0,0,0,1,0
0,64,66,4224,2,22.0,1,0,1,0,0,0,0,0,0,1,0
0,1,19,19,2,6.333333333333333,0,1,1,0,0,0,1,0,0,0,0
0,72,86,6192,2,28.666666666666668,0,1,1,0,0,0,1,0,0,1,0
0,1,80,80,2,26.666666666666668,1,0,1,0,0,0,1,0,0,0,1
1,51,25,1275,3,6.25,1,0,1,1,1,1,0,0,0,1,0
0,42,84,3528,2,28.0,0,0,1,0,0,1,0,0,1,0,1
0,1,20,20,2,6.666666666666667,0,0,1,0,1,0,1,0,0,0,0
0,56,103,5768,2,34.333333333333336,0,0,1,0,0,0,0,0,0,1,0
0,39,106,4134,3,26.5,1,0,1,1,1,0,0,0,1,0,0
0,25,41,1025,1,20.5,1,1,0,0,1,0,0,0,1,0,0
1,71,73,5183,2,24.333333333333332,1,1,1,0,0,1,0,0,0,1,0
0,10,46,460,2,15.333333333333334,1,0,1,0,0,0,0,0,0,0,0
0,40,85,3400,2,28.333333333333332,1,0,1,0,0,0,1,0,1,0,0
0,68,24,1632,3,6.0,1,1,1,1,1,1,0,0,0,1,0
0,61,20,1220,2,6.666666666666667,1,1,1,0,0,1,0,0,0,1,0
0,69,87,6003,2,29.0,1,1,1,0,1,0,0,0,0,1,0
0,30,85,2550,3,21.25,0,0,1,1,1,1,0,0,1,0,1
0,1,46,46,3,11.5,1,0,1,1,0,0,1,0,0,0,1
0,22,19,418,2,6.333333333333333,0,0,1,0,0,1,0,1,0,0,0
0,38,95,3610,2,31.666666666666668,1,1,1,0,0,0,0,0,1,0,0
0,3,75,225,3,18.75,0,0,1,1,1,0,1,0,0,0,1
0,1,35,35,1,17.5,1,0,0,0,0,0,0,0,0,0,1
0,41,90,3690,2,30.0,1,0,1,0,0,1,0,0,1,0,0
0,7,50,350,2,16.666666666666668,0,0,1,0,0,1,0,0,0,0,0
0,68,104,7072,2,34.666666666666664,0,1,1,0,0,0,1,0,0,1,0
0,5,64,320,2,21.333333333333332,1,0,1,0,1,0,0,0,0,0,0
0,41,103,4223,3,25.75,1,1,1,1,1,0,0,0,1,0,1
0,35,26,910,2,8.666666666666666,0,1,1,0,0,1,0,0,1,0,0
0,19,86,1634,2,28.666666666666668,1,0,1,0,0,0,0,1,0,0,1
0,69,79,5451,3,19.75,1,1,1,1,1,0,0,0,0,1,0
0,45,74,3330,3,18.5,1,1,1,1,1,0,0,0,1,0,0
0,67,68,4556,3,17.0,1,1,1,1,1,0,1,0,0,1,0
0,61,79,4819,3,19.75,0,1,1,1,1,0,1,0,0,1,0
0,24,85,2040,3,21.25,1,0,1,1,0,1,0,1,0,0,0
0,22,69,1518,3,17.25,0,0,1,1,1,1,0,1,0,0,1
0,63,81,5103,2,27.0,0,0,1,0,0,0,1,0,0,1,0
0,1,36,36,1,18.0,0,0,0,0,0,0,0,0,0,0,1
0,24,104,2496,2,34.666666666666664,0,0,1,0,0,0,1,1,0,0,0
0,39,96,3744,2,32.0,0,0,1,0,0,1,0,0,1,0,1
0,63,91,5733,3,22.75,1,1,1,1,1,1,0,0,0,1,0
0,1,51,51,3,12.75,1,0,1,1,1,0,0,0,0,0,0
0,26,30,780,2,10.0,0,1,0,1,0,0,1,0,1,0,0
0,41,51,2091,2,17.0,1,0,0,1,0,0,1,0,1,0,0
0,22,20,440,3,5.0,1,0,1,1,0,0,0,1,0,0,0
0,35,90,3150,3,22.5,1,1,1,1,1,0,0,0,1,0,0
0,37,20,740,3,5.0,1,1,1,1,1,0,1,0,1,0,0
0,55,104,5720,2,34.666666666666664,0,0,1,0,1,0,0,0,0,1,0
0,38,66,2508,3,16.5,0,0,1,1,1,0,0,0,1,0,0
0,32,35,1120,2,11.666666666666666,0,1,0,1,1,1,0,0,1,0,0
0,14,86,1204,2,28.666666666666668,0,1,1,0,0,0,0,1,0,0,0
0,62,104,6448,2,34.666666666666664,1,1,1,0,1,0,0,0,0,1,0
0,14,86,1204,3,21.5,0,0,1,1,0,0,1,1,0,0,1
0,29,89,2581,2,29.666666666666668,1,1,1,0,0,1,0,0,1,0,1
0,54,90,4860,3,22.5,1,0,1,1,1,1,0,0,0,1,0
0,71,95,6745,2,31.666666666666668,0,1,1,0,1,1,0,0,0,1,0
0,47,95,4465,2,31.666666666666668,1,0,1,0,1,0,0,0,1,0,0
1,2,95,190,3,23.75,1,0,1,1,1,0,0,0,0,0,1
0,45,51,2295,1,25.5,0,1,0,0,0,0,1,0,1,0,0
0,70,76,5320,3,19.0,1,0,1,1,0,0,1,0,0,1,0
0,4,20,80,3,5.0,0,1,1,1,1,0,0,0,0,0,1
0,33,82,2706,2,27.333333333333332,1,1,1,0,0,0,0,0,1,0,0
1,20,94,1880,2,31.333333333333332,1,1,1,0,0,0,0,1,0,0,0
0,56,24,1344,2,8.0,1,1,1,0,0,1,0,0,0,1,0
0,12,100,1200,2,33.333333333333336,0,0,1,0,0,0,0,0,0,0,1
0,1,20,20,2,6.666666666666667,1,1,1,0,1,0,0,0,0,0,0
1,38,57,2166,3,14.25,0,0,1,1,1,1,0,0,1,0,1
0,12,58,696,2,19.333333333333332,0,1,1,0,1,0,0,0,0,0,0
0,1,20,20,2,6.666666666666667,1,0,1,0,1,0,0,0,0,0,1
0,28,18,504,2,6.0,1,0,1,0,0,0,1,0,1,0,0
0,43,50,2150,2,16.666666666666668,0,1,1,0,1,1,0,0,1,0,0
0,61,107,6527,3,26.75,0,0,1,1,0,0,1,0,0,1,1
0,16,55,880,2,18.333333333333332,1,0,1,0,1,0,1,1,0,0,0
0,10,70,700,3,17.5,1,0,1,1,1,0,0,0,0,0,1
0,63,80,5040,2,26.666666666666668,1,1,1,0,0,1,0,0,0,1,0
0,62,24,1488,2,8.0,1,0,1,0,1,0,1,0,0,1,0
0,46,40,1840,2,13.333333333333334,1,0,0,1,1,1,0,0,1,0,0
0,1,20,20,3,5.0,1,1,1,1,1,0,1,0,0,0,0
0,9,55,495,2,18.333333333333332,0,1,1,0,0,0,0,0,0,0,0
0,2,96,192,3,24.0,1,0,1,1,1,0,0,0,0,0,1
0,35,69,2415,3,17.25,1,1,1,1,1,1,0,0,1,0,0
0,69,82,5658,2,27.333333333333332,1,1,1,0,0,0,0,0,0,1,0
0,33,80,2640,2,26.666666666666668,1,0,1,0,0,0,0,0,1,0,0
0,46,21,966,3,5.25,0,0,1,1,1,0,0,0,1,0,0
0,1,76,76,3,19.0,0,0,1,1,1,0,0,0,0,0,0
0,65,26,1690,2,8.666666666666666,0,1,1,0,0,1,0,0,0,1,0
0,15,59,885,3,14.75,0,0,1,1,1,0,0,1,0,0,0
0,7,69,483,3,17.25,1,0,1,1,0,0,0,0,0,0,0
0,19,78,1482,2,26.0,1,0,1,0,0,0,0,1,0,0,1
0,25,76,1900,2,25.333333333333332,1,1,1,0,1,0,0,0,1,0,0
0,38,70,2660,2,23.333333333333332,1,0,1,0,1,0,0,0,1,0,0
0,53,19,1007,2,6.333333333333333,0,0,1,0,0,0,1,0,0,1,0
0,1,69,69,3,17.25,0,1,1,1,1,0,0,0,0,0,1
0,52,21,1092,3,5.25,1,1,1,1,1,0,0,0,0,1,0
0,43,79,3397,2,26.333333333333332,0,0,1,0,0,0,0,0,1,0,0
0,23,54,1242,2,18.0,1,1,1,0,1,1,0,1,0,0,0
0,2,81,162,3,20.25,0,0,1,1,1,0,1,0,0,0,1
0,34,50,1700,2,16.666666666666668,0,0,1,0,1,1,0,0,1,0,0
0,6,45,270,3,11.25,1,1,1,1,1,1,0,0,0,0,1
0,26,52,1352,2,17.333333333333332,1,0,1,0,0,0,1,0,1,0,0
0,2,45,90,2,15.0,1,0,1,0,1,0,0,0,0,0,0
0,11,20,220,2,6.666666666666667,0,1,1,0,0,0,0,0,0,0,0
0,1,50,50,2,16.666666666666668,1,0,1,0,0,0,0,0,0,0,1
0,53,98,5194,3,24.5,1,0,1,1,1,0,0,0,0,1,0
0,14,76,1064,3,19.0,1,0,1,1,0,0,1,1,0,0,0
1,22,26,572,3,6.5,0,0,1,1,1,0,0,1,0,0,0
0,64,84,5376,2,28.0,1,0,1,0,0,0,1,0,0,1,0
0,62,72,4464,2,24.0,0,0,1,0,0,0,1,0,0,1,0
0,36,65,2340,3,16.25,1,0,1,1,1,0,0,0,1,0,1
0,4,81,324,2,27.0,1,0,1,0,1,0,1,0,0,0,1
0,38,85,3230,3,21.25,1,1,1,1,1,0,0,0,1,0,0
0,32,86,2752,3,21.5,1,0,1,1,0,0,1,0,1,0,0
0,61,51,3111,1,25.5,0,1,0,0,0,0,1,0,0,1,0
0,70,26,1820,2,8.666666666666666,0,0,1,0,1,0,0,0,0,1,0
1,31,89,2759,2,29.666666666666668,1,0,1,0,0,0,1,0,1,0,0
0,9,19,171,2,6.333333333333333,1,0,1,0,1,0,0,0,0,0,1
0,66,90,5940,2,30.0,0,0,1,0,0,0,1,0,0,1,0
0,10,20,200,2,6.666666666666667,0,0,1,0,0,0,0,0,0,0,0
0,30,64,1920,2,21.333333333333332,0,1,1,0,1,0,0,0,1,0,0
0,5,90,450,3,22.5,1,1,1,1,1,0,0,0,0,0,0
0,54,24,1296,3,6.0,1,1,1,1,1,0,0,0,0,1,0
0,59,41,2419,1,20.5,1,0,0,0,0,0,0,0,0,1,1
0,40,25,1000,2,8.333333333333334,1,1,1,0,0,1,0,0,1,0,0
0,35,109,3815,2,36.333333333333336,1,0,1,0,0,0,1,0,1,0,0
0,12,62,744,2,20.666666666666668,0,0,1,0,0,1,0,0,0,0,1
0,42,95,3990,3,23.75,1,0,1,1,1,0,0,0,1,0,1
0,72,108,7776,3,27.0,0,0,1,1,0,0,1,0,0,1,0
0,63,39,2457,1,19.5,1,1,0,0,0,0,0,0,0,1,0
0,4,20,80,2,6.666666666666667,1,0,1,0,0,0,0,0,0,0,0
1,68,53,3604,1,26.5,0,1,0,0,0,0,1,0,0,1,0
0,32,65,2080,2,21.666666666666668,1,0,1,0,1,1,0,0,1,0,0
0,5,80,400,3,20.0,1,1,1,1,0,1,0,0,0,0,1
0,72,109,7848,2,36.333333333333336,0,0,1,0,0,0,0,0,0,1,0
0,1,76,76,3,19.0,1,0,1,1,1,0,0,0,0,0,1
1,1,56,56,2,18.666666666666668,0,0,1,0,0,1,0,0,0,0,1
0,71,91,6461,3,22.75,0,1,1,1,1,1,0,0,0,1,0
0,13,24,312,1,12.0,0,0,0,0,0,1,0,1,0,0,1
0,41,81,3321,3,20.25,0,0,1,1,1,0,1,0,1,0,0
1,30,75,2250,3,18.75,1,0,1,1,1,0,0,0,1,0,0
0,1,69,69,3,17.25,0,0,1,1,0,0,1,0,0,0,1
0,22,49,1078,1,24.5,0,1,0,0,0,0,0,1,0,0,0
0,1,20,20,3,5.0,1,1,1,1,0,0,1,0,0,0,0
0,10,78,780,3,19.5,0,0,1,1,1,0,1,0,0,0,0
0,19,45,855,2,15.0,0,0,0,1,1,0,1,1,0,0,1
0,27,56,1512,3,14.0,1,1,1,1,1,1,0,0,1,0,0
0,14,70,980,2,23.333333333333332,0,0,1,0,0,0,0,1,0,0,0
0,59,114,6726,2,38.0,1,0,1,0,0,1,0,0,0,1,0
0,2,76,152,3,19.0,1,0,1,1,1,0,1,0,0,0,1
0,12,21,252,2,7.0,1,1,1,0,0,1,0,0,0,0,0
0,4,46,184,3,11.5,1,0,1,1,0,1,0,0,0,0,0
1,65,110,7150,2,36.666666666666664,1,0,1,0,1,0,0,0,0,1,0
0,2,97,194,2,32.333333333333336,1,1,1,0,1,0,1,0,0,0,0
1,71,106,7526,3,26.5,0,0,1,1,1,0,0,0,0,1,0
1,30,92,2760,3,23.0,0,0,1,1,0,0,1,0,1,0,1
0,29,75,2175,2,25.0,0,0,1,0,0,1,0,0,1,0,0
0,5,99,495,2,33.0,0,1,1,0,0,0,1,0,0,0,1
0,17,93,1581,3,23.25,0,0,1,1,1,0,0,1,0,0,0
0,61,24,1464,3,6.0,0,1,1,1,0,1,0,0,0,1,0
0,16,89,1424,3,22.25,0,1,1,1,1,0,0,1,0,0,1
0,47,20,940,3,5.0,1,1,1,1,1,1,0,0,1,0,0
0,37,79,2923,2,26.333333333333332,1,0,1,0,0,0,1,0,1,0,0
0,8,25,200,1,12.5,1,0,0,0,0,1,0,0,0,0,0
0,64,55,3520,2,18.333333333333332,0,1,0,1,0,0,1,0,0,1,0
0,40,25,1000,2,8.333333333333334,0,1,1,0,0,0,1,0,1,0,0
0,10,21,210,2,7.0,0,0,1,0,0,1,0,0,0,0,0
0,9,76,684,2,25.333333333333332,0,0,1,0,0,1,0,0,0,0,1
1,53,94,4982,2,31.333333333333332,0,0,1,0,0,0,1,0,0,1,0
0,1,21,21,2,7.0,0,0,1,0,1,0,0,0,0,0,0
0,13,20,260,3,5.0,1,0,1,1,0,1,0,1,0,0,0
0,34,55,1870,2,18.333333333333332,0,0,1,0,0,0,0,0,1,0,0
0,21,25,525,2,8.333333333333334,1,1,1,0,0,0,1,1,0,0,0
0,0,20,0,2,6.666666666666667,1,1,1,0,0,0,0,0,0,0,0
0,25,76,1900,2,25.333333333333332,0,0,1,0,0,0,1,0,1,0,0
0,1,70,70,2,23.333333333333332,1,1,1,0,0,0,0,0,0,0,0
1,2,75,150,2,25.0,0,0,1,0,0,0,1,0,0,0,1
0,47,21,987,2,7.0,0,1,1,0,0,0,1,0,1,0,0
1,31,100,3100,3,25.0,0,0,1,1,1,0,0,0,1,0,1
0,0,20,0,2,6.666666666666667,0,1,1,0,1,0,0,0,0,0,0
0,47,20,940,3,5.0,1,0,1,1,1,0,0,0,1,0,0
0,1,21,21,2,7.0,1,0,1,0,0,1,0,0,0,0,0
0,9,35,315,1,17.5,1,0,0,0,0,0,0,0,0,0,1
0,4,30,120,2,10.0,1,0,0,1,0,1,0,0,0,0,0
1,19,87,1653,3,21.75,1,0,1,1,1,0,0,1,0,0,0
0,43,75,3225,3,18.75,1,0,1,1,1,1,0,0,1,0,1
0,43,75,3225,2,25.0,0,1,1,0,0,1,0,0,1,0,0
0,18,46,828,3,11.5,1,1,1,1,1,1,0,1,0,0,0
1,39,100,3900,2,33.333333333333336,0,0,1,0,0,0,0,0,1,0,0
1,11,111,1221,2,37.0,1,0,1,0,0,0,1,0,0,0,0
0,1,36,36,2,12.0,1,0,0,1,1,1,0,0,0,0,1
0,1,69,69,3,17.25,0,0,1,1,1,0,0,0,0,0,1
0,43,34,1462,2,11.333333333333334,0,0,0,1,1,0,0,0,1,0,0
0,12,26,312,3,6.5,1,1,1,1,1,0,0,0,0,0,0
0,52,85,4420,2,28.333333333333332,1,1,1,0,0,0,0,0,0,1,0
0,71,83,5893,2,27.666666666666668,1,0,1,0,1,0,1,0,0,1,0
0,71,109,7739,2,36.333333333333336,0,0,1,0,0,1,0,0,0,1,0
0,30,94,2820,2,31.333333333333332,1,0,1,0,0,0,0,0,1,0,0
0,39,24,936,2,8.0,0,1,1,0,0,0,0,0,1,0,0
0,3,55,165,2,18.333333333333332,0,1,1,0,1,0,0,0,0,0,1
0,68,76,5168,2,25.333333333333332,1,1,1,0,1,0,0,0,0,1,1
0,41,19,779,3,4.75,0,1,1,1,0,1,0,0,1,0,0
0,8,87,696,3,21.75,0,0,1,1,0,0,0,0,0,0,1
0,72,24,1728,2,8.0,0,0,1,0,0,0,1,0,0,1,0
0,10,80,800,3,20.0,1,0,1,1,1,0,0,0,0,0,1
0,12,54,648,3,13.5,1,1,1,1,1,0,0,0,0,0,1
1,17,85,1445,2,28.333333333333332,0,0,1,0,0,0,1,1,0,0,1
0,68,78,5304,2,26.0,0,1,1,0,0,1,0,0,0,1,0
0,57,104,5928,2,34.666666666666664,0,0,1,0,0,1,0,0,0,1,1
1,37,107,3959,3,26.75,0,0,1,1,1,1,0,0,1,0,1
0,1,49,49,2,16.333333333333332,1,1,1,0,1,0,0,0,0,0,1
0,53,107,5671,2,35.666666666666664,0,0,1,0,0,0,1,0,0,1,1
0,34,80,2720,3,20.0,0,0,1,1,0,0,0,0,1,0,0
0,49,60,2940,3,15.0,0,0,1,1,0,1,0,0,0,1,1
0,70,86,6020,3,21.5,0,0,1,1,1,0,1,0,0,1,0
1,67,65,4355,3,16.25,1,0,1,1,1,0,1,0,0,1,0
0,51,25,1275,2,8.333333333333334,0,0,1,0,0,0,0,0,0,1,0
0,3,70,210,2,23.333333333333332,0,0,1,0,0,0,0,0,0,0,0
0,1,71,71,2,23.666666666666668,0,0,1,0,1,0,0,0,0,0,0
0,56,76,4256,3,19.0,1,1,1,1,1,0,0,0,0,1,0
0,12,113,1356,2,37.666666666666664,1,0,1,0,1,0,0,0,0,0,1
0,27,101,2727,3,25.25,1,1,1,1,0,1,0,0,1,0,0
0,58,105,6090,2,35.0,0,1,1,0,1,0,0,0,0,1,0
0,6,20,120,3,5.0,0,0,1,1,0,0,0,0,0,0,0
0,64,24,1536,3,6.0,0,1,1,1,1,0,1,0,0,1,0
0,16,80,1280,2,26.666666666666668,0,1,1,0,1,0,0,1,0,0,0
0,44,94,4136,2,31.333333333333332,0,1,1,0,0,0,0,0,1,0,0
0,16,20,320,2,6.666666666666667,1,1,1,0,0,1,0,1,0,0,0
0,44,20,880,2,6.666666666666667,1,0,1,0,0,0,1,0,1,0,0
1,30,102,3060,2,34.0,1,0,1,0,0,1,0,0,1,0,0
0,25,79,1975,2,26.333333333333332,1,0,1,0,0,0,0,0,1,0,0
0,14,71,994,2,23.666666666666668,0,0,1,0,1,0,0,1,0,0,1
0,4,51,204,3,12.75,0,1,1,1,1,0,0,0,0,0,1
0,42,99,4158,3,24.75,0,0,1,1,1,0,0,0,1,0,0
0,19,85,1615,2,28.333333333333332,1,0,1,0,0,0,0,1,0,0,0
1,7,46,322,2,15.333333333333334,1,1,1,0,0,0,1,0,0,0,0
0,10,66,660,3,16.5,0,1,1,1,1,1,0,0,0,0,0
0,15,102,1530,2,34.0,0,0,1,0,0,0,0,1,0,0,0
0,12,107,1284,2,35.666666666666664,1,0,1,0,0,1,0,0,0,0,1
0,12,19,228,2,6.333333333333333,0,1,1,0,1,0,0,0,0,0,1
0,8,19,152,2,6.333333333333333,0,0,1,0,0,0,1,0,0,0,0
0,10,20,200,3,5.0,0,1,1,1,1,0,0,0,0,0,0
1,55,74,4070,3,18.5,1,0,1,1,1,0,0,0,0,1,0
0,69,82,5658,3,20.5,0,0,1,1,1,0,0,0,0,1,0
0,16,20,320,2,6.666666666666667,0,0,1,0,0,0,0,1,0,0,0
0,51,30,1530,2,10.0,1,0,0,1,1,0,1,0,0,1,0
0,71,90,6390,2,30.0,0,0,1,0,0,0,1,0,0,1,0
0,54,70,3780,2,23.333333333333332,0,0,1,0,0,0,0,0,0,1,1
0,1,49,49,3,12.25,1,0,1,1,0,0,0,0,0,0,0
0,26,55,1430,2,18.333333333333332,0,0,1,0,0,0,1,0,1,0,0
0,8,20,160,2,6.666666666666667,0,0,1,0,0,0,0,0,0,0,1
1,5,74,370,2,24.666666666666668,0,0,1,0,0,0,0,0,0,0,1
0,69,55,3795,1,27.5,0,1,0,0,0,0,0,0,0,1,0
1,46,99,4554,3,24.75,1,0,1,1,1,1,0,0,1,0,0
0,46,96,4416,2,32.0,0,0,1,0,1,0,0,0,1,0,1
0,9,96,864,3,24.0,1,0,1,1,0,0,1,0,0,0,0
0,53,112,5936,2,37.333333333333336,0,0,1,0,0,0,0,0,0,1,0
0,41,40,1640,1,20.0,0,0,0,0,0,1,0,0,1,0,0
0,41,20,820,3,5.0,0,0,1,1,1,0,0,0,1,0,0
0,68,45,3060,1,22.5,0,0,0,0,0,0,1,0,0,1,0
0,36,31,1116,2,10.333333333333334,0,0,0,1,1,1,0,0,1,0,0
0,47,65,3055,2,21.666666666666668,0,0,1,0,0,0,0,0,1,0,0
0,4,49,196,2,16.333333333333332,1,1,1,0,0,0,1,0,0,0,1
0,61,81,4941,3,20.25,1,1,1,1,1,0,0,0,0,1,0
1,36,84,3024,2,28.0,1,0,1,0,0,1,0,0,1,0,1
1,14,79,1106,2,26.333333333333332,0,0,1,0,0,1,0,1,0,0,1
0,50,109,5450,3,27.25,0,0,1,1,1,0,0,0,0,1,1
0,27,85,2295,2,28.333333333333332,1,1,1,0,1,1,0,0,1,0,0
0,23,20,460,2,6.666666666666667,1,0,1,0,1,1,0,1,0,0,0
0,3,75,225,2,25.0,1,0,1,0,0,0,0,0,0,0,1
0,36,105,3780,3,26.25,0,0,1,1,1,1,0,0,1,0,0
0,24,75,1800,2,25.0,0,0,1,0,1,0,0,1,0,0,1
0,65,106,6890,2,35.333333333333336,0,1,1,0,0,0,0,0,0,1,1
0,31,50,1550,1,25.0,1,0,0,0,0,1,0,0,1,0,0
0,63,80,5040,2,26.666666666666668,0,0,1,0,0,0,1,0,0,1,0
0,67,60,4020,3,15.0,0,0,1,1,1,0,0,0,0,1,0
0,58,24,1392,2,8.0,0,0,1,0,0,1,0,0,0,1,0
0,15,105,1575,3,26.25,0,0,1,1,1,0,0,1,0,0,1
0,16,81,1296,2,27.0,1,0,1,0,0,0,0,1,0,0,0
0,8,66,528,2,22.0,0,0,1,0,0,0,1,0,0,0,0
0,71,90,6390,2,30.0,0,1,1,0,0,0,0,0,0,1,0
0,4,20,80,3,5.0,1,0,1,1,1,0,0,0,0,0,0
0,68,83,5644,2,27.666666666666668,1,1,1,0,1,1,0,0,0,1,0
0,15,56,840,2,18.666666666666668,0,0,1,0,1,0,0,1,0,0,0
0,13,52,676,2,17.333333333333332,1,1,1,0,0,0,1,1,0,0,0
0,42,20,840,2,6.666666666666667,0,0,1,0,1,0,0,0,1,0,0
0,4,45,180,2,15.0,1,1,1,0,0,1,0,0,0,0,0
0,50,110,5500,2,36.666666666666664,0,0,1,0,0,1,0,0,0,1,0
0,4,57,228,2,19.0,0,1,0,1,1,0,0,0,0,0,0
0,2,52,104,2,17.333333333333332,0,1,1,0,0,0,0,0,0,0,0
0,46,19,874,2,6.333333333333333,0,1,1,0,1,0,0,0,1,0,0
0,58,105,6090,2,35.0,1,0,1,0,0,1,0,0,0,1,1
0,17,44,748,1,22.0,1,1,0,0,1,0,0,1,0,0,0
0,2,95,190,3,23.75,0,0,1,1,1,0,0,0,0,0,1
0,68,85,5780,2,28.333333333333332,0,1,1,0,0,0,0,0,0,1,0
1,28,111,3108,3,27.75,0,0,1,1,1,0,0,0,1,0,0
0,40,26,1040,3,6.5,0,1,1,1,1,0,1,0,1,0,0
0,35,75,2625,2,25.0,1,0,1,0,0,0,1,0,1,0,1
0,5,64,320,2,21.333333333333332,0,0,1,0,0,0,1,0,0,0,0
0,14,20,280,2,6.666666666666667,1,1,1,0,0,0,0,1,0,0,0
0,6,50,300,2,16.666666666666668,1,0,1,0,0,1,0,0,0,0,0
0,67,66,4422,3,16.5,1,0,1,1,0,0,1,0,0,1,0
1,63,84,5292,2,28.0,1,0,1,0,0,1,0,0,0,1,0
0,5,54,270,3,13.5,0,0,1,1,0,0,0,0,0,0,0
0,6,83,498,2,27.666666666666668,1,0,1,0,0,0,0,0,0,0,1
0,49,94,4606,3,23.5,1,0,1,1,0,0,1,0,0,1,0
0,61,19,1159,3,4.75,0,1,1,1,0,1,0,0,0,1,0
0,10,20,200,2,6.666666666666667,1,0,1,0,0,1,0,0,0,0,0
0,72,117,8424,3,29.25,0,0,1,1,0,1,0,0,0,1,0
0,53,77,4081,3,19.25,1,0,1,1,1,0,1,0,0,1,0
0,1,20,20,2,6.666666666666667,0,0,1,0,0,0,1,0,0,0,1
0,22,21,462,3,5.25,0,1,1,1,0,0,1,1,0,0,0
0,34,100,3400,3,25.0,1,0,1,1,1,0,0,0,1,0,1
0,5,89,445,3,22.25,0,0,1,1,0,0,1,0,0,0,1
0,5,20,100,3,5.0,0,0,1,1,0,0,1,0,0,0,1
0,56,24,1344,2,8.0,0,0,1,0,1,0,0,0,0,1,0
1,11,79,869,2,26.333333333333332,1,0,1,0,1,0,0,0,0,0,0
0,33,58,1914,2,19.333333333333332,0,1,1,0,0,1,0,0,1,0,0
0,58,86,4988,2,28.666666666666668,1,0,1,0,0,0,0,0,0,1,0
1,34,76,2584,2,25.333333333333332,1,0,1,0,0,0,0,0,1,0,0
0,65,26,1690,2,8.666666666666666,0,0,1,0,0,0,1,0,0,1,0
1,2,44,88,3,11.0,1,0,1,1,0,1,0,0,0,0,1
1,17,82,1394,2,27.333333333333332,1,0,1,0,0,0,0,1,0,0,1
0,63,41,2583,1,20.5,1,1,0,0,0,0,1,0,0,1,0
0,72,25,1800,3,6.25,0,1,1,1,1,0,0,0,0,1,0
0,43,93,3999,2,31.0,0,1,1,0,0,0,0,0,1,0,0
0,72,113,8136,3,28.25,1,0,1,1,1,0,1,0,0,1,0
0,6,20,120,3,5.0,0,1,1,1,1,0,0,0,0,0,0
0,1,25,25,3,6.25,1,0,1,1,0,0,0,0,0,0,0
0,26,60,1560,2,20.0,0,1,1,0,0,0,0,0,1,0,1
0,72,95,6840,3,23.75,0,1,1,1,1,1,0,0,0,1,0
1,56,112,6272,3,28.0,0,0,1,1,1,0,0,0,0,1,1
0,17,103,1751,2,34.333333333333336,1,0,1,0,0,1,0,1,0,0,0
0,1,55,55,2,18.333333333333332,0,0,1,0,0,0,0,0,0,0,0
0,68,86,5848,2,28.666666666666668,1,1,1,0,1,0,0,0,0,1,0
0,61,25,1525,3,6.25,0,1,1,1,0,1,0,0,0,1,0
0,11,40,440,1,20.0,0,0,0,0,1,0,0,0,0,0,0
0,34,85,2890,2,28.333333333333332,0,0,1,0,0,0,0,0,1,0,0
0,72,24,1728,3,6.0,1,0,1,1,1,0,0,0,0,1,0
0,26,62,1612,3,15.5,1,0,1,1,0,1,0,0,1,0,0
0,66,95,6270,3,23.75,1,0,1,1,1,0,0,0,0,1,0
0,64,85,5440,2,28.333333333333332,0,0,1,0,1,0,0,0,0,1,0
0,3,61,183,2,20.333333333333332,1,0,1,0,0,0,1,0,0,0,0
0,20,20,400,3,5.0,0,0,1,1,0,0,0,1,0,0,0
0,48,103,4944,3,25.75,0,1,1,1,1,0,0,0,1,0,1
0,43,72,3096,2,24.0,1,1,1,0,0,0,1,0,1,0,0
1,14,20,280,3,5.0,1,0,1,1,1,0,0,1,0,0,0
0,57,20,1140,2,6.666666666666667,0,1,1,0,1,0,0,0,0,1,0
0,72,66,4752,2,22.0,1,1,1,0,0,1,0,0,0,1,0
0,72,26,1872,2,8.666666666666666,1,0,1,0,1,1,0,0,0,1,0
0,38,81,3078,3,20.25,1,1,1,1,0,0,1,0,1,0,0
0,2,50,100,2,16.666666666666668,0,0,1,0,1,0,0,0,0,0,1
1,4,95,380,3,23.75,0,0,1,1,0,0,0,0,0,0,1
0,26,70,1820,3,17.5,0,0,1,1,0,0,0,0,1,0,0
0,26,20,520,3,5.0,1,1,1,1,1,0,0,0,1,0,0
0,15,39,585,1,19.5,0,0,0,0,0,1,0,1,0,0,0
0,22,100,2200,3,25.0,1,1,1,1,0,1,0,1,0,0,0
0,13,25,325,2,8.333333333333334,0,1,1,0,0,1,0,1,0,0,0
1,6,44,264,1,22.0,0,0,0,0,0,0,1,0,0,0,0
1,20,54,1080,2,18.0,1,0,1,0,1,1,0,1,0,0,0
0,72,20,1440,2,6.666666666666667,1,1,1,0,0,1,0,0,0,1,0
1,34,100,3400,2,33.333333333333336,1,0,1,0,0,0,0,0,1,0,0
0,52,21,1092,2,7.0,0,0,1,0,1,0,0,0,0,1,0
0,69,25,1725,3,6.25,0,0,1,1,1,1,0,0,0,1,0
0,39,20,780,2,6.666666666666667,0,0,1,0,0,0,0,0,1,0,0
0,65,75,4875,2,25.0,1,1,1,0,0,1,0,0,0,1,1
0,68,25,1700,2,8.333333333333334,1,0,1,0,0,0,1,0,0,1,0
0,25,85,2125,2,28.333333333333332,0,0,1,0,0,0,0,0,1,0,0
0,6,84,504,2,28.0,1,0,1,0,0,0,0,0,0,0,1
1,64,70,4480,2,23.333333333333332,0,0,1,0,0,0,0,0,0,1,1
0,7,70,490,3,17.5,1,1,1,1,0,0,0,0,0,0,1
0,32,86,2752,2,28.666666666666668,0,1,1,0,0,0,1,0,1,0,0
0,41,20,820,2,6.666666666666667,1,0,1,0,0,0,0,0,1,0,0
0,2,45,90,3,11.25,1,0,1,1,1,0,0,0,0,0,1
0,24,51,1224,2,17.0,1,0,0,1,0,0,1,1,0,0,0
0,1,19,19,3,4.75,0,0,1,1,0,0,1,0,0,0,0
0,54,44,2376,1,22.0,0,0,0,0,0,1,0,0,0,1,0
0,39,60,2340,3,15.0,0,1,1,1,1,0,0,0,1,0,0
0,14,80,1120,3,20.0,0,0,1,1,0,0,1,1,0,0,1
0,7,70,490,2,23.333333333333332,1,1,1,0,1,0,0,0,0,0,0
0,25,20,500,2,6.666666666666667,1,0,1,0,0,0,1,0,1,0,0
0,44,93,4092,2,31.0,1,1,1,0,0,1,0,0,1,0,0
0,61,100,6100,2,33.333333333333336,1,1,1,0,0,0,0,0,0,1,0
0,72,114,8208,3,28.5,1,0,1,1,1,1,0,0,0,1,0
0,43,99,4257,2,33.0,0,1,1,0,0,0,0,0,1,0,0
0,58,108,6264,3,27.0,0,0,1,1,0,0,0,0,0,1,0
0,71,67,4757,1,33.5,0,0,0,0,1,0,0,0,0,1,0
1,34,85,2890,3,21.25,1,0,1,1,1,0,0,0,1,0,0
1,52,73,3796,3,18.25,1,0,1,1,0,0,1,0,0,1,0
1,64,44,2816,1,22.0,0,0,0,0,1,0,1,0,0,1,0
0,44,85,3740,2,28.333333333333332,1,0,1,0,0,0,1,0,1,0,0
0,13,45,585,2,15.0,1,1,1,0,0,0,0,1,0,0,0
0,24,91,2184,3,22.75,1,0,1,1,0,0,0,1,0,0,1
0,70,115,8050,3,28.75,1,1,1,1,0,1,0,0,0,1,0
1,1,85,85,2,28.333333333333332,0,0,1,0,0,0,0,0,0,0,1
0,11,76,836,2,25.333333333333332,0,0,1,0,0,0,1,0,0,0,1
0,12,60,720,2,20.0,1,0,1,0,1,0,1,0,0,0,1
0,72,111,7992,3,27.75,1,0,1,1,1,0,0,0,0,1,0
1,8,101,808,3,25.25,0,0,1,1,1,0,1,0,0,0,1
0,15,85,1275,2,28.333333333333332,1,0,1,0,0,1,0,1,0,0,0
0,13,56,728,2,18.666666666666668,0,1,1,0,0,1,0,1,0,0,0
0,68,80,5440,2,26.666666666666668,0,0,1,0,0,0,0,0,0,1,0
0,17,80,1360,3,20.0,0,0,1,1,1,0,1,1,0,0,0
0,71,25,1775,3,6.25,0,1,1,1,1,0,0,0,0,1,0
0,6,69,414,2,23.0,1,0,1,0,0,0,1,0,0,0,0
0,6,91,546,3,22.75,0,0,1,1,1,0,1,0,0,0,1
0,47,19,893,2,6.333333333333333,0,1,1,0,0,1,0,0,1,0,0
0,4,76,304,3,19.0,0,0,1,1,0,0,0,0,0,0,0
1,13,94,1222,2,31.333333333333332,1,0,1,0,0,0,0,1,0,0,0
0,3,75,225,3,18.75,0,0,1,1,0,0,1,0,0,0,0
0,12,54,648,3,13.5,1,0,1,1,0,0,1,0,0,0,0
0,17,80,1360,3,20.0,0,0,1,1,1,0,0,1,0,0,0
0,19,58,1102,3,14.5,0,0,1,1,0,1,0,1,0,0,0
0,52,21,1092,2,7.0,1,0,1,0,1,1,0,0,0,1,0
0,29,90,2610,2,30.0,1,0,1,0,0,0,1,0,1,0,0
0,3,45,135,3,11.25,1,0,1,1,1,0,1,0,0,0,0
1,3,36,108,1,18.0,1,0,0,0,1,1,0,0,0,0,1
0,32,84,2688,2,28.0,1,1,1,0,1,0,0,0,1,0,0
0,55,104,5720,3,26.0,1,0,1,1,1,1,0,0,0,1,1
0,20,99,1980,2,33.0,1,0,1,0,0,0,0,1,0,0,0
0,22,20,440,2,6.666666666666667,1,1,1,0,0,0,0,1,0,0,0
1,60,81,4860,3,20.25,1,1,1,1,0,0,1,0,0,1,0
1,27,88,2376,3,22.0,0,0,1,1,1,0,0,0,1,0,1
0,4,94,376,2,31.333333333333332,0,0,1,0,0,1,0,0,0,0,1
0,3,85,255,3,21.25,1,0,1,1,1,0,0,0,0,0,1
1,12,29,348,1,14.5,1,0,0,0,1,0,0,0,0,0,0
0,17,52,884,3,13.0,1,0,1,1,1,0,0,1,0,0,1
0,12,78,936,3,19.5,0,1,1,1,1,0,0,0,0,0,1
0,45,25,1125,3,6.25,0,1,1,1,1,0,0,0,1,0,0
0,1,51,51,3,12.75,0,1,1,1,1,0,0,0,0,0,0
0,72,85,6120,3,21.25,1,0,1,1,1,0,0,0,0,1,0
0,28,100,2800,3,25.0,1,0,1,1,0,0,1,0,1,0,0
0,51,81,4131,3,20.25,1,0,1,1,0,0,1,0,0,1,0
0,1,50,50,3,12.5,0,1,1,1,0,0,1,0,0,0,0
0,8,66,528,3,16.5,0,0,1,1,1,1,0,0,0,0,0
0,43,106,4558,2,35.333333333333336,0,1,1,0,0,0,1,0,1,0,0
0,22,84,1848,2,28.0,0,0,1,0,0,0,1,1,0,0,1
0,18,20,360,2,6.666666666666667,0,1,1,0,0,0,0,1,0,0,0
1,54,65,3510,2,21.666666666666668,1,0,1,0,1,0,0,0,0,1,0
0,13,81,1053,2,27.0,1,0,1,0,0,0,0,1,0,0,1
0,69,85,5865,3,21.25,0,0,1,1,1,0,1,0,0,1,0
0,66,57,3762,1,28.5,1,1,0,0,0,0,1,0,0,1,0
0,53,19,1007,2,6.333333333333333,0,0,1,0,0,1,0,0,0,1,0
0,3,19,57,2,6.333333333333333,1,0,1,0,0,0,1,0,0,0,0
0,20,20,400,3,5.0,0,0,1,1,1,0,0,1,0,0,0
0,1,19,19,2,6.333333333333333,1,0,1,0,0,0,0,0,0,0,1
0,38,62,2356,2,20.666666666666668,1,0,1,0,0,0,0,0,1,0,1
0,13,20,260,2,6.666666666666667,0,0,1,0,0,0,1,1,0,0,0
1,57,90,5130,2,30.0,1,0,1,0,0,0,1,0,0,1,0
0,67,20,1340,3,5.0,1,0,1,1,1,0,1,0,0,1,0
1,11,56,616,2,18.666666666666668,0,0,1,0,0,0,0,0,0,0,0
0,14,50,700,2,16.666666666666668,0,0,1,0,0,0,0,1,0,0,0
0,21,80,1680,2,26.666666666666668,1,1,1,0,1,0,0,1,0,0,0
0,59,25,1475,2,8.333333333333334,1,0,1,0,0,0,1,0,0,1,0
0,43,101,4343,3,25.25,1,0,1,1,0,0,0,0,1,0,1
0,7,39,273,2,13.0,1,1,0,1,1,1,0,0,0,0,0
0,56,81,4536,3,20.25,0,1,1,1,1,0,0,0,0,1,0
0,13,73,949,2,24.333333333333332,1,0,1,0,0,0,0,1,0,0,0
0,3,30,90,1,15.0,0,1,0,0,0,1,0,0,0,0,0
0,8,76,608,2,25.333333333333332,1,1,1,0,1,0,0,0,0,0,0
0,5,34,170,1,17.0,0,1,0,0,0,1,0,0,0,0,0
0,19,24,456,2,8.0,1,1,1,0,0,0,1,1,0,0,0
0,0,53,0,1,26.5,0,1,0,0,0,0,1,0,0,0,0
0,71,20,1420,3,5.0,0,1,1,1,0,1,0,0,0,1,0
0,9,45,405,2,15.0,1,0,0,1,0,0,1,0,0,0,1
0,1,74,74,3,18.5,0,0,1,1,1,0,0,0,0,0,1
0,24,25,600,2,8.333333333333334,0,1,1,0,1,0,0,1,0,0,0
0,3,20,60,2,6.666666666666667,1,0,1,0,0,1,0,0,0,0,0
0,39,103,4017,2,34.333333333333336,0,0,1,0,0,0,0,0,1,0,1
0,69,93,6417,3,23.25,0,1,1,1,1,1,0,0,0,1,0
0,33,61,2013,2,20.333333333333332,0,0,1,0,0,0,0,0,1,0,0
0,24,51,1224,2,17.0,1,0,1,0,0,0,0,1,0,0,0
0,39,20,780,3,5.0,0,1,1,1,0,1,0,0,1,0,0
0,37,20,740,2,6.666666666666667,1,0,1,0,1,0,0,0,1,0,0
0,71,91,6461,3,22.75,0,1,1,1,0,0,1,0,0,1,0
1,29,90,2610,2,30.0,1,0,1,0,0,1,0,0,1,0,0
0,68,92,6256,2,30.666666666666668,0,0,1,0,0,0,0,0,0,1,0
0,52,101,5252,3,25.25,0,1,1,1,1,0,1,0,0,1,0
0,3,60,180,2,20.0,0,0,1,0,0,0,1,0,0,0,0
0,1,82,82,2,27.333333333333332,1,0,1,0,1,0,0,0,0,0,1
0,72,115,8280,2,38.333333333333336,1,1,1,0,0,0,0,0,0,1,0
0,26,84,2184,2,28.0,1,0,1,0,0,1,0,0,1,0,1
0,3,80,240,3,20.0,0,0,1,1,1,0,0,0,0,0,0
0,3,20,60,2,6.666666666666667,1,0,1,0,0,0,0,0,0,0,0
0,59,111,6549,3,27.75,1,0,1,1,0,0,1,0,0,1,0
1,33,105,3465,2,35.0,0,1,1,0,0,0,1,0,1,0,0
1,26,86,2236,2,28.666666666666668,0,0,1,0,0,0,0,0,1,0,0
0,30,100,3000,2,33.333333333333336,1,0,1,0,0,0,1,0,1,0,0
0,22,79,1738,2,26.333333333333332,1,0,1,0,0,0,0,1,0,0,0
0,7,25,175,2,8.333333333333334,1,0,1,0,1,0,0,0,0,0,0
1,66,111,7326,2,37.0,0,1,1,0,0,0,0,0,0,1,0
0,71,106,7526,2,35.333333333333336,1,1,1,0,0,0,1,0,0,1,0
0,8,75,600,3,18.75,0,0,1,1,0,0,0,0,0,0,0
0,15,103,1545,3,25.75,1,0,1,1,1,0,1,1,0,0,0
0,70,106,7420,2,35.333333333333336,1,1,1,0,0,0,0,0,0,1,0
0,55,85,4675,3,21.25,0,1,1,1,1,0,0,0,0,1,0
0,63,102,6426,2,34.0,1,0,1,0,0,0,0,0,0,1,0
0,10,20,200,3,5.0,1,0,1,1,0,0,1,0,0,0,0
1,3,74,222,2,24.666666666666668,0,0,1,0,0,0,0,0,0,0,0
0,54,20,1080,3,5.0,1,0,1,1,0,1,0,0,0,1,0
0,72,67,4824,2,22.333333333333332,1,1,0,1,1,0,1,0,0,1,0
1,28,26,728,2,8.666666666666666,0,0,1,0,0,0,1,0,1,0,0
1,65,86,5590,3,21.5,1,1,1,1,1,0,0,0,0,1,0
0,70,20,1400,3,5.0,1,1,1,1,0,0,0,0,0,1,0
0,55,51,2805,2,17.0,0,0,1,0,1,0,0,0,0,1,0
0,68,20,1360,2,6.666666666666667,0,0,1,0,1,0,0,0,0,1,0
0,45,19,855,3,4.75,1,1,1,1,1,0,1,0,1,0,0
0,9,75,675,2,25.0,0,0,1,0,1,1,0,0,0,0,0
0,72,116,8352,3,29.0,0,0,1,1,1,1,0,0,0,1,0
0,64,99,6336,3,24.75,1,1,1,1,1,0,0,0,0,1,0
0,72,84,6048,3,21.0,0,1,1,1,1,1,0,0,0,1,0
1,47,85,3995,2,28.333333333333332,1,1,1,0,1,0,0,0,1,0,0
0,6,49,294,2,16.333333333333332,0,0,1,0,0,0,1,0,0,0,1
0,48,24,1152,2,8.0,0,0,1,0,1,0,1,0,1,0,0
0,63,74,4662,2,24.666666666666668,1,1,1,0,0,0,0,0,0,1,0
0,8,75,600,2,25.0,1,0,1,0,0,0,0,0,0,0,1
0,65,104,6760,2,34.666666666666664,0,1,1,0,1,0,0,0,0,1,0
0,43,20,860,2,6.666666666666667,0,1,1,0,0,0,1,0,1,0,0
0,38,54,2052,3,13.5,0,1,1,1,1,0,0,0,1,0,0
0,1,45,45,3,11.25,0,0,1,1,0,0,1,0,0,0,1
0,2,20,40,2,6.666666666666667,1,1,1,0,1,0,0,0,0,0,0
0,4,80,320,3,20.0,1,0,1,1,0,0,1,0,0,0,1
1,69,110,7590,2,36.666666666666664,1,0,1,0,0,0,1,0,0,1,0
0,3,74,222,3,18.5,1,0,1,1,1,0,0,0,0,0,0
0,70,110,7700,3,27.5,0,1,1,1,1,0,0,0,0,1,0
0,4,49,196,3,12.25,1,1,1,1,1,0,0,0,0,0,1
0,46,103,4738,2,34.333333333333336,0,0,1,0,1,0,0,0,1,0,0
0,65,70,4550,3,17.5,1,1,1,1,1,0,0,0,0,1,0
0,19,97,1843,3,24.25,0,0,1,1,1,0,0,1,0,0,0
0,21,62,1302,2,20.666666666666668,1,0,1,0,0,0,0,1,0,0,0
0,48,79,3792,2,26.333333333333332,1,0,1,0,0,0,0,0,1,0,0
1,17,89,1513,2,29.666666666666668,0,0,1,0,0,0,1,1,0,0,1
1,64,20,1280,2,6.666666666666667,1,0,1,0,0,0,1,0,0,1,0
0,66,92,6072,2,30.666666666666668,0,0,1,0,0,0,1,0,0,1,0
0,70,78,5460,3,19.5,1,1,1,1,1,0,0,0,0,1,0
0,29,80,2320,2,26.666666666666668,1,1,1,0,0,0,1,0,1,0,0
0,1,63,63,3,15.75,1,0,1,1,1,0,0,0,0,0,0
0,47,20,940,2,6.666666666666667,0,0,1,0,0,0,1,0,1,0,0
0,71,21,1491,3,5.25,0,0,1,1,1,1,0,0,0,1,0
0,42,21,882,2,7.0,1,1,1,0,1,0,0,0,1,0,0
1,62,80,4960,2,26.666666666666668,0,0,1,0,1,0,0,0,0,1,0
0,56,45,2520,2,15.0,0,0,0,1,1,0,0,0,0,1,0
0,70,116,8120,3,29.0,0,0,1,1,1,0,0,0,0,1,1
0,43,24,1032,2,8.0,1,1,1,0,0,0,0,0,1,0,0
1,44,88,3872,2,29.333333333333332,1,0,1,0,0,0,0,0,1,0,1
0,27,46,1242,1,23.0,1,1,0,0,0,1,0,0,1,0,0
0,31,103,3193,3,25.75,1,0,1,1,1,0,0,0,1,0,1
0,13,20,260,2,6.666666666666667,1,0,1,0,1,0,0,1,0,0,0
0,26,91,2366,2,30.333333333333332,0,1,1,0,0,0,0,0,1,0,1
0,59,18,1062,3,4.5,0,0,1,1,1,0,0,0,0,1,0
0,51,95,4845,2,31.666666666666668,1,0,1,0,0,0,0,0,0,1,1
0,48,107,5136,3,26.75,0,0,1,1,1,0,0,0,1,0,1
0,70,81,5670,3,20.25,0,1,1,1,0,0,1,0,0,1,0
0,16,20,320,3,5.0,0,0,1,1,1,0,1,1,0,0,0
1,67,103,6901,2,34.333333333333336,1,0,1,0,0,0,0,0,0,1,0
0,28,30,840,2,10.0,1,0,0,1,1,0,0,0,1,0,0
0,4,66,264,2,22.0,1,0,1,0,0,0,0,0,0,0,0
0,72,19,1368,2,6.333333333333333,1,0,1,0,0,1,0,0,0,1,0
0,25,38,950,2,12.666666666666666,1,0,0,1,0,0,1,0,1,0,0
0,48,97,4656,2,32.333333333333336,1,0,1,0,1,0,0,0,1,0,0
0,72,106,7632,3,26.5,1,0,1,1,1,0,0,0,0,1,0
0,2,86,172,3,21.5,0,0,1,1,1,0,1,0,0,0,1
0,56,86,4816,3,21.5,1,0,1,1,1,0,0,0,0,1,0
0,9,45,405,3,11.25,1,0,1,1,1,0,0,0,0,0,1
0,37,80,2960,3,20.0,0,0,1,1,0,1,0,0,1,0,0
0,51,56,2856,1,28.0,0,0,0,0,0,0,0,0,0,1,0
0,70,25,1750,2,8.333333333333334,1,1,1,0,0,0,1,0,0,1,0
0,38,104,3952,3,26.0,0,0,1,1,1,0,0,0,1,0,0
0,23,91,2093,2,30.333333333333332,1,0,1,0,0,0,1,1,0,0,1
0,44,20,880,2,6.666666666666667,1,1,1,0,1,0,0,0,1,0,0
0,5,20,100,2,6.666666666666667,1,1,1,0,0,1,0,0,0,0,0
1,67,105,7035,3,26.25,0,0,1,1,1,0,0,0,0,1,0
0,72,21,1512,3,5.25,0,1,1,1,1,0,0,0,0,1,0
0,7,94,658,2,31.333333333333332,0,0,1,0,1,1,0,0,0,0,0
0,54,80,4320,3,20.0,1,1,1,1,0,0,1,0,0,1,0
0,41,81,3321,2,27.0,0,0,1,0,0,0,0,0,1,0,0
0,1,70,70,2,23.333333333333332,1,0,1,0,1,1,0,0,0,0,1
0,59,100,5900,2,33.333333333333336,1,1,1,0,1,0,0,0,0,1,0
0,50,110,5500,2,36.666666666666664,0,0,1,0,1,0,0,0,0,1,1
0,3,95,285,2,31.666666666666668,0,0,1,0,1,0,0,0,0,0,1
1,71,99,7029,3,24.75,0,0,1,1,0,0,1,0,0,1,0
0,57,21,1197,2,7.0,1,0,1,0,0,0,0,0,0,1,0
1,15,80,1200,3,20.0,1,0,1,1,1,1,0,1,0,0,1
0,72,55,3960,1,27.5,1,1,0,0,1,0,0,0,0,1,0
1,42,74,3108,2,24.666666666666668,0,0,1,0,0,0,0,0,1,0,1
0,72,98,7056,3,24.5,0,0,1,1,1,0,0,0,0,1,0
0,18,25,450,3,6.25,0,1,1,1,1,0,0,1,0,0,0
0,70,65,4550,3,16.25,0,1,1,1,0,0,1,0,0,1,0
0,26,84,2184,2,28.0,1,1,1,0,1,0,0,0,1,0,1
1,64,26,1664,2,8.666666666666666,1,0,1,0,1,0,0,0,0,1,0
1,8,80,640,2,26.666666666666668,1,1,1,0,0,1,0,0,0,0,1
0,68,113,7684,2,37.666666666666664,1,1,1,0,0,0,0,0,0,1,1
1,22,90,1980,2,30.0,1,0,1,0,1,1,0,1,0,0,0
0,72,85,6120,2,28.333333333333332,0,1,1,0,0,0,0,0,0,1,0
0,23,20,460,3,5.0,0,1,1,1,1,0,0,1,0,0,0
0,24,29,696,1,14.5,1,0,0,0,0,0,1,1,0,0,0
0,16,94,1504,2,31.333333333333332,1,0,1,0,0,0,0,1,0,0,1
0,63,108,6804,2,36.0,0,0,1,0,0,0,0,0,0,1,0
0,72,107,7704,2,35.666666666666664,0,1,1,0,1,1,0,0,0,1,0
0,6,85,510,2,28.333333333333332,1,0,1,0,0,0,0,0,0,0,1
0,62,94,5828,2,31.333333333333332,0,0,1,0,1,1,0,0,0,1,0
0,9,19,171,3,4.75,0,0,1,1,0,1,0,0,0,0,0
0,71,25,1775,3,6.25,0,0,1,1,0,1,0,0,0,1,0
0,18,56,1008,3,14.0,1,0,1,1,0,1,0,1,0,0,0
1,9,74,666,2,24.666666666666668,1,0,1,0,0,0,0,0,0,0,0
1,48,117,5616,2,39.0,0,0,1,0,0,0,0,0,1,0,1
0,27,102,2754,2,34.0,0,0,1,0,1,0,0,0,1,0,0
0,70,104,7280,2,34.666666666666664,0,0,1,0,0,0,0,0,0,1,0
0,17,20,340,2,6.666666666666667,0,0,1,0,0,0,0,1,0,0,0
0,41,56,2296,3,14.0,1,0,1,1,1,0,1,0,1,0,0
1,7,48,336,2,16.0,0,0,1,0,0,0,1,0,0,0,0
0,26,80,2080,3,20.0,1,0,1,1,1,0,0,0,1,0,1
0,10,52,520,3,13.0,1,0,1,1,1,1,0,0,0,0,0
0,57,53,3021,2,17.666666666666668,1,0,0,1,1,0,0,0,0,1,0
0,35,61,2135,3,15.25,1,0,1,1,1,0,1,0,1,0,0
0,28,81,2268,2,27.0,0,0,1,0,0,0,1,0,1,0,0
1,72,110,7920,3,27.5,1,0,1,1,1,0,1,0,0,1,0
1,27,85,2295,2,28.333333333333332,1,0,1,0,1,1,0,0,1,0,0
0,67,21,1407,3,5.25,1,1,1,1,1,0,0,0,0,1,0
0,11,20,220,2,6.666666666666667,1,0,1,0,0,0,1,0,0,0,0
0,69,105,7245,3,26.25,1,0,1,1,1,0,0,0,0,1,1
0,52,98,5096,2,32.666666666666664,0,1,1,0,1,0,0,0,0,1,0
0,52,81,4212,3,20.25,1,0,1,1,0,1,0,0,0,1,0
0,12,20,240,2,6.666666666666667,0,0,1,0,0,1,0,0,0,0,0
0,1,44,44,2,14.666666666666666,0,1,1,0,1,0,0,0,0,0,1
0,15,19,285,3,4.75,1,1,1,1,0,0,0,1,0,0,0
0,9,94,846,2,31.333333333333332,0,0,1,0,0,1,0,0,0,0,1
0,18,89,1602,2,29.666666666666668,0,0,1,0,0,0,0,1,0,0,0
0,66,25,1650,3,6.25,0,0,1,1,1,0,0,0,0,1,0
0,46,57,2622,2,19.0,1,1,1,0,1,1,0,0,1,0,0
0,2,74,148,2,24.666666666666668,0,0,1,0,0,0,0,0,0,0,1
0,17,87,1479,2,29.0,1,0,1,0,1,0,0,1,0,0,0
0,47,40,1880,2,13.333333333333334,1,1,0,1,1,0,1,0,1,0,0
1,63,108,6804,3,27.0,1,0,1,1,1,0,1,0,0,1,0
0,70,66,4620,2,22.0,0,1,1,0,0,0,0,0,0,1,0
0,58,24,1392,2,8.0,0,1,1,0,1,1,0,0,0,1,0
0,60,65,3900,2,21.666666666666668,0,0,1,0,0,0,1,0,0,1,0
0,68,88,5984,2,29.333333333333332,0,0,1,0,0,1,0,0,0,1,0
0,48,61,2928,2,20.333333333333332,0,0,1,0,0,0,1,0,1,0,0
0,35,107,3745,2,35.666666666666664,0,1,1,0,0,0,0,0,1,0,0
0,71,80,5680,2,26.666666666666668,1,0,1,0,0,0,0,0,0,1,0
0,55,57,3135,3,14.25,0,0,1,1,1,0,1,0,0,1,0
0,42,100,4200,2,33.333333333333336,1,0,1,0,0,0,0,0,1,0,0
0,56,97,5432,3,24.25,1,1,1,1,1,1,0,0,0,1,0
0,40,62,2480,1,31.0,1,0,0,0,1,1,0,0,1,0,0
1,72,85,6120,2,28.333333333333332,1,0,1,0,0,1,0,0,0,1,0
0,32,91,2912,2,30.333333333333332,0,1,1,0,0,0,0,0,1,0,1
0,35,85,2975,2,28.333333333333332,0,0,1,0,0,0,1,0,1,0,1
0,58,102,5916,3,25.5,0,0,1,1,1,0,0,0,0,1,1
0,45,74,3330,3,18.5,0,0,1,1,1,0,0,0,1,0,0
0,20,82,1640,2,27.333333333333332,0,0,1,0,0,0,0,1,0,0,1
0,3,70,210,2,23.333333333333332,1,0,1,0,0,0,0,0,0,0,0
0,68,89,6052,3,22.25,0,1,1,1,0,0,1,0,0,1,0
0,9,75,675,2,25.0,0,0,1,0,1,0,0,0,0,0,1
1,36,75,2700,2,25.0,0,0,1,0,0,0,1,0,1,0,0
0,37,40,1480,1,20.0,0,0,0,0,1,1,0,0,1,0,0
1,1,71,71,3,17.75,1,0,1,1,1,0,0,0,0,0,1
0,72,104,7488,3,26.0,1,1,1,1,1,0,0,0,0,1,0
0,1,80,80,2,26.666666666666668,0,0,1,0,1,0,0,0,0,0,1
0,55,56,3080,3,14.0,0,1,1,1,1,0,0,0,0,1,0
0,28,54,1512,2,18.0,1,0,1,0,0,1,0,0,1,0,0
0,52,59,3068,2,19.666666666666668,0,0,0,1,1,0,0,0,0,1,0
1,1,44,44,2,14.666666666666666,1,0,1,0,0,1,0,0,0,0,0
0,42,80,3360,3,20.0,1,0,1,1,1,0,0,0,1,0,0
0,49,95,4655,3,23.75,0,1,1,1,1,0,0,0,0,1,0
0,26,96,2496,2,32.0,0,0,1,0,0,0,0,0,1,0,0
0,35,20,700,3,5.0,0,1,1,1,1,0,0,0,1,0,0
1,1,45,45,3,11.25,1,0,1,1,1,0,0,0,0,0,0
1,52,108,5616,3,27.0,0,0,1,1,1,1,0,0,0,1,0
0,72,111,7992,2,37.0,0,0,1,0,1,1,0,0,0,1,0
0,45,85,3825,3,21.25,1,0,1,1,1,1,0,0,1,0,0
0,41,105,4305,3,26.25,1,0,1,1,0,0,1,0,1,0,1
0,54,87,4698,2,29.0,1,0,1,0,0,0,1,0,0,1,0
1,22,40,880,1,20.0,1,1,0,0,0,0,0,1,0,0,1
0,72,92,6624,3,23.0,0,0,1,1,0,0,1,0,0,1,0
0,14,80,1120,2,26.666666666666668,0,1,1,0,0,0,0,1,0,0,0
0,63,19,1197,2,6.333333333333333,1,0,1,0,0,0,0,0,0,1,0
0,7,19,133,2,6.333333333333333,1,0,1,0,0,0,0,0,0,0,0
0,72,109,7848,2,36.333333333333336,1,0,1,0,0,0,1,0,0,1,0
0,7,49,343,2,16.333333333333332,1,1,1,0,1,0,0,0,0,0,1
0,16,75,1200,2,25.0,1,0,1,0,0,1,0,1,0,0,0
0,14,60,840,3,15.0,0,1,1,1,1,0,0,1,0,0,0
0,1,71,71,3,17.75,0,0,1,1,1,1,0,0,0,0,1
0,60,44,2640,2,14.666666666666666,0,0,0,1,0,0,0,0,0,1,0
1,1,71,71,3,17.75,0,1,1,1,0,1,0,0,0,0,1
1,45,75,3375,2,25.0,1,0,1,0,1,0,0,0,1,0,0
0,72,109,7848,3,27.25,0,0,1,1,1,1,0,0,0,1,1
0,6,19,114,3,4.75,1,1,1,1,1,0,0,0,0,0,0
0,1,55,55,3,13.75,1,0,1,1,0,1,0,0,0,0,0
0,19,56,1064,3,14.0,0,0,1,1,0,0,1,1,0,0,0
0,24,64,1536,2,21.333333333333332,0,1,1,0,0,1,0,1,0,0,0
0,64,76,4864,2,25.333333333333332,1,0,1,0,1,0,0,0,0,1,0
0,17,91,1547,2,30.333333333333332,1,0,1,0,1,0,0,1,0,0,0
0,8,44,352,2,14.666666666666666,0,0,1,0,0,0,0,0,0,0,0
1,24,20,480,2,6.666666666666667,0,0,1,0,0,1,0,1,0,0,0
0,40,57,2280,3,14.25,0,0,1,1,1,0,1,0,1,0,0
0,36,25,900,2,8.333333333333334,1,1,1,0,0,0,0,0,1,0,0
0,71,108,7668,3,27.0,1,0,1,1,1,0,0,0,0,1,1
0,3,77,231,3,19.25,1,0,1,1,1,0,0,0,0,0,0
0,38,20,760,2,6.666666666666667,0,0,1,0,0,0,1,0,1,0,0
0,0,26,0,3,6.5,1,1,1,1,1,0,0,0,0,0,0
0,1,75,75,3,18.75,0,1,1,1,1,0,0,0,0,0,1
0,25,71,1775,3,17.75,1,0,1,1,1,0,0,0,1,0,1
0,69,20,1380,2,6.666666666666667,1,1,1,0,0,0,0,0,0,1,0
1,36,92,3312,3,23.0,0,0,1,1,0,0,1,0,1,0,0
0,63,100,6300,3,25.0,1,0,1,1,1,0,0,0,0,1,0
0,12,96,1152,3,24.0,1,0,1,1,1,0,0,0,0,0,1
0,19,20,380,2,6.666666666666667,1,1,1,0,1,0,0,1,0,0,0
0,18,88,1584,2,29.333333333333332,1,1,1,0,0,0,0,1,0,0,0
0,32,79,2528,2,26.333333333333332,1,0,1,0,0,0,1,0,1,0,0
0,56,105,5880,2,35.0,1,0,1,0,1,0,0,0,0,1,0
0,6,20,120,2,6.666666666666667,0,0,1,0,0,0,1,0,0,0,1
0,9,51,459,1,25.5,1,0,0,0,0,0,0,0,0,0,0
0,32,36,1152,1,18.0,1,1,0,0,0,1,0,0,1,0,0
1,58,100,5800,3,25.0,0,0,1,1,1,1,0,0,0,1,0
0,8,59,472,3,14.75,1,0,1,1,1,0,0,0,0,0,0
0,17,65,1105,3,16.25,1,0,1,1,1,0,0,1,0,0,0
1,27,71,1917,3,17.75,1,0,1,1,1,0,0,0,1,0,0
0,13,86,1118,2,28.666666666666668,0,0,1,0,0,0,0,1,0,0,0
0,49,50,2450,1,25.0,1,0,0,0,0,0,0,0,0,1,0
0,21,21,441,2,7.0,0,0,1,0,0,0,1,1,0,0,0
0,36,35,1260,1,17.5,1,0,0,0,0,0,0,0,1,0,0
1,1,76,76,2,25.333333333333332,0,0,1,0,0,0,0,0,0,0,1
0,42,20,840,3,5.0,0,1,1,1,0,1,0,0,1,0,0
0,16,80,1280,3,20.0,0,1,1,1,1,0,0,1,0,0,0
0,49,108,5292,2,36.0,0,1,1,0,1,0,0,0,0,1,1
1,64,102,6528,3,25.5,1,0,1,1,1,0,0,0,0,1,0
0,2,45,90,2,15.0,0,0,1,0,1,0,0,0,0,0,0
0,72,89,6408,2,29.666666666666668,1,1,1,0,0,1,0,0,0,1,0
0,1,25,25,1,12.5,0,0,0,0,0,0,1,0,0,0,1
0,1,95,95,3,23.75,1,0,1,1,0,1,0,0,0,0,1
0,23,91,2093,3,22.75,0,1,1,1,1,1,0,1,0,0,0
0,12,21,252,2,7.0,1,1,1,0,0,0,0,0,0,0,0
1,12,99,1188,3,24.75,1,0,1,1,1,0,0,0,0,0,1
0,26,20,520,2,6.666666666666667,1,0,1,0,1,0,1,0,1,0,0
